image_id;file_name;theme;location;motif_1;motif_2;season;contains_people;quality_score;cultural_value;notes;prompt_tr;prompt_en;tr_length;en_length;tr_word_count;en_word_count
CHRD_REAL_0001;CHRD_REAL_0001.jpeg;Rock-cut Heritage;Ürgüp;Cave House;Stone House;Summer;No;;High;;Kapadokya'da geçen son derece gerçekçi bir belgesel fotoğrafı oluştur. Tema: Kapadokya'nın tarihi kaya oyma mirası, UNESCO Dünya Mirası, volkanik tüf kayalara oyulmuş tarihi yapılar, antik kaya yerleşimleri, geleneksel Anadolu mimarisi, otantik tarihi doku, korunmuş kültürel miras Konum: Ürgüp, tarihi taş evler, geleneksel Kapadokya yerleşimi, dar taş sokaklar, otantik Anadolu mimarisi Ana kültürel motifler: volkanik kayalara oyulmuş geleneksel kaya evleri, Kapadokya mağara yerleşimleri, otantik kaya konutları geleneksel taş evler, Anadolu taş mimarisi, tarihi taş yapılar Mevsim: parlak yaz sabahı Sahne tamamen Kapadokya'nın gerçek kültürel kimliğini yansıtmalıdır. Ön planda ana kültürel motifler açık şekilde görünmelidir. Orta planda tarihi çevre doğal şekilde devam etmelidir. Arka planda Kapadokya'nın gerçek topoğrafyası yer almalıdır. Ön planda ana kültürel motifler açık şekilde görünmelidir. Orta planda Kapadokya'nın doğal ve tarihi çevresi yer almalıdır. Arka planda bölgenin gerçek topoğrafyası korunmalıdır. Kompozisyon doğal perspektife sahip olmalıdır. Fotoğraf gerçek bir insan tarafından çekilmiş hissi vermelidir. gerçek belgesel fotoğrafı, National Geographic tarzı, fotoğraf gerçekçiliği, yüksek dinamik aralık, gerçekçi ışık, gerçekçi gölgeler, 35mm DSLR, RAW fotoğraf, yüksek çözünürlük, keskin odak, yüksek ayrıntı, gerçek malzeme dokuları, doğal renkler belgesel fotoğrafçılığı, National Geographic kalitesi, ultra gerçekçi, profesyonel DSLR fotoğrafı, 35mm lens, RAW fotoğraf, yüksek dinamik aralık, doğal renkler, gerçekçi ışıklandırma, keskin odak, yüksek ayrıntı, gerçekçi malzeme dokuları, doğal gölgeler, fotoğraf gerçekçiliği, yüksek çözünürlük Kesinlikle fantastik öğe bulunmamalıdır. Modern mimari kullanılmamalıdır. Yapay görünen nesneler bulunmamalıdır. Fotoğraf gerçek bir belgesel fotoğrafçısı tarafından çekilmiş hissi vermelidir.;Create an ultra realistic documentary style photograph captured in Cappadocia. Theme: Kapadokya'nın tarihi kaya oyma mirası, UNESCO Dünya Mirası, volkanik tüf kayalara oyulmuş tarihi yapılar, antik kaya yerleşimleri, geleneksel Anadolu mimarisi, otantik tarihi doku, korunmuş kültürel miras Location: Ürgüp, tarihi taş evler, geleneksel Kapadokya yerleşimi, dar taş sokaklar, otantik Anadolu mimarisi Main cultural elements: volkanik kayalara oyulmuş geleneksel kaya evleri, Kapadokya mağara yerleşimleri, otantik kaya konutları geleneksel taş evler, Anadolu taş mimarisi, tarihi taş yapılar Season: parlak yaz sabahı The scene must faithfully represent the authentic cultural identity of Cappadocia. The foreground should clearly emphasize the main cultural elements. The middle ground should naturally continue with the historical environment. The background should preserve the real geography of Cappadocia. Ön planda ana kültürel motifler açık şekilde görünmelidir. Orta planda Kapadokya'nın doğal ve tarihi çevresi yer almalıdır. Arka planda bölgenin gerçek topoğrafyası korunmalıdır. Kompozisyon doğal perspektife sahip olmalıdır. Fotoğraf gerçek bir insan tarafından çekilmiş hissi vermelidir. gerçek belgesel fotoğrafı, National Geographic tarzı, fotoğraf gerçekçiliği, yüksek dinamik aralık, gerçekçi ışık, gerçekçi gölgeler, 35mm DSLR, RAW fotoğraf, yüksek çözünürlük, keskin odak, yüksek ayrıntı, gerçek malzeme dokuları, doğal renkler belgesel fotoğrafçılığı, National Geographic kalitesi, ultra gerçekçi, profesyonel DSLR fotoğrafı, 35mm lens, RAW fotoğraf, yüksek dinamik aralık, doğal renkler, gerçekçi ışıklandırma, keskin odak, yüksek ayrıntı, gerçekçi malzeme dokuları, doğal gölgeler, fotoğraf gerçekçiliği, yüksek çözünürlük No fantasy elements. No futuristic buildings. No modern architecture. No artificial looking objects. The final image should resemble a professional National Geographic documentary photograph.;228;242;228;242
CHRD_REAL_0004;CHRD_REAL_0004.jpeg;Village Square;Ürgüp;Street;Local People;Summer;No;;Medium;;Kapadokya'da geçen son derece gerçekçi bir belgesel fotoğrafı oluştur. Tema: Kapadokya köy meydanı, tarihi taş sokaklar, yerel mahalle yaşamı, geleneksel Anadolu yerleşimi, otantik köy atmosferi, kültürel yaşam alanı Konum: Ürgüp, tarihi taş evler, geleneksel Kapadokya yerleşimi, dar taş sokaklar, otantik Anadolu mimarisi Ana kültürel motifler: tarihi taş sokak, otantik Kapadokya yolu, geleneksel mahalle yolu yerel Anadolu insanları, geleneksel yaşam, otantik topluluk yaşamı Mevsim: parlak yaz sabahı Sahne tamamen Kapadokya'nın gerçek kültürel kimliğini yansıtmalıdır. Ön planda ana kültürel motifler açık şekilde görünmelidir. Orta planda tarihi çevre doğal şekilde devam etmelidir. Arka planda Kapadokya'nın gerçek topoğrafyası yer almalıdır. Ön planda ana kültürel motifler açık şekilde görünmelidir. Orta planda Kapadokya'nın doğal ve tarihi çevresi yer almalıdır. Arka planda bölgenin gerçek topoğrafyası korunmalıdır. Kompozisyon doğal perspektife sahip olmalıdır. Fotoğraf gerçek bir insan tarafından çekilmiş hissi vermelidir. gerçek belgesel fotoğrafı, National Geographic tarzı, fotoğraf gerçekçiliği, yüksek dinamik aralık, gerçekçi ışık, gerçekçi gölgeler, 35mm DSLR, RAW fotoğraf, yüksek çözünürlük, keskin odak, yüksek ayrıntı, gerçek malzeme dokuları, doğal renkler belgesel fotoğrafçılığı, National Geographic kalitesi, ultra gerçekçi, profesyonel DSLR fotoğrafı, 35mm lens, RAW fotoğraf, yüksek dinamik aralık, doğal renkler, gerçekçi ışıklandırma, keskin odak, yüksek ayrıntı, gerçekçi malzeme dokuları, doğal gölgeler, fotoğraf gerçekçiliği, yüksek çözünürlük Kesinlikle fantastik öğe bulunmamalıdır. Modern mimari kullanılmamalıdır. Yapay görünen nesneler bulunmamalıdır. Fotoğraf gerçek bir belgesel fotoğrafçısı tarafından çekilmiş hissi vermelidir.;Create an ultra realistic documentary style photograph captured in Cappadocia. Theme: Kapadokya köy meydanı, tarihi taş sokaklar, yerel mahalle yaşamı, geleneksel Anadolu yerleşimi, otantik köy atmosferi, kültürel yaşam alanı Location: Ürgüp, tarihi taş evler, geleneksel Kapadokya yerleşimi, dar taş sokaklar, otantik Anadolu mimarisi Main cultural elements: tarihi taş sokak, otantik Kapadokya yolu, geleneksel mahalle yolu yerel Anadolu insanları, geleneksel yaşam, otantik topluluk yaşamı Season: parlak yaz sabahı The scene must faithfully represent the authentic cultural identity of Cappadocia. The foreground should clearly emphasize the main cultural elements. The middle ground should naturally continue with the historical environment. The background should preserve the real geography of Cappadocia. Ön planda ana kültürel motifler açık şekilde görünmelidir. Orta planda Kapadokya'nın doğal ve tarihi çevresi yer almalıdır. Arka planda bölgenin gerçek topoğrafyası korunmalıdır. Kompozisyon doğal perspektife sahip olmalıdır. Fotoğraf gerçek bir insan tarafından çekilmiş hissi vermelidir. gerçek belgesel fotoğrafı, National Geographic tarzı, fotoğraf gerçekçiliği, yüksek dinamik aralık, gerçekçi ışık, gerçekçi gölgeler, 35mm DSLR, RAW fotoğraf, yüksek çözünürlük, keskin odak, yüksek ayrıntı, gerçek malzeme dokuları, doğal renkler belgesel fotoğrafçılığı, National Geographic kalitesi, ultra gerçekçi, profesyonel DSLR fotoğrafı, 35mm lens, RAW fotoğraf, yüksek dinamik aralık, doğal renkler, gerçekçi ışıklandırma, keskin odak, yüksek ayrıntı, gerçekçi malzeme dokuları, doğal gölgeler, fotoğraf gerçekçiliği, yüksek çözünürlük No fantasy elements. No futuristic buildings. No modern architecture. No artificial looking objects. The final image should resemble a professional National Geographic documentary photograph.;216;230;216;230
CHRD_REAL_0005;CHRD_REAL_0005.jpeg;Fairy Chimney;Unknown;Rock Formation;Balloon;Summer;No;;High;;Kapadokya'da geçen son derece gerçekçi bir belgesel fotoğrafı oluştur. Tema: Fairy Chimney Konum: Kapadokya Ana kültürel motifler: volkanik kaya oluşumları, doğal kaya yapıları, Kapadokya jeolojisi renkli sıcak hava balonları, Göreme semalarında doğal şekilde süzülen balonlar, gerçekçi balon uçuşu, Kapadokya sabah manzarası Mevsim: parlak yaz sabahı Sahne tamamen Kapadokya'nın gerçek kültürel kimliğini yansıtmalıdır. Ön planda ana kültürel motifler açık şekilde görünmelidir. Orta planda tarihi çevre doğal şekilde devam etmelidir. Arka planda Kapadokya'nın gerçek topoğrafyası yer almalıdır. Ön planda ana kültürel motifler açık şekilde görünmelidir. Orta planda Kapadokya'nın doğal ve tarihi çevresi yer almalıdır. Arka planda bölgenin gerçek topoğrafyası korunmalıdır. Kompozisyon doğal perspektife sahip olmalıdır. Fotoğraf gerçek bir insan tarafından çekilmiş hissi vermelidir. gerçek belgesel fotoğrafı, National Geographic tarzı, fotoğraf gerçekçiliği, yüksek dinamik aralık, gerçekçi ışık, gerçekçi gölgeler, 35mm DSLR, RAW fotoğraf, yüksek çözünürlük, keskin odak, yüksek ayrıntı, gerçek malzeme dokuları, doğal renkler belgesel fotoğrafçılığı, National Geographic kalitesi, ultra gerçekçi, profesyonel DSLR fotoğrafı, 35mm lens, RAW fotoğraf, yüksek dinamik aralık, doğal renkler, gerçekçi ışıklandırma, keskin odak, yüksek ayrıntı, gerçekçi malzeme dokuları, doğal gölgeler, fotoğraf gerçekçiliği, yüksek çözünürlük Kesinlikle fantastik öğe bulunmamalıdır. Modern mimari kullanılmamalıdır. Yapay görünen nesneler bulunmamalıdır. Fotoğraf gerçek bir belgesel fotoğrafçısı tarafından çekilmiş hissi vermelidir.;Create an ultra realistic documentary style photograph captured in Cappadocia. Theme: Fairy Chimney Location: Kapadokya Main cultural elements: volkanik kaya oluşumları, doğal kaya yapıları, Kapadokya jeolojisi renkli sıcak hava balonları, Göreme semalarında doğal şekilde süzülen balonlar, gerçekçi balon uçuşu, Kapadokya sabah manzarası Season: parlak yaz sabahı The scene must faithfully represent the authentic cultural identity of Cappadocia. The foreground should clearly emphasize the main cultural elements. The middle ground should naturally continue with the historical environment. The background should preserve the real geography of Cappadocia. Ön planda ana kültürel motifler açık şekilde görünmelidir. Orta planda Kapadokya'nın doğal ve tarihi çevresi yer almalıdır. Arka planda bölgenin gerçek topoğrafyası korunmalıdır. Kompozisyon doğal perspektife sahip olmalıdır. Fotoğraf gerçek bir insan tarafından çekilmiş hissi vermelidir. gerçek belgesel fotoğrafı, National Geographic tarzı, fotoğraf gerçekçiliği, yüksek dinamik aralık, gerçekçi ışık, gerçekçi gölgeler, 35mm DSLR, RAW fotoğraf, yüksek çözünürlük, keskin odak, yüksek ayrıntı, gerçek malzeme dokuları, doğal renkler belgesel fotoğrafçılığı, National Geographic kalitesi, ultra gerçekçi, profesyonel DSLR fotoğrafı, 35mm lens, RAW fotoğraf, yüksek dinamik aralık, doğal renkler, gerçekçi ışıklandırma, keskin odak, yüksek ayrıntı, gerçekçi malzeme dokuları, doğal gölgeler, fotoğraf gerçekçiliği, yüksek çözünürlük No fantasy elements. No futuristic buildings. No modern architecture. No artificial looking objects. The final image should resemble a professional National Geographic documentary photograph.;195;209;195;209
CHRD_REAL_0006;CHRD_REAL_0006.jpeg;Local Architecture;Unknown;Church;Monastery;Summer;No;;Low;;Kapadokya'da geçen son derece gerçekçi bir belgesel fotoğrafı oluştur. Tema: Kapadokya taş mimarisi, geleneksel kaya evleri, taş yapılar, Anadolu mimarisi, korunmuş tarihi yapılar, otantik kültürel mimari Konum: Kapadokya Ana kültürel motifler: tarihi kaya kilisesi, Bizans dönemi kaya kilisesi, otantik dini mimari antik kaya manastırı, tarihi dini yapı, Kapadokya manastırı Mevsim: parlak yaz sabahı Sahne tamamen Kapadokya'nın gerçek kültürel kimliğini yansıtmalıdır. Ön planda ana kültürel motifler açık şekilde görünmelidir. Orta planda tarihi çevre doğal şekilde devam etmelidir. Arka planda Kapadokya'nın gerçek topoğrafyası yer almalıdır. Ön planda ana kültürel motifler açık şekilde görünmelidir. Orta planda Kapadokya'nın doğal ve tarihi çevresi yer almalıdır. Arka planda bölgenin gerçek topoğrafyası korunmalıdır. Kompozisyon doğal perspektife sahip olmalıdır. Fotoğraf gerçek bir insan tarafından çekilmiş hissi vermelidir. gerçek belgesel fotoğrafı, National Geographic tarzı, fotoğraf gerçekçiliği, yüksek dinamik aralık, gerçekçi ışık, gerçekçi gölgeler, 35mm DSLR, RAW fotoğraf, yüksek çözünürlük, keskin odak, yüksek ayrıntı, gerçek malzeme dokuları, doğal renkler belgesel fotoğrafçılığı, National Geographic kalitesi, ultra gerçekçi, profesyonel DSLR fotoğrafı, 35mm lens, RAW fotoğraf, yüksek dinamik aralık, doğal renkler, gerçekçi ışıklandırma, keskin odak, yüksek ayrıntı, gerçekçi malzeme dokuları, doğal gölgeler, fotoğraf gerçekçiliği, yüksek çözünürlük Kesinlikle fantastik öğe bulunmamalıdır. Modern mimari kullanılmamalıdır. Yapay görünen nesneler bulunmamalıdır. Fotoğraf gerçek bir belgesel fotoğrafçısı tarafından çekilmiş hissi vermelidir.;Create an ultra realistic documentary style photograph captured in Cappadocia. Theme: Kapadokya taş mimarisi, geleneksel kaya evleri, taş yapılar, Anadolu mimarisi, korunmuş tarihi yapılar, otantik kültürel mimari Location: Kapadokya Main cultural elements: tarihi kaya kilisesi, Bizans dönemi kaya kilisesi, otantik dini mimari antik kaya manastırı, tarihi dini yapı, Kapadokya manastırı Season: parlak yaz sabahı The scene must faithfully represent the authentic cultural identity of Cappadocia. The foreground should clearly emphasize the main cultural elements. The middle ground should naturally continue with the historical environment. The background should preserve the real geography of Cappadocia. Ön planda ana kültürel motifler açık şekilde görünmelidir. Orta planda Kapadokya'nın doğal ve tarihi çevresi yer almalıdır. Arka planda bölgenin gerçek topoğrafyası korunmalıdır. Kompozisyon doğal perspektife sahip olmalıdır. Fotoğraf gerçek bir insan tarafından çekilmiş hissi vermelidir. gerçek belgesel fotoğrafı, National Geographic tarzı, fotoğraf gerçekçiliği, yüksek dinamik aralık, gerçekçi ışık, gerçekçi gölgeler, 35mm DSLR, RAW fotoğraf, yüksek çözünürlük, keskin odak, yüksek ayrıntı, gerçek malzeme dokuları, doğal renkler belgesel fotoğrafçılığı, National Geographic kalitesi, ultra gerçekçi, profesyonel DSLR fotoğrafı, 35mm lens, RAW fotoğraf, yüksek dinamik aralık, doğal renkler, gerçekçi ışıklandırma, keskin odak, yüksek ayrıntı, gerçekçi malzeme dokuları, doğal gölgeler, fotoğraf gerçekçiliği, yüksek çözünürlük No fantasy elements. No futuristic buildings. No modern architecture. No artificial looking objects. The final image should resemble a professional National Geographic documentary photograph.;203;217;203;217
CHRD_REAL_0007;CHRD_REAL_0007.jpeg;Daily Life;Unknown;Stone House;Street;Summer;No;;Medium;;Kapadokya'da geçen son derece gerçekçi bir belgesel fotoğrafı oluştur. Tema: Kapadokya'da yaşayan insanların doğal günlük yaşamı, yerel Anadolu kültürü, geleneksel yaşam biçimi, otantik sosyal ortam, gerçek yaşam sahnesi, yaşayan kültürel miras Konum: Kapadokya Ana kültürel motifler: geleneksel taş evler, Anadolu taş mimarisi, tarihi taş yapılar tarihi taş sokak, otantik Kapadokya yolu, geleneksel mahalle yolu Mevsim: parlak yaz sabahı Sahne tamamen Kapadokya'nın gerçek kültürel kimliğini yansıtmalıdır. Ön planda ana kültürel motifler açık şekilde görünmelidir. Orta planda tarihi çevre doğal şekilde devam etmelidir. Arka planda Kapadokya'nın gerçek topoğrafyası yer almalıdır. Ön planda ana kültürel motifler açık şekilde görünmelidir. Orta planda Kapadokya'nın doğal ve tarihi çevresi yer almalıdır. Arka planda bölgenin gerçek topoğrafyası korunmalıdır. Kompozisyon doğal perspektife sahip olmalıdır. Fotoğraf gerçek bir insan tarafından çekilmiş hissi vermelidir. gerçek belgesel fotoğrafı, National Geographic tarzı, fotoğraf gerçekçiliği, yüksek dinamik aralık, gerçekçi ışık, gerçekçi gölgeler, 35mm DSLR, RAW fotoğraf, yüksek çözünürlük, keskin odak, yüksek ayrıntı, gerçek malzeme dokuları, doğal renkler belgesel fotoğrafçılığı, National Geographic kalitesi, ultra gerçekçi, profesyonel DSLR fotoğrafı, 35mm lens, RAW fotoğraf, yüksek dinamik aralık, doğal renkler, gerçekçi ışıklandırma, keskin odak, yüksek ayrıntı, gerçekçi malzeme dokuları, doğal gölgeler, fotoğraf gerçekçiliği, yüksek çözünürlük Kesinlikle fantastik öğe bulunmamalıdır. Modern mimari kullanılmamalıdır. Yapay görünen nesneler bulunmamalıdır. Fotoğraf gerçek bir belgesel fotoğrafçısı tarafından çekilmiş hissi vermelidir.;Create an ultra realistic documentary style photograph captured in Cappadocia. Theme: Kapadokya'da yaşayan insanların doğal günlük yaşamı, yerel Anadolu kültürü, geleneksel yaşam biçimi, otantik sosyal ortam, gerçek yaşam sahnesi, yaşayan kültürel miras Location: Kapadokya Main cultural elements: geleneksel taş evler, Anadolu taş mimarisi, tarihi taş yapılar tarihi taş sokak, otantik Kapadokya yolu, geleneksel mahalle yolu Season: parlak yaz sabahı The scene must faithfully represent the authentic cultural identity of Cappadocia. The foreground should clearly emphasize the main cultural elements. The middle ground should naturally continue with the historical environment. The background should preserve the real geography of Cappadocia. Ön planda ana kültürel motifler açık şekilde görünmelidir. Orta planda Kapadokya'nın doğal ve tarihi çevresi yer almalıdır. Arka planda bölgenin gerçek topoğrafyası korunmalıdır. Kompozisyon doğal perspektife sahip olmalıdır. Fotoğraf gerçek bir insan tarafından çekilmiş hissi vermelidir. gerçek belgesel fotoğrafı, National Geographic tarzı, fotoğraf gerçekçiliği, yüksek dinamik aralık, gerçekçi ışık, gerçekçi gölgeler, 35mm DSLR, RAW fotoğraf, yüksek çözünürlük, keskin odak, yüksek ayrıntı, gerçek malzeme dokuları, doğal renkler belgesel fotoğrafçılığı, National Geographic kalitesi, ultra gerçekçi, profesyonel DSLR fotoğrafı, 35mm lens, RAW fotoğraf, yüksek dinamik aralık, doğal renkler, gerçekçi ışıklandırma, keskin odak, yüksek ayrıntı, gerçekçi malzeme dokuları, doğal gölgeler, fotoğraf gerçekçiliği, yüksek çözünürlük No fantasy elements. No futuristic buildings. No modern architecture. No artificial looking objects. The final image should resemble a professional National Geographic documentary photograph.;208;222;208;222
CHRD_REAL_0008;CHRD_REAL_0008.jpeg;Local Architecture;Unknown;Rock Formation;Stone House;Summer;No;;High;;Kapadokya'da geçen son derece gerçekçi bir belgesel fotoğrafı oluştur. Tema: Kapadokya taş mimarisi, geleneksel kaya evleri, taş yapılar, Anadolu mimarisi, korunmuş tarihi yapılar, otantik kültürel mimari Konum: Kapadokya Ana kültürel motifler: volkanik kaya oluşumları, doğal kaya yapıları, Kapadokya jeolojisi geleneksel taş evler, Anadolu taş mimarisi, tarihi taş yapılar Mevsim: parlak yaz sabahı Sahne tamamen Kapadokya'nın gerçek kültürel kimliğini yansıtmalıdır. Ön planda ana kültürel motifler açık şekilde görünmelidir. Orta planda tarihi çevre doğal şekilde devam etmelidir. Arka planda Kapadokya'nın gerçek topoğrafyası yer almalıdır. Ön planda ana kültürel motifler açık şekilde görünmelidir. Orta planda Kapadokya'nın doğal ve tarihi çevresi yer almalıdır. Arka planda bölgenin gerçek topoğrafyası korunmalıdır. Kompozisyon doğal perspektife sahip olmalıdır. Fotoğraf gerçek bir insan tarafından çekilmiş hissi vermelidir. gerçek belgesel fotoğrafı, National Geographic tarzı, fotoğraf gerçekçiliği, yüksek dinamik aralık, gerçekçi ışık, gerçekçi gölgeler, 35mm DSLR, RAW fotoğraf, yüksek çözünürlük, keskin odak, yüksek ayrıntı, gerçek malzeme dokuları, doğal renkler belgesel fotoğrafçılığı, National Geographic kalitesi, ultra gerçekçi, profesyonel DSLR fotoğrafı, 35mm lens, RAW fotoğraf, yüksek dinamik aralık, doğal renkler, gerçekçi ışıklandırma, keskin odak, yüksek ayrıntı, gerçekçi malzeme dokuları, doğal gölgeler, fotoğraf gerçekçiliği, yüksek çözünürlük Kesinlikle fantastik öğe bulunmamalıdır. Modern mimari kullanılmamalıdır. Yapay görünen nesneler bulunmamalıdır. Fotoğraf gerçek bir belgesel fotoğrafçısı tarafından çekilmiş hissi vermelidir.;Create an ultra realistic documentary style photograph captured in Cappadocia. Theme: Kapadokya taş mimarisi, geleneksel kaya evleri, taş yapılar, Anadolu mimarisi, korunmuş tarihi yapılar, otantik kültürel mimari Location: Kapadokya Main cultural elements: volkanik kaya oluşumları, doğal kaya yapıları, Kapadokya jeolojisi geleneksel taş evler, Anadolu taş mimarisi, tarihi taş yapılar Season: parlak yaz sabahı The scene must faithfully represent the authentic cultural identity of Cappadocia. The foreground should clearly emphasize the main cultural elements. The middle ground should naturally continue with the historical environment. The background should preserve the real geography of Cappadocia. Ön planda ana kültürel motifler açık şekilde görünmelidir. Orta planda Kapadokya'nın doğal ve tarihi çevresi yer almalıdır. Arka planda bölgenin gerçek topoğrafyası korunmalıdır. Kompozisyon doğal perspektife sahip olmalıdır. Fotoğraf gerçek bir insan tarafından çekilmiş hissi vermelidir. gerçek belgesel fotoğrafı, National Geographic tarzı, fotoğraf gerçekçiliği, yüksek dinamik aralık, gerçekçi ışık, gerçekçi gölgeler, 35mm DSLR, RAW fotoğraf, yüksek çözünürlük, keskin odak, yüksek ayrıntı, gerçek malzeme dokuları, doğal renkler belgesel fotoğrafçılığı, National Geographic kalitesi, ultra gerçekçi, profesyonel DSLR fotoğrafı, 35mm lens, RAW fotoğraf, yüksek dinamik aralık, doğal renkler, gerçekçi ışıklandırma, keskin odak, yüksek ayrıntı, gerçekçi malzeme dokuları, doğal gölgeler, fotoğraf gerçekçiliği, yüksek çözünürlük No fantasy elements. No futuristic buildings. No modern architecture. No artificial looking objects. The final image should resemble a professional National Geographic documentary photograph.;202;216;202;216
CHRD_REAL_0009;CHRD_REAL_0009.jpeg;Daily Life;Unknown;Stone House;Pottery;Summer;No;;High;;Kapadokya'da geçen son derece gerçekçi bir belgesel fotoğrafı oluştur. Tema: Kapadokya'da yaşayan insanların doğal günlük yaşamı, yerel Anadolu kültürü, geleneksel yaşam biçimi, otantik sosyal ortam, gerçek yaşam sahnesi, yaşayan kültürel miras Konum: Kapadokya Ana kültürel motifler: geleneksel taş evler, Anadolu taş mimarisi, tarihi taş yapılar Avanos el yapımı çömlek sanatı, kırmızı kil seramikleri, geleneksel çömlek ustalığı Mevsim: parlak yaz sabahı Sahne tamamen Kapadokya'nın gerçek kültürel kimliğini yansıtmalıdır. Ön planda ana kültürel motifler açık şekilde görünmelidir. Orta planda tarihi çevre doğal şekilde devam etmelidir. Arka planda Kapadokya'nın gerçek topoğrafyası yer almalıdır. Ön planda ana kültürel motifler açık şekilde görünmelidir. Orta planda Kapadokya'nın doğal ve tarihi çevresi yer almalıdır. Arka planda bölgenin gerçek topoğrafyası korunmalıdır. Kompozisyon doğal perspektife sahip olmalıdır. Fotoğraf gerçek bir insan tarafından çekilmiş hissi vermelidir. gerçek belgesel fotoğrafı, National Geographic tarzı, fotoğraf gerçekçiliği, yüksek dinamik aralık, gerçekçi ışık, gerçekçi gölgeler, 35mm DSLR, RAW fotoğraf, yüksek çözünürlük, keskin odak, yüksek ayrıntı, gerçek malzeme dokuları, doğal renkler belgesel fotoğrafçılığı, National Geographic kalitesi, ultra gerçekçi, profesyonel DSLR fotoğrafı, 35mm lens, RAW fotoğraf, yüksek dinamik aralık, doğal renkler, gerçekçi ışıklandırma, keskin odak, yüksek ayrıntı, gerçekçi malzeme dokuları, doğal gölgeler, fotoğraf gerçekçiliği, yüksek çözünürlük Kesinlikle fantastik öğe bulunmamalıdır. Modern mimari kullanılmamalıdır. Yapay görünen nesneler bulunmamalıdır. Fotoğraf gerçek bir belgesel fotoğrafçısı tarafından çekilmiş hissi vermelidir.;Create an ultra realistic documentary style photograph captured in Cappadocia. Theme: Kapadokya'da yaşayan insanların doğal günlük yaşamı, yerel Anadolu kültürü, geleneksel yaşam biçimi, otantik sosyal ortam, gerçek yaşam sahnesi, yaşayan kültürel miras Location: Kapadokya Main cultural elements: geleneksel taş evler, Anadolu taş mimarisi, tarihi taş yapılar Avanos el yapımı çömlek sanatı, kırmızı kil seramikleri, geleneksel çömlek ustalığı Season: parlak yaz sabahı The scene must faithfully represent the authentic cultural identity of Cappadocia. The foreground should clearly emphasize the main cultural elements. The middle ground should naturally continue with the historical environment. The background should preserve the real geography of Cappadocia. Ön planda ana kültürel motifler açık şekilde görünmelidir. Orta planda Kapadokya'nın doğal ve tarihi çevresi yer almalıdır. Arka planda bölgenin gerçek topoğrafyası korunmalıdır. Kompozisyon doğal perspektife sahip olmalıdır. Fotoğraf gerçek bir insan tarafından çekilmiş hissi vermelidir. gerçek belgesel fotoğrafı, National Geographic tarzı, fotoğraf gerçekçiliği, yüksek dinamik aralık, gerçekçi ışık, gerçekçi gölgeler, 35mm DSLR, RAW fotoğraf, yüksek çözünürlük, keskin odak, yüksek ayrıntı, gerçek malzeme dokuları, doğal renkler belgesel fotoğrafçılığı, National Geographic kalitesi, ultra gerçekçi, profesyonel DSLR fotoğrafı, 35mm lens, RAW fotoğraf, yüksek dinamik aralık, doğal renkler, gerçekçi ışıklandırma, keskin odak, yüksek ayrıntı, gerçekçi malzeme dokuları, doğal gölgeler, fotoğraf gerçekçiliği, yüksek çözünürlük No fantasy elements. No futuristic buildings. No modern architecture. No artificial looking objects. The final image should resemble a professional National Geographic documentary photograph.;210;224;210;224
CHRD_REAL_0011;CHRD_REAL_0011.jpeg;Natural Landscape;Unknown;Sunrise;Balloon;Summer;No;;High;;Kapadokya'da geçen son derece gerçekçi bir belgesel fotoğrafı oluştur. Tema: Kapadokya'nın doğal manzarası, vadiler, volkanik kaya oluşumları, peri bacaları, geniş gökyüzü, otantik doğal çevre Konum: Kapadokya Ana kültürel motifler: gün doğumu, altın saat ışıkları, doğal sabah ışığı renkli sıcak hava balonları, Göreme semalarında doğal şekilde süzülen balonlar, gerçekçi balon uçuşu, Kapadokya sabah manzarası Mevsim: parlak yaz sabahı Sahne tamamen Kapadokya'nın gerçek kültürel kimliğini yansıtmalıdır. Ön planda ana kültürel motifler açık şekilde görünmelidir. Orta planda tarihi çevre doğal şekilde devam etmelidir. Arka planda Kapadokya'nın gerçek topoğrafyası yer almalıdır. Ön planda ana kültürel motifler açık şekilde görünmelidir. Orta planda Kapadokya'nın doğal ve tarihi çevresi yer almalıdır. Arka planda bölgenin gerçek topoğrafyası korunmalıdır. Kompozisyon doğal perspektife sahip olmalıdır. Fotoğraf gerçek bir insan tarafından çekilmiş hissi vermelidir. gerçek belgesel fotoğrafı, National Geographic tarzı, fotoğraf gerçekçiliği, yüksek dinamik aralık, gerçekçi ışık, gerçekçi gölgeler, 35mm DSLR, RAW fotoğraf, yüksek çözünürlük, keskin odak, yüksek ayrıntı, gerçek malzeme dokuları, doğal renkler belgesel fotoğrafçılığı, National Geographic kalitesi, ultra gerçekçi, profesyonel DSLR fotoğrafı, 35mm lens, RAW fotoğraf, yüksek dinamik aralık, doğal renkler, gerçekçi ışıklandırma, keskin odak, yüksek ayrıntı, gerçekçi malzeme dokuları, doğal gölgeler, fotoğraf gerçekçiliği, yüksek çözünürlük Kesinlikle fantastik öğe bulunmamalıdır. Modern mimari kullanılmamalıdır. Yapay görünen nesneler bulunmamalıdır. Fotoğraf gerçek bir belgesel fotoğrafçısı tarafından çekilmiş hissi vermelidir.;Create an ultra realistic documentary style photograph captured in Cappadocia. Theme: Kapadokya'nın doğal manzarası, vadiler, volkanik kaya oluşumları, peri bacaları, geniş gökyüzü, otantik doğal çevre Location: Kapadokya Main cultural elements: gün doğumu, altın saat ışıkları, doğal sabah ışığı renkli sıcak hava balonları, Göreme semalarında doğal şekilde süzülen balonlar, gerçekçi balon uçuşu, Kapadokya sabah manzarası Season: parlak yaz sabahı The scene must faithfully represent the authentic cultural identity of Cappadocia. The foreground should clearly emphasize the main cultural elements. The middle ground should naturally continue with the historical environment. The background should preserve the real geography of Cappadocia. Ön planda ana kültürel motifler açık şekilde görünmelidir. Orta planda Kapadokya'nın doğal ve tarihi çevresi yer almalıdır. Arka planda bölgenin gerçek topoğrafyası korunmalıdır. Kompozisyon doğal perspektife sahip olmalıdır. Fotoğraf gerçek bir insan tarafından çekilmiş hissi vermelidir. gerçek belgesel fotoğrafı, National Geographic tarzı, fotoğraf gerçekçiliği, yüksek dinamik aralık, gerçekçi ışık, gerçekçi gölgeler, 35mm DSLR, RAW fotoğraf, yüksek çözünürlük, keskin odak, yüksek ayrıntı, gerçek malzeme dokuları, doğal renkler belgesel fotoğrafçılığı, National Geographic kalitesi, ultra gerçekçi, profesyonel DSLR fotoğrafı, 35mm lens, RAW fotoğraf, yüksek dinamik aralık, doğal renkler, gerçekçi ışıklandırma, keskin odak, yüksek ayrıntı, gerçekçi malzeme dokuları, doğal gölgeler, fotoğraf gerçekçiliği, yüksek çözünürlük No fantasy elements. No futuristic buildings. No modern architecture. No artificial looking objects. The final image should resemble a professional National Geographic documentary photograph.;207;221;207;221
CHRD_REAL_0014;CHRD_REAL_0014.jpeg;Daily Life;Unknown;Valley;Rock Formation;Summer;No;;High;;Kapadokya'da geçen son derece gerçekçi bir belgesel fotoğrafı oluştur. Tema: Kapadokya'da yaşayan insanların doğal günlük yaşamı, yerel Anadolu kültürü, geleneksel yaşam biçimi, otantik sosyal ortam, gerçek yaşam sahnesi, yaşayan kültürel miras Konum: Kapadokya Ana kültürel motifler: Kapadokya vadisi, geniş kaya vadisi, doğal arazi volkanik kaya oluşumları, doğal kaya yapıları, Kapadokya jeolojisi Mevsim: parlak yaz sabahı Sahne tamamen Kapadokya'nın gerçek kültürel kimliğini yansıtmalıdır. Ön planda ana kültürel motifler açık şekilde görünmelidir. Orta planda tarihi çevre doğal şekilde devam etmelidir. Arka planda Kapadokya'nın gerçek topoğrafyası yer almalıdır. Ön planda ana kültürel motifler açık şekilde görünmelidir. Orta planda Kapadokya'nın doğal ve tarihi çevresi yer almalıdır. Arka planda bölgenin gerçek topoğrafyası korunmalıdır. Kompozisyon doğal perspektife sahip olmalıdır. Fotoğraf gerçek bir insan tarafından çekilmiş hissi vermelidir. gerçek belgesel fotoğrafı, National Geographic tarzı, fotoğraf gerçekçiliği, yüksek dinamik aralık, gerçekçi ışık, gerçekçi gölgeler, 35mm DSLR, RAW fotoğraf, yüksek çözünürlük, keskin odak, yüksek ayrıntı, gerçek malzeme dokuları, doğal renkler belgesel fotoğrafçılığı, National Geographic kalitesi, ultra gerçekçi, profesyonel DSLR fotoğrafı, 35mm lens, RAW fotoğraf, yüksek dinamik aralık, doğal renkler, gerçekçi ışıklandırma, keskin odak, yüksek ayrıntı, gerçekçi malzeme dokuları, doğal gölgeler, fotoğraf gerçekçiliği, yüksek çözünürlük Kesinlikle fantastik öğe bulunmamalıdır. Modern mimari kullanılmamalıdır. Yapay görünen nesneler bulunmamalıdır. Fotoğraf gerçek bir belgesel fotoğrafçısı tarafından çekilmiş hissi vermelidir.;Create an ultra realistic documentary style photograph captured in Cappadocia. Theme: Kapadokya'da yaşayan insanların doğal günlük yaşamı, yerel Anadolu kültürü, geleneksel yaşam biçimi, otantik sosyal ortam, gerçek yaşam sahnesi, yaşayan kültürel miras Location: Kapadokya Main cultural elements: Kapadokya vadisi, geniş kaya vadisi, doğal arazi volkanik kaya oluşumları, doğal kaya yapıları, Kapadokya jeolojisi Season: parlak yaz sabahı The scene must faithfully represent the authentic cultural identity of Cappadocia. The foreground should clearly emphasize the main cultural elements. The middle ground should naturally continue with the historical environment. The background should preserve the real geography of Cappadocia. Ön planda ana kültürel motifler açık şekilde görünmelidir. Orta planda Kapadokya'nın doğal ve tarihi çevresi yer almalıdır. Arka planda bölgenin gerçek topoğrafyası korunmalıdır. Kompozisyon doğal perspektife sahip olmalıdır. Fotoğraf gerçek bir insan tarafından çekilmiş hissi vermelidir. gerçek belgesel fotoğrafı, National Geographic tarzı, fotoğraf gerçekçiliği, yüksek dinamik aralık, gerçekçi ışık, gerçekçi gölgeler, 35mm DSLR, RAW fotoğraf, yüksek çözünürlük, keskin odak, yüksek ayrıntı, gerçek malzeme dokuları, doğal renkler belgesel fotoğrafçılığı, National Geographic kalitesi, ultra gerçekçi, profesyonel DSLR fotoğrafı, 35mm lens, RAW fotoğraf, yüksek dinamik aralık, doğal renkler, gerçekçi ışıklandırma, keskin odak, yüksek ayrıntı, gerçekçi malzeme dokuları, doğal gölgeler, fotoğraf gerçekçiliği, yüksek çözünürlük No fantasy elements. No futuristic buildings. No modern architecture. No artificial looking objects. The final image should resemble a professional National Geographic documentary photograph.;205;219;205;219
CHRD_REAL_0015;CHRD_REAL_0015.jpeg;Village Square;Unknown;Rock Formation;Landscape;Unknown;No;;Low;;Kapadokya'da geçen son derece gerçekçi bir belgesel fotoğrafı oluştur. Tema: Kapadokya köy meydanı, tarihi taş sokaklar, yerel mahalle yaşamı, geleneksel Anadolu yerleşimi, otantik köy atmosferi, kültürel yaşam alanı Konum: Kapadokya Ana kültürel motifler: volkanik kaya oluşumları, doğal kaya yapıları, Kapadokya jeolojisi Kapadokya doğal manzarası, geniş açık arazi, otantik doğa görünümü Mevsim: doğal gün ışığı Sahne tamamen Kapadokya'nın gerçek kültürel kimliğini yansıtmalıdır. Ön planda ana kültürel motifler açık şekilde görünmelidir. Orta planda tarihi çevre doğal şekilde devam etmelidir. Arka planda Kapadokya'nın gerçek topoğrafyası yer almalıdır. Ön planda ana kültürel motifler açık şekilde görünmelidir. Orta planda Kapadokya'nın doğal ve tarihi çevresi yer almalıdır. Arka planda bölgenin gerçek topoğrafyası korunmalıdır. Kompozisyon doğal perspektife sahip olmalıdır. Fotoğraf gerçek bir insan tarafından çekilmiş hissi vermelidir. gerçek belgesel fotoğrafı, National Geographic tarzı, fotoğraf gerçekçiliği, yüksek dinamik aralık, gerçekçi ışık, gerçekçi gölgeler, 35mm DSLR, RAW fotoğraf, yüksek çözünürlük, keskin odak, yüksek ayrıntı, gerçek malzeme dokuları, doğal renkler belgesel fotoğrafçılığı, National Geographic kalitesi, ultra gerçekçi, profesyonel DSLR fotoğrafı, 35mm lens, RAW fotoğraf, yüksek dinamik aralık, doğal renkler, gerçekçi ışıklandırma, keskin odak, yüksek ayrıntı, gerçekçi malzeme dokuları, doğal gölgeler, fotoğraf gerçekçiliği, yüksek çözünürlük Kesinlikle fantastik öğe bulunmamalıdır. Modern mimari kullanılmamalıdır. Yapay görünen nesneler bulunmamalıdır. Fotoğraf gerçek bir belgesel fotoğrafçısı tarafından çekilmiş hissi vermelidir.;Create an ultra realistic documentary style photograph captured in Cappadocia. Theme: Kapadokya köy meydanı, tarihi taş sokaklar, yerel mahalle yaşamı, geleneksel Anadolu yerleşimi, otantik köy atmosferi, kültürel yaşam alanı Location: Kapadokya Main cultural elements: volkanik kaya oluşumları, doğal kaya yapıları, Kapadokya jeolojisi Kapadokya doğal manzarası, geniş açık arazi, otantik doğa görünümü Season: doğal gün ışığı The scene must faithfully represent the authentic cultural identity of Cappadocia. The foreground should clearly emphasize the main cultural elements. The middle ground should naturally continue with the historical environment. The background should preserve the real geography of Cappadocia. Ön planda ana kültürel motifler açık şekilde görünmelidir. Orta planda Kapadokya'nın doğal ve tarihi çevresi yer almalıdır. Arka planda bölgenin gerçek topoğrafyası korunmalıdır. Kompozisyon doğal perspektife sahip olmalıdır. Fotoğraf gerçek bir insan tarafından çekilmiş hissi vermelidir. gerçek belgesel fotoğrafı, National Geographic tarzı, fotoğraf gerçekçiliği, yüksek dinamik aralık, gerçekçi ışık, gerçekçi gölgeler, 35mm DSLR, RAW fotoğraf, yüksek çözünürlük, keskin odak, yüksek ayrıntı, gerçek malzeme dokuları, doğal renkler belgesel fotoğrafçılığı, National Geographic kalitesi, ultra gerçekçi, profesyonel DSLR fotoğrafı, 35mm lens, RAW fotoğraf, yüksek dinamik aralık, doğal renkler, gerçekçi ışıklandırma, keskin odak, yüksek ayrıntı, gerçekçi malzeme dokuları, doğal gölgeler, fotoğraf gerçekçiliği, yüksek çözünürlük No fantasy elements. No futuristic buildings. No modern architecture. No artificial looking objects. The final image should resemble a professional National Geographic documentary photograph.;204;218;204;218
CHRD_REAL_0018;CHRD_REAL_0018.jpeg;Daily Life;Unknown;Street;Unknown;Summer;No;;High;;Kapadokya'da geçen son derece gerçekçi bir belgesel fotoğrafı oluştur. Tema: Kapadokya'da yaşayan insanların doğal günlük yaşamı, yerel Anadolu kültürü, geleneksel yaşam biçimi, otantik sosyal ortam, gerçek yaşam sahnesi, yaşayan kültürel miras Konum: Kapadokya Ana kültürel motifler: tarihi taş sokak, otantik Kapadokya yolu, geleneksel mahalle yolu Unknown Mevsim: parlak yaz sabahı Sahne tamamen Kapadokya'nın gerçek kültürel kimliğini yansıtmalıdır. Ön planda ana kültürel motifler açık şekilde görünmelidir. Orta planda tarihi çevre doğal şekilde devam etmelidir. Arka planda Kapadokya'nın gerçek topoğrafyası yer almalıdır. Ön planda ana kültürel motifler açık şekilde görünmelidir. Orta planda Kapadokya'nın doğal ve tarihi çevresi yer almalıdır. Arka planda bölgenin gerçek topoğrafyası korunmalıdır. Kompozisyon doğal perspektife sahip olmalıdır. Fotoğraf gerçek bir insan tarafından çekilmiş hissi vermelidir. gerçek belgesel fotoğrafı, National Geographic tarzı, fotoğraf gerçekçiliği, yüksek dinamik aralık, gerçekçi ışık, gerçekçi gölgeler, 35mm DSLR, RAW fotoğraf, yüksek çözünürlük, keskin odak, yüksek ayrıntı, gerçek malzeme dokuları, doğal renkler belgesel fotoğrafçılığı, National Geographic kalitesi, ultra gerçekçi, profesyonel DSLR fotoğrafı, 35mm lens, RAW fotoğraf, yüksek dinamik aralık, doğal renkler, gerçekçi ışıklandırma, keskin odak, yüksek ayrıntı, gerçekçi malzeme dokuları, doğal gölgeler, fotoğraf gerçekçiliği, yüksek çözünürlük Kesinlikle fantastik öğe bulunmamalıdır. Modern mimari kullanılmamalıdır. Yapay görünen nesneler bulunmamalıdır. Fotoğraf gerçek bir belgesel fotoğrafçısı tarafından çekilmiş hissi vermelidir.;Create an ultra realistic documentary style photograph captured in Cappadocia. Theme: Kapadokya'da yaşayan insanların doğal günlük yaşamı, yerel Anadolu kültürü, geleneksel yaşam biçimi, otantik sosyal ortam, gerçek yaşam sahnesi, yaşayan kültürel miras Location: Kapadokya Main cultural elements: tarihi taş sokak, otantik Kapadokya yolu, geleneksel mahalle yolu Unknown Season: parlak yaz sabahı The scene must faithfully represent the authentic cultural identity of Cappadocia. The foreground should clearly emphasize the main cultural elements. The middle ground should naturally continue with the historical environment. The background should preserve the real geography of Cappadocia. Ön planda ana kültürel motifler açık şekilde görünmelidir. Orta planda Kapadokya'nın doğal ve tarihi çevresi yer almalıdır. Arka planda bölgenin gerçek topoğrafyası korunmalıdır. Kompozisyon doğal perspektife sahip olmalıdır. Fotoğraf gerçek bir insan tarafından çekilmiş hissi vermelidir. gerçek belgesel fotoğrafı, National Geographic tarzı, fotoğraf gerçekçiliği, yüksek dinamik aralık, gerçekçi ışık, gerçekçi gölgeler, 35mm DSLR, RAW fotoğraf, yüksek çözünürlük, keskin odak, yüksek ayrıntı, gerçek malzeme dokuları, doğal renkler belgesel fotoğrafçılığı, National Geographic kalitesi, ultra gerçekçi, profesyonel DSLR fotoğrafı, 35mm lens, RAW fotoğraf, yüksek dinamik aralık, doğal renkler, gerçekçi ışıklandırma, keskin odak, yüksek ayrıntı, gerçekçi malzeme dokuları, doğal gölgeler, fotoğraf gerçekçiliği, yüksek çözünürlük No fantasy elements. No futuristic buildings. No modern architecture. No artificial looking objects. The final image should resemble a professional National Geographic documentary photograph.;200;214;200;214
CHRD_REAL_0019;CHRD_REAL_0019.jpeg;Village Square;Mustafapaşa;Stone House;Unknown;Winter;No;;High;;Kapadokya'da geçen son derece gerçekçi bir belgesel fotoğrafı oluştur. Tema: Kapadokya köy meydanı, tarihi taş sokaklar, yerel mahalle yaşamı, geleneksel Anadolu yerleşimi, otantik köy atmosferi, kültürel yaşam alanı Konum: Mustafapaşa, eski Rum taş konakları, tarihi sokaklar, geleneksel Kapadokya mimarisi Ana kültürel motifler: geleneksel taş evler, Anadolu taş mimarisi, tarihi taş yapılar Unknown Mevsim: karla kaplı doğal kış manzarası Sahne tamamen Kapadokya'nın gerçek kültürel kimliğini yansıtmalıdır. Ön planda ana kültürel motifler açık şekilde görünmelidir. Orta planda tarihi çevre doğal şekilde devam etmelidir. Arka planda Kapadokya'nın gerçek topoğrafyası yer almalıdır. Ön planda ana kültürel motifler açık şekilde görünmelidir. Orta planda Kapadokya'nın doğal ve tarihi çevresi yer almalıdır. Arka planda bölgenin gerçek topoğrafyası korunmalıdır. Kompozisyon doğal perspektife sahip olmalıdır. Fotoğraf gerçek bir insan tarafından çekilmiş hissi vermelidir. gerçek belgesel fotoğrafı, National Geographic tarzı, fotoğraf gerçekçiliği, yüksek dinamik aralık, gerçekçi ışık, gerçekçi gölgeler, 35mm DSLR, RAW fotoğraf, yüksek çözünürlük, keskin odak, yüksek ayrıntı, gerçek malzeme dokuları, doğal renkler belgesel fotoğrafçılığı, National Geographic kalitesi, ultra gerçekçi, profesyonel DSLR fotoğrafı, 35mm lens, RAW fotoğraf, yüksek dinamik aralık, doğal renkler, gerçekçi ışıklandırma, keskin odak, yüksek ayrıntı, gerçekçi malzeme dokuları, doğal gölgeler, fotoğraf gerçekçiliği, yüksek çözünürlük Kesinlikle fantastik öğe bulunmamalıdır. Modern mimari kullanılmamalıdır. Yapay görünen nesneler bulunmamalıdır. Fotoğraf gerçek bir belgesel fotoğrafçısı tarafından çekilmiş hissi vermelidir.;Create an ultra realistic documentary style photograph captured in Cappadocia. Theme: Kapadokya köy meydanı, tarihi taş sokaklar, yerel mahalle yaşamı, geleneksel Anadolu yerleşimi, otantik köy atmosferi, kültürel yaşam alanı Location: Mustafapaşa, eski Rum taş konakları, tarihi sokaklar, geleneksel Kapadokya mimarisi Main cultural elements: geleneksel taş evler, Anadolu taş mimarisi, tarihi taş yapılar Unknown Season: karla kaplı doğal kış manzarası The scene must faithfully represent the authentic cultural identity of Cappadocia. The foreground should clearly emphasize the main cultural elements. The middle ground should naturally continue with the historical environment. The background should preserve the real geography of Cappadocia. Ön planda ana kültürel motifler açık şekilde görünmelidir. Orta planda Kapadokya'nın doğal ve tarihi çevresi yer almalıdır. Arka planda bölgenin gerçek topoğrafyası korunmalıdır. Kompozisyon doğal perspektife sahip olmalıdır. Fotoğraf gerçek bir insan tarafından çekilmiş hissi vermelidir. gerçek belgesel fotoğrafı, National Geographic tarzı, fotoğraf gerçekçiliği, yüksek dinamik aralık, gerçekçi ışık, gerçekçi gölgeler, 35mm DSLR, RAW fotoğraf, yüksek çözünürlük, keskin odak, yüksek ayrıntı, gerçek malzeme dokuları, doğal renkler belgesel fotoğrafçılığı, National Geographic kalitesi, ultra gerçekçi, profesyonel DSLR fotoğrafı, 35mm lens, RAW fotoğraf, yüksek dinamik aralık, doğal renkler, gerçekçi ışıklandırma, keskin odak, yüksek ayrıntı, gerçekçi malzeme dokuları, doğal gölgeler, fotoğraf gerçekçiliği, yüksek çözünürlük No fantasy elements. No futuristic buildings. No modern architecture. No artificial looking objects. The final image should resemble a professional National Geographic documentary photograph.;208;222;208;222
CHRD_REAL_0020;CHRD_REAL_0020.jpeg;Rock-cut Heritage;Unknown;Rock Formation;Valley;Summer;No;;High;;Kapadokya'da geçen son derece gerçekçi bir belgesel fotoğrafı oluştur. Tema: Kapadokya'nın tarihi kaya oyma mirası, UNESCO Dünya Mirası, volkanik tüf kayalara oyulmuş tarihi yapılar, antik kaya yerleşimleri, geleneksel Anadolu mimarisi, otantik tarihi doku, korunmuş kültürel miras Konum: Kapadokya Ana kültürel motifler: volkanik kaya oluşumları, doğal kaya yapıları, Kapadokya jeolojisi Kapadokya vadisi, geniş kaya vadisi, doğal arazi Mevsim: parlak yaz sabahı Sahne tamamen Kapadokya'nın gerçek kültürel kimliğini yansıtmalıdır. Ön planda ana kültürel motifler açık şekilde görünmelidir. Orta planda tarihi çevre doğal şekilde devam etmelidir. Arka planda Kapadokya'nın gerçek topoğrafyası yer almalıdır. Ön planda ana kültürel motifler açık şekilde görünmelidir. Orta planda Kapadokya'nın doğal ve tarihi çevresi yer almalıdır. Arka planda bölgenin gerçek topoğrafyası korunmalıdır. Kompozisyon doğal perspektife sahip olmalıdır. Fotoğraf gerçek bir insan tarafından çekilmiş hissi vermelidir. gerçek belgesel fotoğrafı, National Geographic tarzı, fotoğraf gerçekçiliği, yüksek dinamik aralık, gerçekçi ışık, gerçekçi gölgeler, 35mm DSLR, RAW fotoğraf, yüksek çözünürlük, keskin odak, yüksek ayrıntı, gerçek malzeme dokuları, doğal renkler belgesel fotoğrafçılığı, National Geographic kalitesi, ultra gerçekçi, profesyonel DSLR fotoğrafı, 35mm lens, RAW fotoğraf, yüksek dinamik aralık, doğal renkler, gerçekçi ışıklandırma, keskin odak, yüksek ayrıntı, gerçekçi malzeme dokuları, doğal gölgeler, fotoğraf gerçekçiliği, yüksek çözünürlük Kesinlikle fantastik öğe bulunmamalıdır. Modern mimari kullanılmamalıdır. Yapay görünen nesneler bulunmamalıdır. Fotoğraf gerçek bir belgesel fotoğrafçısı tarafından çekilmiş hissi vermelidir.;Create an ultra realistic documentary style photograph captured in Cappadocia. Theme: Kapadokya'nın tarihi kaya oyma mirası, UNESCO Dünya Mirası, volkanik tüf kayalara oyulmuş tarihi yapılar, antik kaya yerleşimleri, geleneksel Anadolu mimarisi, otantik tarihi doku, korunmuş kültürel miras Location: Kapadokya Main cultural elements: volkanik kaya oluşumları, doğal kaya yapıları, Kapadokya jeolojisi Kapadokya vadisi, geniş kaya vadisi, doğal arazi Season: parlak yaz sabahı The scene must faithfully represent the authentic cultural identity of Cappadocia. The foreground should clearly emphasize the main cultural elements. The middle ground should naturally continue with the historical environment. The background should preserve the real geography of Cappadocia. Ön planda ana kültürel motifler açık şekilde görünmelidir. Orta planda Kapadokya'nın doğal ve tarihi çevresi yer almalıdır. Arka planda bölgenin gerçek topoğrafyası korunmalıdır. Kompozisyon doğal perspektife sahip olmalıdır. Fotoğraf gerçek bir insan tarafından çekilmiş hissi vermelidir. gerçek belgesel fotoğrafı, National Geographic tarzı, fotoğraf gerçekçiliği, yüksek dinamik aralık, gerçekçi ışık, gerçekçi gölgeler, 35mm DSLR, RAW fotoğraf, yüksek çözünürlük, keskin odak, yüksek ayrıntı, gerçek malzeme dokuları, doğal renkler belgesel fotoğrafçılığı, National Geographic kalitesi, ultra gerçekçi, profesyonel DSLR fotoğrafı, 35mm lens, RAW fotoğraf, yüksek dinamik aralık, doğal renkler, gerçekçi ışıklandırma, keskin odak, yüksek ayrıntı, gerçekçi malzeme dokuları, doğal gölgeler, fotoğraf gerçekçiliği, yüksek çözünürlük No fantasy elements. No futuristic buildings. No modern architecture. No artificial looking objects. The final image should resemble a professional National Geographic documentary photograph.;210;224;210;224
CHRD_REAL_0021;CHRD_REAL_0021.jpeg;Rock-cut Heritage;Unknown;Rock Formation;Valley;Summer;No;;High;;Kapadokya'da geçen son derece gerçekçi bir belgesel fotoğrafı oluştur. Tema: Kapadokya'nın tarihi kaya oyma mirası, UNESCO Dünya Mirası, volkanik tüf kayalara oyulmuş tarihi yapılar, antik kaya yerleşimleri, geleneksel Anadolu mimarisi, otantik tarihi doku, korunmuş kültürel miras Konum: Kapadokya Ana kültürel motifler: volkanik kaya oluşumları, doğal kaya yapıları, Kapadokya jeolojisi Kapadokya vadisi, geniş kaya vadisi, doğal arazi Mevsim: parlak yaz sabahı Sahne tamamen Kapadokya'nın gerçek kültürel kimliğini yansıtmalıdır. Ön planda ana kültürel motifler açık şekilde görünmelidir. Orta planda tarihi çevre doğal şekilde devam etmelidir. Arka planda Kapadokya'nın gerçek topoğrafyası yer almalıdır. Ön planda ana kültürel motifler açık şekilde görünmelidir. Orta planda Kapadokya'nın doğal ve tarihi çevresi yer almalıdır. Arka planda bölgenin gerçek topoğrafyası korunmalıdır. Kompozisyon doğal perspektife sahip olmalıdır. Fotoğraf gerçek bir insan tarafından çekilmiş hissi vermelidir. gerçek belgesel fotoğrafı, National Geographic tarzı, fotoğraf gerçekçiliği, yüksek dinamik aralık, gerçekçi ışık, gerçekçi gölgeler, 35mm DSLR, RAW fotoğraf, yüksek çözünürlük, keskin odak, yüksek ayrıntı, gerçek malzeme dokuları, doğal renkler belgesel fotoğrafçılığı, National Geographic kalitesi, ultra gerçekçi, profesyonel DSLR fotoğrafı, 35mm lens, RAW fotoğraf, yüksek dinamik aralık, doğal renkler, gerçekçi ışıklandırma, keskin odak, yüksek ayrıntı, gerçekçi malzeme dokuları, doğal gölgeler, fotoğraf gerçekçiliği, yüksek çözünürlük Kesinlikle fantastik öğe bulunmamalıdır. Modern mimari kullanılmamalıdır. Yapay görünen nesneler bulunmamalıdır. Fotoğraf gerçek bir belgesel fotoğrafçısı tarafından çekilmiş hissi vermelidir.;Create an ultra realistic documentary style photograph captured in Cappadocia. Theme: Kapadokya'nın tarihi kaya oyma mirası, UNESCO Dünya Mirası, volkanik tüf kayalara oyulmuş tarihi yapılar, antik kaya yerleşimleri, geleneksel Anadolu mimarisi, otantik tarihi doku, korunmuş kültürel miras Location: Kapadokya Main cultural elements: volkanik kaya oluşumları, doğal kaya yapıları, Kapadokya jeolojisi Kapadokya vadisi, geniş kaya vadisi, doğal arazi Season: parlak yaz sabahı The scene must faithfully represent the authentic cultural identity of Cappadocia. The foreground should clearly emphasize the main cultural elements. The middle ground should naturally continue with the historical environment. The background should preserve the real geography of Cappadocia. Ön planda ana kültürel motifler açık şekilde görünmelidir. Orta planda Kapadokya'nın doğal ve tarihi çevresi yer almalıdır. Arka planda bölgenin gerçek topoğrafyası korunmalıdır. Kompozisyon doğal perspektife sahip olmalıdır. Fotoğraf gerçek bir insan tarafından çekilmiş hissi vermelidir. gerçek belgesel fotoğrafı, National Geographic tarzı, fotoğraf gerçekçiliği, yüksek dinamik aralık, gerçekçi ışık, gerçekçi gölgeler, 35mm DSLR, RAW fotoğraf, yüksek çözünürlük, keskin odak, yüksek ayrıntı, gerçek malzeme dokuları, doğal renkler belgesel fotoğrafçılığı, National Geographic kalitesi, ultra gerçekçi, profesyonel DSLR fotoğrafı, 35mm lens, RAW fotoğraf, yüksek dinamik aralık, doğal renkler, gerçekçi ışıklandırma, keskin odak, yüksek ayrıntı, gerçekçi malzeme dokuları, doğal gölgeler, fotoğraf gerçekçiliği, yüksek çözünürlük No fantasy elements. No futuristic buildings. No modern architecture. No artificial looking objects. The final image should resemble a professional National Geographic documentary photograph.;210;224;210;224
CHRD_REAL_0022;CHRD_REAL_0022.jpeg;Rock-cut Heritage;Unknown;Rock Formation;Valley;Summer;No;;High;;Kapadokya'da geçen son derece gerçekçi bir belgesel fotoğrafı oluştur. Tema: Kapadokya'nın tarihi kaya oyma mirası, UNESCO Dünya Mirası, volkanik tüf kayalara oyulmuş tarihi yapılar, antik kaya yerleşimleri, geleneksel Anadolu mimarisi, otantik tarihi doku, korunmuş kültürel miras Konum: Kapadokya Ana kültürel motifler: volkanik kaya oluşumları, doğal kaya yapıları, Kapadokya jeolojisi Kapadokya vadisi, geniş kaya vadisi, doğal arazi Mevsim: parlak yaz sabahı Sahne tamamen Kapadokya'nın gerçek kültürel kimliğini yansıtmalıdır. Ön planda ana kültürel motifler açık şekilde görünmelidir. Orta planda tarihi çevre doğal şekilde devam etmelidir. Arka planda Kapadokya'nın gerçek topoğrafyası yer almalıdır. Ön planda ana kültürel motifler açık şekilde görünmelidir. Orta planda Kapadokya'nın doğal ve tarihi çevresi yer almalıdır. Arka planda bölgenin gerçek topoğrafyası korunmalıdır. Kompozisyon doğal perspektife sahip olmalıdır. Fotoğraf gerçek bir insan tarafından çekilmiş hissi vermelidir. gerçek belgesel fotoğrafı, National Geographic tarzı, fotoğraf gerçekçiliği, yüksek dinamik aralık, gerçekçi ışık, gerçekçi gölgeler, 35mm DSLR, RAW fotoğraf, yüksek çözünürlük, keskin odak, yüksek ayrıntı, gerçek malzeme dokuları, doğal renkler belgesel fotoğrafçılığı, National Geographic kalitesi, ultra gerçekçi, profesyonel DSLR fotoğrafı, 35mm lens, RAW fotoğraf, yüksek dinamik aralık, doğal renkler, gerçekçi ışıklandırma, keskin odak, yüksek ayrıntı, gerçekçi malzeme dokuları, doğal gölgeler, fotoğraf gerçekçiliği, yüksek çözünürlük Kesinlikle fantastik öğe bulunmamalıdır. Modern mimari kullanılmamalıdır. Yapay görünen nesneler bulunmamalıdır. Fotoğraf gerçek bir belgesel fotoğrafçısı tarafından çekilmiş hissi vermelidir.;Create an ultra realistic documentary style photograph captured in Cappadocia. Theme: Kapadokya'nın tarihi kaya oyma mirası, UNESCO Dünya Mirası, volkanik tüf kayalara oyulmuş tarihi yapılar, antik kaya yerleşimleri, geleneksel Anadolu mimarisi, otantik tarihi doku, korunmuş kültürel miras Location: Kapadokya Main cultural elements: volkanik kaya oluşumları, doğal kaya yapıları, Kapadokya jeolojisi Kapadokya vadisi, geniş kaya vadisi, doğal arazi Season: parlak yaz sabahı The scene must faithfully represent the authentic cultural identity of Cappadocia. The foreground should clearly emphasize the main cultural elements. The middle ground should naturally continue with the historical environment. The background should preserve the real geography of Cappadocia. Ön planda ana kültürel motifler açık şekilde görünmelidir. Orta planda Kapadokya'nın doğal ve tarihi çevresi yer almalıdır. Arka planda bölgenin gerçek topoğrafyası korunmalıdır. Kompozisyon doğal perspektife sahip olmalıdır. Fotoğraf gerçek bir insan tarafından çekilmiş hissi vermelidir. gerçek belgesel fotoğrafı, National Geographic tarzı, fotoğraf gerçekçiliği, yüksek dinamik aralık, gerçekçi ışık, gerçekçi gölgeler, 35mm DSLR, RAW fotoğraf, yüksek çözünürlük, keskin odak, yüksek ayrıntı, gerçek malzeme dokuları, doğal renkler belgesel fotoğrafçılığı, National Geographic kalitesi, ultra gerçekçi, profesyonel DSLR fotoğrafı, 35mm lens, RAW fotoğraf, yüksek dinamik aralık, doğal renkler, gerçekçi ışıklandırma, keskin odak, yüksek ayrıntı, gerçekçi malzeme dokuları, doğal gölgeler, fotoğraf gerçekçiliği, yüksek çözünürlük No fantasy elements. No futuristic buildings. No modern architecture. No artificial looking objects. The final image should resemble a professional National Geographic documentary photograph.;210;224;210;224
CHRD_REAL_0023;CHRD_REAL_0023.jpeg;Natural Landscape;Avanos;River;Landscape;Summer;No;;Medium;;Kapadokya'da geçen son derece gerçekçi bir belgesel fotoğrafı oluştur. Tema: Kapadokya'nın doğal manzarası, vadiler, volkanik kaya oluşumları, peri bacaları, geniş gökyüzü, otantik doğal çevre Konum: Avanos, Kızılırmak Nehri, geleneksel çömlekçilik, el sanatları, kırmızı kil seramikleri, tarihi çarşı Ana kültürel motifler: Kızılırmak Nehri, doğal nehir manzarası, nehir kıyısı Kapadokya doğal manzarası, geniş açık arazi, otantik doğa görünümü Mevsim: parlak yaz sabahı Sahne tamamen Kapadokya'nın gerçek kültürel kimliğini yansıtmalıdır. Ön planda ana kültürel motifler açık şekilde görünmelidir. Orta planda tarihi çevre doğal şekilde devam etmelidir. Arka planda Kapadokya'nın gerçek topoğrafyası yer almalıdır. Ön planda ana kültürel motifler açık şekilde görünmelidir. Orta planda Kapadokya'nın doğal ve tarihi çevresi yer almalıdır. Arka planda bölgenin gerçek topoğrafyası korunmalıdır. Kompozisyon doğal perspektife sahip olmalıdır. Fotoğraf gerçek bir insan tarafından çekilmiş hissi vermelidir. gerçek belgesel fotoğrafı, National Geographic tarzı, fotoğraf gerçekçiliği, yüksek dinamik aralık, gerçekçi ışık, gerçekçi gölgeler, 35mm DSLR, RAW fotoğraf, yüksek çözünürlük, keskin odak, yüksek ayrıntı, gerçek malzeme dokuları, doğal renkler belgesel fotoğrafçılığı, National Geographic kalitesi, ultra gerçekçi, profesyonel DSLR fotoğrafı, 35mm lens, RAW fotoğraf, yüksek dinamik aralık, doğal renkler, gerçekçi ışıklandırma, keskin odak, yüksek ayrıntı, gerçekçi malzeme dokuları, doğal gölgeler, fotoğraf gerçekçiliği, yüksek çözünürlük Kesinlikle fantastik öğe bulunmamalıdır. Modern mimari kullanılmamalıdır. Yapay görünen nesneler bulunmamalıdır. Fotoğraf gerçek bir belgesel fotoğrafçısı tarafından çekilmiş hissi vermelidir.;Create an ultra realistic documentary style photograph captured in Cappadocia. Theme: Kapadokya'nın doğal manzarası, vadiler, volkanik kaya oluşumları, peri bacaları, geniş gökyüzü, otantik doğal çevre Location: Avanos, Kızılırmak Nehri, geleneksel çömlekçilik, el sanatları, kırmızı kil seramikleri, tarihi çarşı Main cultural elements: Kızılırmak Nehri, doğal nehir manzarası, nehir kıyısı Kapadokya doğal manzarası, geniş açık arazi, otantik doğa görünümü Season: parlak yaz sabahı The scene must faithfully represent the authentic cultural identity of Cappadocia. The foreground should clearly emphasize the main cultural elements. The middle ground should naturally continue with the historical environment. The background should preserve the real geography of Cappadocia. Ön planda ana kültürel motifler açık şekilde görünmelidir. Orta planda Kapadokya'nın doğal ve tarihi çevresi yer almalıdır. Arka planda bölgenin gerçek topoğrafyası korunmalıdır. Kompozisyon doğal perspektife sahip olmalıdır. Fotoğraf gerçek bir insan tarafından çekilmiş hissi vermelidir. gerçek belgesel fotoğrafı, National Geographic tarzı, fotoğraf gerçekçiliği, yüksek dinamik aralık, gerçekçi ışık, gerçekçi gölgeler, 35mm DSLR, RAW fotoğraf, yüksek çözünürlük, keskin odak, yüksek ayrıntı, gerçek malzeme dokuları, doğal renkler belgesel fotoğrafçılığı, National Geographic kalitesi, ultra gerçekçi, profesyonel DSLR fotoğrafı, 35mm lens, RAW fotoğraf, yüksek dinamik aralık, doğal renkler, gerçekçi ışıklandırma, keskin odak, yüksek ayrıntı, gerçekçi malzeme dokuları, doğal gölgeler, fotoğraf gerçekçiliği, yüksek çözünürlük No fantasy elements. No futuristic buildings. No modern architecture. No artificial looking objects. The final image should resemble a professional National Geographic documentary photograph.;210;224;210;224
CHRD_REAL_0024;CHRD_REAL_0024.jpeg;Natural Landscape;Avanos;River;Landscape;Autumn;No;;Medium;;Kapadokya'da geçen son derece gerçekçi bir belgesel fotoğrafı oluştur. Tema: Kapadokya'nın doğal manzarası, vadiler, volkanik kaya oluşumları, peri bacaları, geniş gökyüzü, otantik doğal çevre Konum: Avanos, Kızılırmak Nehri, geleneksel çömlekçilik, el sanatları, kırmızı kil seramikleri, tarihi çarşı Ana kültürel motifler: Kızılırmak Nehri, doğal nehir manzarası, nehir kıyısı Kapadokya doğal manzarası, geniş açık arazi, otantik doğa görünümü Mevsim: sonbahar renkleri Sahne tamamen Kapadokya'nın gerçek kültürel kimliğini yansıtmalıdır. Ön planda ana kültürel motifler açık şekilde görünmelidir. Orta planda tarihi çevre doğal şekilde devam etmelidir. Arka planda Kapadokya'nın gerçek topoğrafyası yer almalıdır. Ön planda ana kültürel motifler açık şekilde görünmelidir. Orta planda Kapadokya'nın doğal ve tarihi çevresi yer almalıdır. Arka planda bölgenin gerçek topoğrafyası korunmalıdır. Kompozisyon doğal perspektife sahip olmalıdır. Fotoğraf gerçek bir insan tarafından çekilmiş hissi vermelidir. gerçek belgesel fotoğrafı, National Geographic tarzı, fotoğraf gerçekçiliği, yüksek dinamik aralık, gerçekçi ışık, gerçekçi gölgeler, 35mm DSLR, RAW fotoğraf, yüksek çözünürlük, keskin odak, yüksek ayrıntı, gerçek malzeme dokuları, doğal renkler belgesel fotoğrafçılığı, National Geographic kalitesi, ultra gerçekçi, profesyonel DSLR fotoğrafı, 35mm lens, RAW fotoğraf, yüksek dinamik aralık, doğal renkler, gerçekçi ışıklandırma, keskin odak, yüksek ayrıntı, gerçekçi malzeme dokuları, doğal gölgeler, fotoğraf gerçekçiliği, yüksek çözünürlük Kesinlikle fantastik öğe bulunmamalıdır. Modern mimari kullanılmamalıdır. Yapay görünen nesneler bulunmamalıdır. Fotoğraf gerçek bir belgesel fotoğrafçısı tarafından çekilmiş hissi vermelidir.;Create an ultra realistic documentary style photograph captured in Cappadocia. Theme: Kapadokya'nın doğal manzarası, vadiler, volkanik kaya oluşumları, peri bacaları, geniş gökyüzü, otantik doğal çevre Location: Avanos, Kızılırmak Nehri, geleneksel çömlekçilik, el sanatları, kırmızı kil seramikleri, tarihi çarşı Main cultural elements: Kızılırmak Nehri, doğal nehir manzarası, nehir kıyısı Kapadokya doğal manzarası, geniş açık arazi, otantik doğa görünümü Season: sonbahar renkleri The scene must faithfully represent the authentic cultural identity of Cappadocia. The foreground should clearly emphasize the main cultural elements. The middle ground should naturally continue with the historical environment. The background should preserve the real geography of Cappadocia. Ön planda ana kültürel motifler açık şekilde görünmelidir. Orta planda Kapadokya'nın doğal ve tarihi çevresi yer almalıdır. Arka planda bölgenin gerçek topoğrafyası korunmalıdır. Kompozisyon doğal perspektife sahip olmalıdır. Fotoğraf gerçek bir insan tarafından çekilmiş hissi vermelidir. gerçek belgesel fotoğrafı, National Geographic tarzı, fotoğraf gerçekçiliği, yüksek dinamik aralık, gerçekçi ışık, gerçekçi gölgeler, 35mm DSLR, RAW fotoğraf, yüksek çözünürlük, keskin odak, yüksek ayrıntı, gerçek malzeme dokuları, doğal renkler belgesel fotoğrafçılığı, National Geographic kalitesi, ultra gerçekçi, profesyonel DSLR fotoğrafı, 35mm lens, RAW fotoğraf, yüksek dinamik aralık, doğal renkler, gerçekçi ışıklandırma, keskin odak, yüksek ayrıntı, gerçekçi malzeme dokuları, doğal gölgeler, fotoğraf gerçekçiliği, yüksek çözünürlük No fantasy elements. No futuristic buildings. No modern architecture. No artificial looking objects. The final image should resemble a professional National Geographic documentary photograph.;209;223;209;223
CHRD_REAL_0025;CHRD_REAL_0025.jpeg;Natural Landscape;Avanos;River;Landscape;Summer;No;;Medium;;Kapadokya'da geçen son derece gerçekçi bir belgesel fotoğrafı oluştur. Tema: Kapadokya'nın doğal manzarası, vadiler, volkanik kaya oluşumları, peri bacaları, geniş gökyüzü, otantik doğal çevre Konum: Avanos, Kızılırmak Nehri, geleneksel çömlekçilik, el sanatları, kırmızı kil seramikleri, tarihi çarşı Ana kültürel motifler: Kızılırmak Nehri, doğal nehir manzarası, nehir kıyısı Kapadokya doğal manzarası, geniş açık arazi, otantik doğa görünümü Mevsim: parlak yaz sabahı Sahne tamamen Kapadokya'nın gerçek kültürel kimliğini yansıtmalıdır. Ön planda ana kültürel motifler açık şekilde görünmelidir. Orta planda tarihi çevre doğal şekilde devam etmelidir. Arka planda Kapadokya'nın gerçek topoğrafyası yer almalıdır. Ön planda ana kültürel motifler açık şekilde görünmelidir. Orta planda Kapadokya'nın doğal ve tarihi çevresi yer almalıdır. Arka planda bölgenin gerçek topoğrafyası korunmalıdır. Kompozisyon doğal perspektife sahip olmalıdır. Fotoğraf gerçek bir insan tarafından çekilmiş hissi vermelidir. gerçek belgesel fotoğrafı, National Geographic tarzı, fotoğraf gerçekçiliği, yüksek dinamik aralık, gerçekçi ışık, gerçekçi gölgeler, 35mm DSLR, RAW fotoğraf, yüksek çözünürlük, keskin odak, yüksek ayrıntı, gerçek malzeme dokuları, doğal renkler belgesel fotoğrafçılığı, National Geographic kalitesi, ultra gerçekçi, profesyonel DSLR fotoğrafı, 35mm lens, RAW fotoğraf, yüksek dinamik aralık, doğal renkler, gerçekçi ışıklandırma, keskin odak, yüksek ayrıntı, gerçekçi malzeme dokuları, doğal gölgeler, fotoğraf gerçekçiliği, yüksek çözünürlük Kesinlikle fantastik öğe bulunmamalıdır. Modern mimari kullanılmamalıdır. Yapay görünen nesneler bulunmamalıdır. Fotoğraf gerçek bir belgesel fotoğrafçısı tarafından çekilmiş hissi vermelidir.;Create an ultra realistic documentary style photograph captured in Cappadocia. Theme: Kapadokya'nın doğal manzarası, vadiler, volkanik kaya oluşumları, peri bacaları, geniş gökyüzü, otantik doğal çevre Location: Avanos, Kızılırmak Nehri, geleneksel çömlekçilik, el sanatları, kırmızı kil seramikleri, tarihi çarşı Main cultural elements: Kızılırmak Nehri, doğal nehir manzarası, nehir kıyısı Kapadokya doğal manzarası, geniş açık arazi, otantik doğa görünümü Season: parlak yaz sabahı The scene must faithfully represent the authentic cultural identity of Cappadocia. The foreground should clearly emphasize the main cultural elements. The middle ground should naturally continue with the historical environment. The background should preserve the real geography of Cappadocia. Ön planda ana kültürel motifler açık şekilde görünmelidir. Orta planda Kapadokya'nın doğal ve tarihi çevresi yer almalıdır. Arka planda bölgenin gerçek topoğrafyası korunmalıdır. Kompozisyon doğal perspektife sahip olmalıdır. Fotoğraf gerçek bir insan tarafından çekilmiş hissi vermelidir. gerçek belgesel fotoğrafı, National Geographic tarzı, fotoğraf gerçekçiliği, yüksek dinamik aralık, gerçekçi ışık, gerçekçi gölgeler, 35mm DSLR, RAW fotoğraf, yüksek çözünürlük, keskin odak, yüksek ayrıntı, gerçek malzeme dokuları, doğal renkler belgesel fotoğrafçılığı, National Geographic kalitesi, ultra gerçekçi, profesyonel DSLR fotoğrafı, 35mm lens, RAW fotoğraf, yüksek dinamik aralık, doğal renkler, gerçekçi ışıklandırma, keskin odak, yüksek ayrıntı, gerçekçi malzeme dokuları, doğal gölgeler, fotoğraf gerçekçiliği, yüksek çözünürlük No fantasy elements. No futuristic buildings. No modern architecture. No artificial looking objects. The final image should resemble a professional National Geographic documentary photograph.;210;224;210;224
CHRD_REAL_0026;CHRD_REAL_0026.jpeg;Natural Landscape;Avanos;River;Landscape;Winter;No;;Medium;;Kapadokya'da geçen son derece gerçekçi bir belgesel fotoğrafı oluştur. Tema: Kapadokya'nın doğal manzarası, vadiler, volkanik kaya oluşumları, peri bacaları, geniş gökyüzü, otantik doğal çevre Konum: Avanos, Kızılırmak Nehri, geleneksel çömlekçilik, el sanatları, kırmızı kil seramikleri, tarihi çarşı Ana kültürel motifler: Kızılırmak Nehri, doğal nehir manzarası, nehir kıyısı Kapadokya doğal manzarası, geniş açık arazi, otantik doğa görünümü Mevsim: karla kaplı doğal kış manzarası Sahne tamamen Kapadokya'nın gerçek kültürel kimliğini yansıtmalıdır. Ön planda ana kültürel motifler açık şekilde görünmelidir. Orta planda tarihi çevre doğal şekilde devam etmelidir. Arka planda Kapadokya'nın gerçek topoğrafyası yer almalıdır. Ön planda ana kültürel motifler açık şekilde görünmelidir. Orta planda Kapadokya'nın doğal ve tarihi çevresi yer almalıdır. Arka planda bölgenin gerçek topoğrafyası korunmalıdır. Kompozisyon doğal perspektife sahip olmalıdır. Fotoğraf gerçek bir insan tarafından çekilmiş hissi vermelidir. gerçek belgesel fotoğrafı, National Geographic tarzı, fotoğraf gerçekçiliği, yüksek dinamik aralık, gerçekçi ışık, gerçekçi gölgeler, 35mm DSLR, RAW fotoğraf, yüksek çözünürlük, keskin odak, yüksek ayrıntı, gerçek malzeme dokuları, doğal renkler belgesel fotoğrafçılığı, National Geographic kalitesi, ultra gerçekçi, profesyonel DSLR fotoğrafı, 35mm lens, RAW fotoğraf, yüksek dinamik aralık, doğal renkler, gerçekçi ışıklandırma, keskin odak, yüksek ayrıntı, gerçekçi malzeme dokuları, doğal gölgeler, fotoğraf gerçekçiliği, yüksek çözünürlük Kesinlikle fantastik öğe bulunmamalıdır. Modern mimari kullanılmamalıdır. Yapay görünen nesneler bulunmamalıdır. Fotoğraf gerçek bir belgesel fotoğrafçısı tarafından çekilmiş hissi vermelidir.;Create an ultra realistic documentary style photograph captured in Cappadocia. Theme: Kapadokya'nın doğal manzarası, vadiler, volkanik kaya oluşumları, peri bacaları, geniş gökyüzü, otantik doğal çevre Location: Avanos, Kızılırmak Nehri, geleneksel çömlekçilik, el sanatları, kırmızı kil seramikleri, tarihi çarşı Main cultural elements: Kızılırmak Nehri, doğal nehir manzarası, nehir kıyısı Kapadokya doğal manzarası, geniş açık arazi, otantik doğa görünümü Season: karla kaplı doğal kış manzarası The scene must faithfully represent the authentic cultural identity of Cappadocia. The foreground should clearly emphasize the main cultural elements. The middle ground should naturally continue with the historical environment. The background should preserve the real geography of Cappadocia. Ön planda ana kültürel motifler açık şekilde görünmelidir. Orta planda Kapadokya'nın doğal ve tarihi çevresi yer almalıdır. Arka planda bölgenin gerçek topoğrafyası korunmalıdır. Kompozisyon doğal perspektife sahip olmalıdır. Fotoğraf gerçek bir insan tarafından çekilmiş hissi vermelidir. gerçek belgesel fotoğrafı, National Geographic tarzı, fotoğraf gerçekçiliği, yüksek dinamik aralık, gerçekçi ışık, gerçekçi gölgeler, 35mm DSLR, RAW fotoğraf, yüksek çözünürlük, keskin odak, yüksek ayrıntı, gerçek malzeme dokuları, doğal renkler belgesel fotoğrafçılığı, National Geographic kalitesi, ultra gerçekçi, profesyonel DSLR fotoğrafı, 35mm lens, RAW fotoğraf, yüksek dinamik aralık, doğal renkler, gerçekçi ışıklandırma, keskin odak, yüksek ayrıntı, gerçekçi malzeme dokuları, doğal gölgeler, fotoğraf gerçekçiliği, yüksek çözünürlük No fantasy elements. No futuristic buildings. No modern architecture. No artificial looking objects. The final image should resemble a professional National Geographic documentary photograph.;212;226;212;226
CHRD_REAL_0030;CHRD_REAL_0030.jpeg;Village Square;Ortahisar;Street;Unknown;Unknown;No;;High;;Kapadokya'da geçen son derece gerçekçi bir belgesel fotoğrafı oluştur. Tema: Kapadokya köy meydanı, tarihi taş sokaklar, yerel mahalle yaşamı, geleneksel Anadolu yerleşimi, otantik köy atmosferi, kültürel yaşam alanı Konum: Ortahisar Ana kültürel motifler: tarihi taş sokak, otantik Kapadokya yolu, geleneksel mahalle yolu Unknown Mevsim: doğal gün ışığı Sahne tamamen Kapadokya'nın gerçek kültürel kimliğini yansıtmalıdır. Ön planda ana kültürel motifler açık şekilde görünmelidir. Orta planda tarihi çevre doğal şekilde devam etmelidir. Arka planda Kapadokya'nın gerçek topoğrafyası yer almalıdır. Ön planda ana kültürel motifler açık şekilde görünmelidir. Orta planda Kapadokya'nın doğal ve tarihi çevresi yer almalıdır. Arka planda bölgenin gerçek topoğrafyası korunmalıdır. Kompozisyon doğal perspektife sahip olmalıdır. Fotoğraf gerçek bir insan tarafından çekilmiş hissi vermelidir. gerçek belgesel fotoğrafı, National Geographic tarzı, fotoğraf gerçekçiliği, yüksek dinamik aralık, gerçekçi ışık, gerçekçi gölgeler, 35mm DSLR, RAW fotoğraf, yüksek çözünürlük, keskin odak, yüksek ayrıntı, gerçek malzeme dokuları, doğal renkler belgesel fotoğrafçılığı, National Geographic kalitesi, ultra gerçekçi, profesyonel DSLR fotoğrafı, 35mm lens, RAW fotoğraf, yüksek dinamik aralık, doğal renkler, gerçekçi ışıklandırma, keskin odak, yüksek ayrıntı, gerçekçi malzeme dokuları, doğal gölgeler, fotoğraf gerçekçiliği, yüksek çözünürlük Kesinlikle fantastik öğe bulunmamalıdır. Modern mimari kullanılmamalıdır. Yapay görünen nesneler bulunmamalıdır. Fotoğraf gerçek bir belgesel fotoğrafçısı tarafından çekilmiş hissi vermelidir.;Create an ultra realistic documentary style photograph captured in Cappadocia. Theme: Kapadokya köy meydanı, tarihi taş sokaklar, yerel mahalle yaşamı, geleneksel Anadolu yerleşimi, otantik köy atmosferi, kültürel yaşam alanı Location: Ortahisar Main cultural elements: tarihi taş sokak, otantik Kapadokya yolu, geleneksel mahalle yolu Unknown Season: doğal gün ışığı The scene must faithfully represent the authentic cultural identity of Cappadocia. The foreground should clearly emphasize the main cultural elements. The middle ground should naturally continue with the historical environment. The background should preserve the real geography of Cappadocia. Ön planda ana kültürel motifler açık şekilde görünmelidir. Orta planda Kapadokya'nın doğal ve tarihi çevresi yer almalıdır. Arka planda bölgenin gerçek topoğrafyası korunmalıdır. Kompozisyon doğal perspektife sahip olmalıdır. Fotoğraf gerçek bir insan tarafından çekilmiş hissi vermelidir. gerçek belgesel fotoğrafı, National Geographic tarzı, fotoğraf gerçekçiliği, yüksek dinamik aralık, gerçekçi ışık, gerçekçi gölgeler, 35mm DSLR, RAW fotoğraf, yüksek çözünürlük, keskin odak, yüksek ayrıntı, gerçek malzeme dokuları, doğal renkler belgesel fotoğrafçılığı, National Geographic kalitesi, ultra gerçekçi, profesyonel DSLR fotoğrafı, 35mm lens, RAW fotoğraf, yüksek dinamik aralık, doğal renkler, gerçekçi ışıklandırma, keskin odak, yüksek ayrıntı, gerçekçi malzeme dokuları, doğal gölgeler, fotoğraf gerçekçiliği, yüksek çözünürlük No fantasy elements. No futuristic buildings. No modern architecture. No artificial looking objects. The final image should resemble a professional National Geographic documentary photograph.;197;211;197;211
CHRD_REAL_0031;CHRD_REAL_0031.jpeg;Natural Landscape;Mustafapaşa;Museum;Unknown;Unknown;No;;Low;;Kapadokya'da geçen son derece gerçekçi bir belgesel fotoğrafı oluştur. Tema: Kapadokya'nın doğal manzarası, vadiler, volkanik kaya oluşumları, peri bacaları, geniş gökyüzü, otantik doğal çevre Konum: Mustafapaşa, eski Rum taş konakları, tarihi sokaklar, geleneksel Kapadokya mimarisi Ana kültürel motifler: yerel kültür müzesi, tarihi eser koleksiyonu, kültürel miras müzesi Unknown Mevsim: doğal gün ışığı Sahne tamamen Kapadokya'nın gerçek kültürel kimliğini yansıtmalıdır. Ön planda ana kültürel motifler açık şekilde görünmelidir. Orta planda tarihi çevre doğal şekilde devam etmelidir. Arka planda Kapadokya'nın gerçek topoğrafyası yer almalıdır. Ön planda ana kültürel motifler açık şekilde görünmelidir. Orta planda Kapadokya'nın doğal ve tarihi çevresi yer almalıdır. Arka planda bölgenin gerçek topoğrafyası korunmalıdır. Kompozisyon doğal perspektife sahip olmalıdır. Fotoğraf gerçek bir insan tarafından çekilmiş hissi vermelidir. gerçek belgesel fotoğrafı, National Geographic tarzı, fotoğraf gerçekçiliği, yüksek dinamik aralık, gerçekçi ışık, gerçekçi gölgeler, 35mm DSLR, RAW fotoğraf, yüksek çözünürlük, keskin odak, yüksek ayrıntı, gerçek malzeme dokuları, doğal renkler belgesel fotoğrafçılığı, National Geographic kalitesi, ultra gerçekçi, profesyonel DSLR fotoğrafı, 35mm lens, RAW fotoğraf, yüksek dinamik aralık, doğal renkler, gerçekçi ışıklandırma, keskin odak, yüksek ayrıntı, gerçekçi malzeme dokuları, doğal gölgeler, fotoğraf gerçekçiliği, yüksek çözünürlük Kesinlikle fantastik öğe bulunmamalıdır. Modern mimari kullanılmamalıdır. Yapay görünen nesneler bulunmamalıdır. Fotoğraf gerçek bir belgesel fotoğrafçısı tarafından çekilmiş hissi vermelidir.;Create an ultra realistic documentary style photograph captured in Cappadocia. Theme: Kapadokya'nın doğal manzarası, vadiler, volkanik kaya oluşumları, peri bacaları, geniş gökyüzü, otantik doğal çevre Location: Mustafapaşa, eski Rum taş konakları, tarihi sokaklar, geleneksel Kapadokya mimarisi Main cultural elements: yerel kültür müzesi, tarihi eser koleksiyonu, kültürel miras müzesi Unknown Season: doğal gün ışığı The scene must faithfully represent the authentic cultural identity of Cappadocia. The foreground should clearly emphasize the main cultural elements. The middle ground should naturally continue with the historical environment. The background should preserve the real geography of Cappadocia. Ön planda ana kültürel motifler açık şekilde görünmelidir. Orta planda Kapadokya'nın doğal ve tarihi çevresi yer almalıdır. Arka planda bölgenin gerçek topoğrafyası korunmalıdır. Kompozisyon doğal perspektife sahip olmalıdır. Fotoğraf gerçek bir insan tarafından çekilmiş hissi vermelidir. gerçek belgesel fotoğrafı, National Geographic tarzı, fotoğraf gerçekçiliği, yüksek dinamik aralık, gerçekçi ışık, gerçekçi gölgeler, 35mm DSLR, RAW fotoğraf, yüksek çözünürlük, keskin odak, yüksek ayrıntı, gerçek malzeme dokuları, doğal renkler belgesel fotoğrafçılığı, National Geographic kalitesi, ultra gerçekçi, profesyonel DSLR fotoğrafı, 35mm lens, RAW fotoğraf, yüksek dinamik aralık, doğal renkler, gerçekçi ışıklandırma, keskin odak, yüksek ayrıntı, gerçekçi malzeme dokuları, doğal gölgeler, fotoğraf gerçekçiliği, yüksek çözünürlük No fantasy elements. No futuristic buildings. No modern architecture. No artificial looking objects. The final image should resemble a professional National Geographic documentary photograph.;202;216;202;216
CHRD_REAL_0032;CHRD_REAL_0032.jpeg;Daily Life;Ürgüp;Street;Pottery;Unknown;No;;Medium;;Kapadokya'da geçen son derece gerçekçi bir belgesel fotoğrafı oluştur. Tema: Kapadokya'da yaşayan insanların doğal günlük yaşamı, yerel Anadolu kültürü, geleneksel yaşam biçimi, otantik sosyal ortam, gerçek yaşam sahnesi, yaşayan kültürel miras Konum: Ürgüp, tarihi taş evler, geleneksel Kapadokya yerleşimi, dar taş sokaklar, otantik Anadolu mimarisi Ana kültürel motifler: tarihi taş sokak, otantik Kapadokya yolu, geleneksel mahalle yolu Avanos el yapımı çömlek sanatı, kırmızı kil seramikleri, geleneksel çömlek ustalığı Mevsim: doğal gün ışığı Sahne tamamen Kapadokya'nın gerçek kültürel kimliğini yansıtmalıdır. Ön planda ana kültürel motifler açık şekilde görünmelidir. Orta planda tarihi çevre doğal şekilde devam etmelidir. Arka planda Kapadokya'nın gerçek topoğrafyası yer almalıdır. Ön planda ana kültürel motifler açık şekilde görünmelidir. Orta planda Kapadokya'nın doğal ve tarihi çevresi yer almalıdır. Arka planda bölgenin gerçek topoğrafyası korunmalıdır. Kompozisyon doğal perspektife sahip olmalıdır. Fotoğraf gerçek bir insan tarafından çekilmiş hissi vermelidir. gerçek belgesel fotoğrafı, National Geographic tarzı, fotoğraf gerçekçiliği, yüksek dinamik aralık, gerçekçi ışık, gerçekçi gölgeler, 35mm DSLR, RAW fotoğraf, yüksek çözünürlük, keskin odak, yüksek ayrıntı, gerçek malzeme dokuları, doğal renkler belgesel fotoğrafçılığı, National Geographic kalitesi, ultra gerçekçi, profesyonel DSLR fotoğrafı, 35mm lens, RAW fotoğraf, yüksek dinamik aralık, doğal renkler, gerçekçi ışıklandırma, keskin odak, yüksek ayrıntı, gerçekçi malzeme dokuları, doğal gölgeler, fotoğraf gerçekçiliği, yüksek çözünürlük Kesinlikle fantastik öğe bulunmamalıdır. Modern mimari kullanılmamalıdır. Yapay görünen nesneler bulunmamalıdır. Fotoğraf gerçek bir belgesel fotoğrafçısı tarafından çekilmiş hissi vermelidir.;Create an ultra realistic documentary style photograph captured in Cappadocia. Theme: Kapadokya'da yaşayan insanların doğal günlük yaşamı, yerel Anadolu kültürü, geleneksel yaşam biçimi, otantik sosyal ortam, gerçek yaşam sahnesi, yaşayan kültürel miras Location: Ürgüp, tarihi taş evler, geleneksel Kapadokya yerleşimi, dar taş sokaklar, otantik Anadolu mimarisi Main cultural elements: tarihi taş sokak, otantik Kapadokya yolu, geleneksel mahalle yolu Avanos el yapımı çömlek sanatı, kırmızı kil seramikleri, geleneksel çömlek ustalığı Season: doğal gün ışığı The scene must faithfully represent the authentic cultural identity of Cappadocia. The foreground should clearly emphasize the main cultural elements. The middle ground should naturally continue with the historical environment. The background should preserve the real geography of Cappadocia. Ön planda ana kültürel motifler açık şekilde görünmelidir. Orta planda Kapadokya'nın doğal ve tarihi çevresi yer almalıdır. Arka planda bölgenin gerçek topoğrafyası korunmalıdır. Kompozisyon doğal perspektife sahip olmalıdır. Fotoğraf gerçek bir insan tarafından çekilmiş hissi vermelidir. gerçek belgesel fotoğrafı, National Geographic tarzı, fotoğraf gerçekçiliği, yüksek dinamik aralık, gerçekçi ışık, gerçekçi gölgeler, 35mm DSLR, RAW fotoğraf, yüksek çözünürlük, keskin odak, yüksek ayrıntı, gerçek malzeme dokuları, doğal renkler belgesel fotoğrafçılığı, National Geographic kalitesi, ultra gerçekçi, profesyonel DSLR fotoğrafı, 35mm lens, RAW fotoğraf, yüksek dinamik aralık, doğal renkler, gerçekçi ışıklandırma, keskin odak, yüksek ayrıntı, gerçekçi malzeme dokuları, doğal gölgeler, fotoğraf gerçekçiliği, yüksek çözünürlük No fantasy elements. No futuristic buildings. No modern architecture. No artificial looking objects. The final image should resemble a professional National Geographic documentary photograph.;222;236;222;236
CHRD_REAL_0033;CHRD_REAL_0033.jpeg;Local Architecture;Derinkuyu;Church;Museum;Unknown;No;;Medium;;Kapadokya'da geçen son derece gerçekçi bir belgesel fotoğrafı oluştur. Tema: Kapadokya taş mimarisi, geleneksel kaya evleri, taş yapılar, Anadolu mimarisi, korunmuş tarihi yapılar, otantik kültürel mimari Konum: Derinkuyu, yeraltı şehri, tarihi kaya yapıları, antik yaşam alanları Ana kültürel motifler: tarihi kaya kilisesi, Bizans dönemi kaya kilisesi, otantik dini mimari yerel kültür müzesi, tarihi eser koleksiyonu, kültürel miras müzesi Mevsim: doğal gün ışığı Sahne tamamen Kapadokya'nın gerçek kültürel kimliğini yansıtmalıdır. Ön planda ana kültürel motifler açık şekilde görünmelidir. Orta planda tarihi çevre doğal şekilde devam etmelidir. Arka planda Kapadokya'nın gerçek topoğrafyası yer almalıdır. Ön planda ana kültürel motifler açık şekilde görünmelidir. Orta planda Kapadokya'nın doğal ve tarihi çevresi yer almalıdır. Arka planda bölgenin gerçek topoğrafyası korunmalıdır. Kompozisyon doğal perspektife sahip olmalıdır. Fotoğraf gerçek bir insan tarafından çekilmiş hissi vermelidir. gerçek belgesel fotoğrafı, National Geographic tarzı, fotoğraf gerçekçiliği, yüksek dinamik aralık, gerçekçi ışık, gerçekçi gölgeler, 35mm DSLR, RAW fotoğraf, yüksek çözünürlük, keskin odak, yüksek ayrıntı, gerçek malzeme dokuları, doğal renkler belgesel fotoğrafçılığı, National Geographic kalitesi, ultra gerçekçi, profesyonel DSLR fotoğrafı, 35mm lens, RAW fotoğraf, yüksek dinamik aralık, doğal renkler, gerçekçi ışıklandırma, keskin odak, yüksek ayrıntı, gerçekçi malzeme dokuları, doğal gölgeler, fotoğraf gerçekçiliği, yüksek çözünürlük Kesinlikle fantastik öğe bulunmamalıdır. Modern mimari kullanılmamalıdır. Yapay görünen nesneler bulunmamalıdır. Fotoğraf gerçek bir belgesel fotoğrafçısı tarafından çekilmiş hissi vermelidir.;Create an ultra realistic documentary style photograph captured in Cappadocia. Theme: Kapadokya taş mimarisi, geleneksel kaya evleri, taş yapılar, Anadolu mimarisi, korunmuş tarihi yapılar, otantik kültürel mimari Location: Derinkuyu, yeraltı şehri, tarihi kaya yapıları, antik yaşam alanları Main cultural elements: tarihi kaya kilisesi, Bizans dönemi kaya kilisesi, otantik dini mimari yerel kültür müzesi, tarihi eser koleksiyonu, kültürel miras müzesi Season: doğal gün ışığı The scene must faithfully represent the authentic cultural identity of Cappadocia. The foreground should clearly emphasize the main cultural elements. The middle ground should naturally continue with the historical environment. The background should preserve the real geography of Cappadocia. Ön planda ana kültürel motifler açık şekilde görünmelidir. Orta planda Kapadokya'nın doğal ve tarihi çevresi yer almalıdır. Arka planda bölgenin gerçek topoğrafyası korunmalıdır. Kompozisyon doğal perspektife sahip olmalıdır. Fotoğraf gerçek bir insan tarafından çekilmiş hissi vermelidir. gerçek belgesel fotoğrafı, National Geographic tarzı, fotoğraf gerçekçiliği, yüksek dinamik aralık, gerçekçi ışık, gerçekçi gölgeler, 35mm DSLR, RAW fotoğraf, yüksek çözünürlük, keskin odak, yüksek ayrıntı, gerçek malzeme dokuları, doğal renkler belgesel fotoğrafçılığı, National Geographic kalitesi, ultra gerçekçi, profesyonel DSLR fotoğrafı, 35mm lens, RAW fotoğraf, yüksek dinamik aralık, doğal renkler, gerçekçi ışıklandırma, keskin odak, yüksek ayrıntı, gerçekçi malzeme dokuları, doğal gölgeler, fotoğraf gerçekçiliği, yüksek çözünürlük No fantasy elements. No futuristic buildings. No modern architecture. No artificial looking objects. The final image should resemble a professional National Geographic documentary photograph.;212;226;212;226
CHRD_REAL_0034;CHRD_REAL_0034.jpeg;Natural Landscape;Avanos;River;Landscape;Unknown;No;;Medium;;Kapadokya'da geçen son derece gerçekçi bir belgesel fotoğrafı oluştur. Tema: Kapadokya'nın doğal manzarası, vadiler, volkanik kaya oluşumları, peri bacaları, geniş gökyüzü, otantik doğal çevre Konum: Avanos, Kızılırmak Nehri, geleneksel çömlekçilik, el sanatları, kırmızı kil seramikleri, tarihi çarşı Ana kültürel motifler: Kızılırmak Nehri, doğal nehir manzarası, nehir kıyısı Kapadokya doğal manzarası, geniş açık arazi, otantik doğa görünümü Mevsim: doğal gün ışığı Sahne tamamen Kapadokya'nın gerçek kültürel kimliğini yansıtmalıdır. Ön planda ana kültürel motifler açık şekilde görünmelidir. Orta planda tarihi çevre doğal şekilde devam etmelidir. Arka planda Kapadokya'nın gerçek topoğrafyası yer almalıdır. Ön planda ana kültürel motifler açık şekilde görünmelidir. Orta planda Kapadokya'nın doğal ve tarihi çevresi yer almalıdır. Arka planda bölgenin gerçek topoğrafyası korunmalıdır. Kompozisyon doğal perspektife sahip olmalıdır. Fotoğraf gerçek bir insan tarafından çekilmiş hissi vermelidir. gerçek belgesel fotoğrafı, National Geographic tarzı, fotoğraf gerçekçiliği, yüksek dinamik aralık, gerçekçi ışık, gerçekçi gölgeler, 35mm DSLR, RAW fotoğraf, yüksek çözünürlük, keskin odak, yüksek ayrıntı, gerçek malzeme dokuları, doğal renkler belgesel fotoğrafçılığı, National Geographic kalitesi, ultra gerçekçi, profesyonel DSLR fotoğrafı, 35mm lens, RAW fotoğraf, yüksek dinamik aralık, doğal renkler, gerçekçi ışıklandırma, keskin odak, yüksek ayrıntı, gerçekçi malzeme dokuları, doğal gölgeler, fotoğraf gerçekçiliği, yüksek çözünürlük Kesinlikle fantastik öğe bulunmamalıdır. Modern mimari kullanılmamalıdır. Yapay görünen nesneler bulunmamalıdır. Fotoğraf gerçek bir belgesel fotoğrafçısı tarafından çekilmiş hissi vermelidir.;Create an ultra realistic documentary style photograph captured in Cappadocia. Theme: Kapadokya'nın doğal manzarası, vadiler, volkanik kaya oluşumları, peri bacaları, geniş gökyüzü, otantik doğal çevre Location: Avanos, Kızılırmak Nehri, geleneksel çömlekçilik, el sanatları, kırmızı kil seramikleri, tarihi çarşı Main cultural elements: Kızılırmak Nehri, doğal nehir manzarası, nehir kıyısı Kapadokya doğal manzarası, geniş açık arazi, otantik doğa görünümü Season: doğal gün ışığı The scene must faithfully represent the authentic cultural identity of Cappadocia. The foreground should clearly emphasize the main cultural elements. The middle ground should naturally continue with the historical environment. The background should preserve the real geography of Cappadocia. Ön planda ana kültürel motifler açık şekilde görünmelidir. Orta planda Kapadokya'nın doğal ve tarihi çevresi yer almalıdır. Arka planda bölgenin gerçek topoğrafyası korunmalıdır. Kompozisyon doğal perspektife sahip olmalıdır. Fotoğraf gerçek bir insan tarafından çekilmiş hissi vermelidir. gerçek belgesel fotoğrafı, National Geographic tarzı, fotoğraf gerçekçiliği, yüksek dinamik aralık, gerçekçi ışık, gerçekçi gölgeler, 35mm DSLR, RAW fotoğraf, yüksek çözünürlük, keskin odak, yüksek ayrıntı, gerçek malzeme dokuları, doğal renkler belgesel fotoğrafçılığı, National Geographic kalitesi, ultra gerçekçi, profesyonel DSLR fotoğrafı, 35mm lens, RAW fotoğraf, yüksek dinamik aralık, doğal renkler, gerçekçi ışıklandırma, keskin odak, yüksek ayrıntı, gerçekçi malzeme dokuları, doğal gölgeler, fotoğraf gerçekçiliği, yüksek çözünürlük No fantasy elements. No futuristic buildings. No modern architecture. No artificial looking objects. The final image should resemble a professional National Geographic documentary photograph.;210;224;210;224
CHRD_REAL_0035;CHRD_REAL_0035.jpeg;Local Architecture;Derinkuyu;Church;Museum;Unknown;No;;Medium;;Kapadokya'da geçen son derece gerçekçi bir belgesel fotoğrafı oluştur. Tema: Kapadokya taş mimarisi, geleneksel kaya evleri, taş yapılar, Anadolu mimarisi, korunmuş tarihi yapılar, otantik kültürel mimari Konum: Derinkuyu, yeraltı şehri, tarihi kaya yapıları, antik yaşam alanları Ana kültürel motifler: tarihi kaya kilisesi, Bizans dönemi kaya kilisesi, otantik dini mimari yerel kültür müzesi, tarihi eser koleksiyonu, kültürel miras müzesi Mevsim: doğal gün ışığı Sahne tamamen Kapadokya'nın gerçek kültürel kimliğini yansıtmalıdır. Ön planda ana kültürel motifler açık şekilde görünmelidir. Orta planda tarihi çevre doğal şekilde devam etmelidir. Arka planda Kapadokya'nın gerçek topoğrafyası yer almalıdır. Ön planda ana kültürel motifler açık şekilde görünmelidir. Orta planda Kapadokya'nın doğal ve tarihi çevresi yer almalıdır. Arka planda bölgenin gerçek topoğrafyası korunmalıdır. Kompozisyon doğal perspektife sahip olmalıdır. Fotoğraf gerçek bir insan tarafından çekilmiş hissi vermelidir. gerçek belgesel fotoğrafı, National Geographic tarzı, fotoğraf gerçekçiliği, yüksek dinamik aralık, gerçekçi ışık, gerçekçi gölgeler, 35mm DSLR, RAW fotoğraf, yüksek çözünürlük, keskin odak, yüksek ayrıntı, gerçek malzeme dokuları, doğal renkler belgesel fotoğrafçılığı, National Geographic kalitesi, ultra gerçekçi, profesyonel DSLR fotoğrafı, 35mm lens, RAW fotoğraf, yüksek dinamik aralık, doğal renkler, gerçekçi ışıklandırma, keskin odak, yüksek ayrıntı, gerçekçi malzeme dokuları, doğal gölgeler, fotoğraf gerçekçiliği, yüksek çözünürlük Kesinlikle fantastik öğe bulunmamalıdır. Modern mimari kullanılmamalıdır. Yapay görünen nesneler bulunmamalıdır. Fotoğraf gerçek bir belgesel fotoğrafçısı tarafından çekilmiş hissi vermelidir.;Create an ultra realistic documentary style photograph captured in Cappadocia. Theme: Kapadokya taş mimarisi, geleneksel kaya evleri, taş yapılar, Anadolu mimarisi, korunmuş tarihi yapılar, otantik kültürel mimari Location: Derinkuyu, yeraltı şehri, tarihi kaya yapıları, antik yaşam alanları Main cultural elements: tarihi kaya kilisesi, Bizans dönemi kaya kilisesi, otantik dini mimari yerel kültür müzesi, tarihi eser koleksiyonu, kültürel miras müzesi Season: doğal gün ışığı The scene must faithfully represent the authentic cultural identity of Cappadocia. The foreground should clearly emphasize the main cultural elements. The middle ground should naturally continue with the historical environment. The background should preserve the real geography of Cappadocia. Ön planda ana kültürel motifler açık şekilde görünmelidir. Orta planda Kapadokya'nın doğal ve tarihi çevresi yer almalıdır. Arka planda bölgenin gerçek topoğrafyası korunmalıdır. Kompozisyon doğal perspektife sahip olmalıdır. Fotoğraf gerçek bir insan tarafından çekilmiş hissi vermelidir. gerçek belgesel fotoğrafı, National Geographic tarzı, fotoğraf gerçekçiliği, yüksek dinamik aralık, gerçekçi ışık, gerçekçi gölgeler, 35mm DSLR, RAW fotoğraf, yüksek çözünürlük, keskin odak, yüksek ayrıntı, gerçek malzeme dokuları, doğal renkler belgesel fotoğrafçılığı, National Geographic kalitesi, ultra gerçekçi, profesyonel DSLR fotoğrafı, 35mm lens, RAW fotoğraf, yüksek dinamik aralık, doğal renkler, gerçekçi ışıklandırma, keskin odak, yüksek ayrıntı, gerçekçi malzeme dokuları, doğal gölgeler, fotoğraf gerçekçiliği, yüksek çözünürlük No fantasy elements. No futuristic buildings. No modern architecture. No artificial looking objects. The final image should resemble a professional National Geographic documentary photograph.;212;226;212;226
CHRD_REAL_0036;CHRD_REAL_0036.jpeg;Local Architecture;Derinkuyu;Church;Museum;Unknown;No;;Medium;;Kapadokya'da geçen son derece gerçekçi bir belgesel fotoğrafı oluştur. Tema: Kapadokya taş mimarisi, geleneksel kaya evleri, taş yapılar, Anadolu mimarisi, korunmuş tarihi yapılar, otantik kültürel mimari Konum: Derinkuyu, yeraltı şehri, tarihi kaya yapıları, antik yaşam alanları Ana kültürel motifler: tarihi kaya kilisesi, Bizans dönemi kaya kilisesi, otantik dini mimari yerel kültür müzesi, tarihi eser koleksiyonu, kültürel miras müzesi Mevsim: doğal gün ışığı Sahne tamamen Kapadokya'nın gerçek kültürel kimliğini yansıtmalıdır. Ön planda ana kültürel motifler açık şekilde görünmelidir. Orta planda tarihi çevre doğal şekilde devam etmelidir. Arka planda Kapadokya'nın gerçek topoğrafyası yer almalıdır. Ön planda ana kültürel motifler açık şekilde görünmelidir. Orta planda Kapadokya'nın doğal ve tarihi çevresi yer almalıdır. Arka planda bölgenin gerçek topoğrafyası korunmalıdır. Kompozisyon doğal perspektife sahip olmalıdır. Fotoğraf gerçek bir insan tarafından çekilmiş hissi vermelidir. gerçek belgesel fotoğrafı, National Geographic tarzı, fotoğraf gerçekçiliği, yüksek dinamik aralık, gerçekçi ışık, gerçekçi gölgeler, 35mm DSLR, RAW fotoğraf, yüksek çözünürlük, keskin odak, yüksek ayrıntı, gerçek malzeme dokuları, doğal renkler belgesel fotoğrafçılığı, National Geographic kalitesi, ultra gerçekçi, profesyonel DSLR fotoğrafı, 35mm lens, RAW fotoğraf, yüksek dinamik aralık, doğal renkler, gerçekçi ışıklandırma, keskin odak, yüksek ayrıntı, gerçekçi malzeme dokuları, doğal gölgeler, fotoğraf gerçekçiliği, yüksek çözünürlük Kesinlikle fantastik öğe bulunmamalıdır. Modern mimari kullanılmamalıdır. Yapay görünen nesneler bulunmamalıdır. Fotoğraf gerçek bir belgesel fotoğrafçısı tarafından çekilmiş hissi vermelidir.;Create an ultra realistic documentary style photograph captured in Cappadocia. Theme: Kapadokya taş mimarisi, geleneksel kaya evleri, taş yapılar, Anadolu mimarisi, korunmuş tarihi yapılar, otantik kültürel mimari Location: Derinkuyu, yeraltı şehri, tarihi kaya yapıları, antik yaşam alanları Main cultural elements: tarihi kaya kilisesi, Bizans dönemi kaya kilisesi, otantik dini mimari yerel kültür müzesi, tarihi eser koleksiyonu, kültürel miras müzesi Season: doğal gün ışığı The scene must faithfully represent the authentic cultural identity of Cappadocia. The foreground should clearly emphasize the main cultural elements. The middle ground should naturally continue with the historical environment. The background should preserve the real geography of Cappadocia. Ön planda ana kültürel motifler açık şekilde görünmelidir. Orta planda Kapadokya'nın doğal ve tarihi çevresi yer almalıdır. Arka planda bölgenin gerçek topoğrafyası korunmalıdır. Kompozisyon doğal perspektife sahip olmalıdır. Fotoğraf gerçek bir insan tarafından çekilmiş hissi vermelidir. gerçek belgesel fotoğrafı, National Geographic tarzı, fotoğraf gerçekçiliği, yüksek dinamik aralık, gerçekçi ışık, gerçekçi gölgeler, 35mm DSLR, RAW fotoğraf, yüksek çözünürlük, keskin odak, yüksek ayrıntı, gerçek malzeme dokuları, doğal renkler belgesel fotoğrafçılığı, National Geographic kalitesi, ultra gerçekçi, profesyonel DSLR fotoğrafı, 35mm lens, RAW fotoğraf, yüksek dinamik aralık, doğal renkler, gerçekçi ışıklandırma, keskin odak, yüksek ayrıntı, gerçekçi malzeme dokuları, doğal gölgeler, fotoğraf gerçekçiliği, yüksek çözünürlük No fantasy elements. No futuristic buildings. No modern architecture. No artificial looking objects. The final image should resemble a professional National Geographic documentary photograph.;212;226;212;226
CHRD_REAL_0037;CHRD_REAL_0037.jpeg;Local Architecture;Derinkuyu;Church;Museum;Unknown;No;;Medium;;Kapadokya'da geçen son derece gerçekçi bir belgesel fotoğrafı oluştur. Tema: Kapadokya taş mimarisi, geleneksel kaya evleri, taş yapılar, Anadolu mimarisi, korunmuş tarihi yapılar, otantik kültürel mimari Konum: Derinkuyu, yeraltı şehri, tarihi kaya yapıları, antik yaşam alanları Ana kültürel motifler: tarihi kaya kilisesi, Bizans dönemi kaya kilisesi, otantik dini mimari yerel kültür müzesi, tarihi eser koleksiyonu, kültürel miras müzesi Mevsim: doğal gün ışığı Sahne tamamen Kapadokya'nın gerçek kültürel kimliğini yansıtmalıdır. Ön planda ana kültürel motifler açık şekilde görünmelidir. Orta planda tarihi çevre doğal şekilde devam etmelidir. Arka planda Kapadokya'nın gerçek topoğrafyası yer almalıdır. Ön planda ana kültürel motifler açık şekilde görünmelidir. Orta planda Kapadokya'nın doğal ve tarihi çevresi yer almalıdır. Arka planda bölgenin gerçek topoğrafyası korunmalıdır. Kompozisyon doğal perspektife sahip olmalıdır. Fotoğraf gerçek bir insan tarafından çekilmiş hissi vermelidir. gerçek belgesel fotoğrafı, National Geographic tarzı, fotoğraf gerçekçiliği, yüksek dinamik aralık, gerçekçi ışık, gerçekçi gölgeler, 35mm DSLR, RAW fotoğraf, yüksek çözünürlük, keskin odak, yüksek ayrıntı, gerçek malzeme dokuları, doğal renkler belgesel fotoğrafçılığı, National Geographic kalitesi, ultra gerçekçi, profesyonel DSLR fotoğrafı, 35mm lens, RAW fotoğraf, yüksek dinamik aralık, doğal renkler, gerçekçi ışıklandırma, keskin odak, yüksek ayrıntı, gerçekçi malzeme dokuları, doğal gölgeler, fotoğraf gerçekçiliği, yüksek çözünürlük Kesinlikle fantastik öğe bulunmamalıdır. Modern mimari kullanılmamalıdır. Yapay görünen nesneler bulunmamalıdır. Fotoğraf gerçek bir belgesel fotoğrafçısı tarafından çekilmiş hissi vermelidir.;Create an ultra realistic documentary style photograph captured in Cappadocia. Theme: Kapadokya taş mimarisi, geleneksel kaya evleri, taş yapılar, Anadolu mimarisi, korunmuş tarihi yapılar, otantik kültürel mimari Location: Derinkuyu, yeraltı şehri, tarihi kaya yapıları, antik yaşam alanları Main cultural elements: tarihi kaya kilisesi, Bizans dönemi kaya kilisesi, otantik dini mimari yerel kültür müzesi, tarihi eser koleksiyonu, kültürel miras müzesi Season: doğal gün ışığı The scene must faithfully represent the authentic cultural identity of Cappadocia. The foreground should clearly emphasize the main cultural elements. The middle ground should naturally continue with the historical environment. The background should preserve the real geography of Cappadocia. Ön planda ana kültürel motifler açık şekilde görünmelidir. Orta planda Kapadokya'nın doğal ve tarihi çevresi yer almalıdır. Arka planda bölgenin gerçek topoğrafyası korunmalıdır. Kompozisyon doğal perspektife sahip olmalıdır. Fotoğraf gerçek bir insan tarafından çekilmiş hissi vermelidir. gerçek belgesel fotoğrafı, National Geographic tarzı, fotoğraf gerçekçiliği, yüksek dinamik aralık, gerçekçi ışık, gerçekçi gölgeler, 35mm DSLR, RAW fotoğraf, yüksek çözünürlük, keskin odak, yüksek ayrıntı, gerçek malzeme dokuları, doğal renkler belgesel fotoğrafçılığı, National Geographic kalitesi, ultra gerçekçi, profesyonel DSLR fotoğrafı, 35mm lens, RAW fotoğraf, yüksek dinamik aralık, doğal renkler, gerçekçi ışıklandırma, keskin odak, yüksek ayrıntı, gerçekçi malzeme dokuları, doğal gölgeler, fotoğraf gerçekçiliği, yüksek çözünürlük No fantasy elements. No futuristic buildings. No modern architecture. No artificial looking objects. The final image should resemble a professional National Geographic documentary photograph.;212;226;212;226
CHRD_REAL_0038;CHRD_REAL_0038.jpeg;Daily Life;Ürgüp;Stone House;Landscape;Unknown;No;;Medium;;Kapadokya'da geçen son derece gerçekçi bir belgesel fotoğrafı oluştur. Tema: Kapadokya'da yaşayan insanların doğal günlük yaşamı, yerel Anadolu kültürü, geleneksel yaşam biçimi, otantik sosyal ortam, gerçek yaşam sahnesi, yaşayan kültürel miras Konum: Ürgüp, tarihi taş evler, geleneksel Kapadokya yerleşimi, dar taş sokaklar, otantik Anadolu mimarisi Ana kültürel motifler: geleneksel taş evler, Anadolu taş mimarisi, tarihi taş yapılar Kapadokya doğal manzarası, geniş açık arazi, otantik doğa görünümü Mevsim: doğal gün ışığı Sahne tamamen Kapadokya'nın gerçek kültürel kimliğini yansıtmalıdır. Ön planda ana kültürel motifler açık şekilde görünmelidir. Orta planda tarihi çevre doğal şekilde devam etmelidir. Arka planda Kapadokya'nın gerçek topoğrafyası yer almalıdır. Ön planda ana kültürel motifler açık şekilde görünmelidir. Orta planda Kapadokya'nın doğal ve tarihi çevresi yer almalıdır. Arka planda bölgenin gerçek topoğrafyası korunmalıdır. Kompozisyon doğal perspektife sahip olmalıdır. Fotoğraf gerçek bir insan tarafından çekilmiş hissi vermelidir. gerçek belgesel fotoğrafı, National Geographic tarzı, fotoğraf gerçekçiliği, yüksek dinamik aralık, gerçekçi ışık, gerçekçi gölgeler, 35mm DSLR, RAW fotoğraf, yüksek çözünürlük, keskin odak, yüksek ayrıntı, gerçek malzeme dokuları, doğal renkler belgesel fotoğrafçılığı, National Geographic kalitesi, ultra gerçekçi, profesyonel DSLR fotoğrafı, 35mm lens, RAW fotoğraf, yüksek dinamik aralık, doğal renkler, gerçekçi ışıklandırma, keskin odak, yüksek ayrıntı, gerçekçi malzeme dokuları, doğal gölgeler, fotoğraf gerçekçiliği, yüksek çözünürlük Kesinlikle fantastik öğe bulunmamalıdır. Modern mimari kullanılmamalıdır. Yapay görünen nesneler bulunmamalıdır. Fotoğraf gerçek bir belgesel fotoğrafçısı tarafından çekilmiş hissi vermelidir.;Create an ultra realistic documentary style photograph captured in Cappadocia. Theme: Kapadokya'da yaşayan insanların doğal günlük yaşamı, yerel Anadolu kültürü, geleneksel yaşam biçimi, otantik sosyal ortam, gerçek yaşam sahnesi, yaşayan kültürel miras Location: Ürgüp, tarihi taş evler, geleneksel Kapadokya yerleşimi, dar taş sokaklar, otantik Anadolu mimarisi Main cultural elements: geleneksel taş evler, Anadolu taş mimarisi, tarihi taş yapılar Kapadokya doğal manzarası, geniş açık arazi, otantik doğa görünümü Season: doğal gün ışığı The scene must faithfully represent the authentic cultural identity of Cappadocia. The foreground should clearly emphasize the main cultural elements. The middle ground should naturally continue with the historical environment. The background should preserve the real geography of Cappadocia. Ön planda ana kültürel motifler açık şekilde görünmelidir. Orta planda Kapadokya'nın doğal ve tarihi çevresi yer almalıdır. Arka planda bölgenin gerçek topoğrafyası korunmalıdır. Kompozisyon doğal perspektife sahip olmalıdır. Fotoğraf gerçek bir insan tarafından çekilmiş hissi vermelidir. gerçek belgesel fotoğrafı, National Geographic tarzı, fotoğraf gerçekçiliği, yüksek dinamik aralık, gerçekçi ışık, gerçekçi gölgeler, 35mm DSLR, RAW fotoğraf, yüksek çözünürlük, keskin odak, yüksek ayrıntı, gerçek malzeme dokuları, doğal renkler belgesel fotoğrafçılığı, National Geographic kalitesi, ultra gerçekçi, profesyonel DSLR fotoğrafı, 35mm lens, RAW fotoğraf, yüksek dinamik aralık, doğal renkler, gerçekçi ışıklandırma, keskin odak, yüksek ayrıntı, gerçekçi malzeme dokuları, doğal gölgeler, fotoğraf gerçekçiliği, yüksek çözünürlük No fantasy elements. No futuristic buildings. No modern architecture. No artificial looking objects. The final image should resemble a professional National Geographic documentary photograph.;220;234;220;234
CHRD_REAL_0041;CHRD_REAL_0041.jpeg;Local Architecture;Mustafapaşa;Street;Stone House;Unknown;No;;Medium;;Kapadokya'da geçen son derece gerçekçi bir belgesel fotoğrafı oluştur. Tema: Kapadokya taş mimarisi, geleneksel kaya evleri, taş yapılar, Anadolu mimarisi, korunmuş tarihi yapılar, otantik kültürel mimari Konum: Mustafapaşa, eski Rum taş konakları, tarihi sokaklar, geleneksel Kapadokya mimarisi Ana kültürel motifler: tarihi taş sokak, otantik Kapadokya yolu, geleneksel mahalle yolu geleneksel taş evler, Anadolu taş mimarisi, tarihi taş yapılar Mevsim: doğal gün ışığı Sahne tamamen Kapadokya'nın gerçek kültürel kimliğini yansıtmalıdır. Ön planda ana kültürel motifler açık şekilde görünmelidir. Orta planda tarihi çevre doğal şekilde devam etmelidir. Arka planda Kapadokya'nın gerçek topoğrafyası yer almalıdır. Ön planda ana kültürel motifler açık şekilde görünmelidir. Orta planda Kapadokya'nın doğal ve tarihi çevresi yer almalıdır. Arka planda bölgenin gerçek topoğrafyası korunmalıdır. Kompozisyon doğal perspektife sahip olmalıdır. Fotoğraf gerçek bir insan tarafından çekilmiş hissi vermelidir. gerçek belgesel fotoğrafı, National Geographic tarzı, fotoğraf gerçekçiliği, yüksek dinamik aralık, gerçekçi ışık, gerçekçi gölgeler, 35mm DSLR, RAW fotoğraf, yüksek çözünürlük, keskin odak, yüksek ayrıntı, gerçek malzeme dokuları, doğal renkler belgesel fotoğrafçılığı, National Geographic kalitesi, ultra gerçekçi, profesyonel DSLR fotoğrafı, 35mm lens, RAW fotoğraf, yüksek dinamik aralık, doğal renkler, gerçekçi ışıklandırma, keskin odak, yüksek ayrıntı, gerçekçi malzeme dokuları, doğal gölgeler, fotoğraf gerçekçiliği, yüksek çözünürlük Kesinlikle fantastik öğe bulunmamalıdır. Modern mimari kullanılmamalıdır. Yapay görünen nesneler bulunmamalıdır. Fotoğraf gerçek bir belgesel fotoğrafçısı tarafından çekilmiş hissi vermelidir.;Create an ultra realistic documentary style photograph captured in Cappadocia. Theme: Kapadokya taş mimarisi, geleneksel kaya evleri, taş yapılar, Anadolu mimarisi, korunmuş tarihi yapılar, otantik kültürel mimari Location: Mustafapaşa, eski Rum taş konakları, tarihi sokaklar, geleneksel Kapadokya mimarisi Main cultural elements: tarihi taş sokak, otantik Kapadokya yolu, geleneksel mahalle yolu geleneksel taş evler, Anadolu taş mimarisi, tarihi taş yapılar Season: doğal gün ışığı The scene must faithfully represent the authentic cultural identity of Cappadocia. The foreground should clearly emphasize the main cultural elements. The middle ground should naturally continue with the historical environment. The background should preserve the real geography of Cappadocia. Ön planda ana kültürel motifler açık şekilde görünmelidir. Orta planda Kapadokya'nın doğal ve tarihi çevresi yer almalıdır. Arka planda bölgenin gerçek topoğrafyası korunmalıdır. Kompozisyon doğal perspektife sahip olmalıdır. Fotoğraf gerçek bir insan tarafından çekilmiş hissi vermelidir. gerçek belgesel fotoğrafı, National Geographic tarzı, fotoğraf gerçekçiliği, yüksek dinamik aralık, gerçekçi ışık, gerçekçi gölgeler, 35mm DSLR, RAW fotoğraf, yüksek çözünürlük, keskin odak, yüksek ayrıntı, gerçek malzeme dokuları, doğal renkler belgesel fotoğrafçılığı, National Geographic kalitesi, ultra gerçekçi, profesyonel DSLR fotoğrafı, 35mm lens, RAW fotoğraf, yüksek dinamik aralık, doğal renkler, gerçekçi ışıklandırma, keskin odak, yüksek ayrıntı, gerçekçi malzeme dokuları, doğal gölgeler, fotoğraf gerçekçiliği, yüksek çözünürlük No fantasy elements. No futuristic buildings. No modern architecture. No artificial looking objects. The final image should resemble a professional National Geographic documentary photograph.;212;226;212;226
CHRD_REAL_0042;CHRD_REAL_0042.jpeg;Village Square;Uçhisar Kalesi;Stone House;Street;Unknown;Yes;;Low;;Kapadokya'da geçen son derece gerçekçi bir belgesel fotoğrafı oluştur. Tema: Kapadokya köy meydanı, tarihi taş sokaklar, yerel mahalle yaşamı, geleneksel Anadolu yerleşimi, otantik köy atmosferi, kültürel yaşam alanı Konum: Uçhisar Kalesi Ana kültürel motifler: geleneksel taş evler, Anadolu taş mimarisi, tarihi taş yapılar tarihi taş sokak, otantik Kapadokya yolu, geleneksel mahalle yolu Mevsim: doğal gün ışığı Sahnede yöre halkı doğal günlük yaşamını sürdürmektedir. İnsanlar poz vermemekte, gerçek yaşamın doğal bir parçası olarak görünmektedir. Sahne tamamen Kapadokya'nın gerçek kültürel kimliğini yansıtmalıdır. Ön planda ana kültürel motifler açık şekilde görünmelidir. Orta planda tarihi çevre doğal şekilde devam etmelidir. Arka planda Kapadokya'nın gerçek topoğrafyası yer almalıdır. Ön planda ana kültürel motifler açık şekilde görünmelidir. Orta planda Kapadokya'nın doğal ve tarihi çevresi yer almalıdır. Arka planda bölgenin gerçek topoğrafyası korunmalıdır. Kompozisyon doğal perspektife sahip olmalıdır. Fotoğraf gerçek bir insan tarafından çekilmiş hissi vermelidir. gerçek belgesel fotoğrafı, National Geographic tarzı, fotoğraf gerçekçiliği, yüksek dinamik aralık, gerçekçi ışık, gerçekçi gölgeler, 35mm DSLR, RAW fotoğraf, yüksek çözünürlük, keskin odak, yüksek ayrıntı, gerçek malzeme dokuları, doğal renkler belgesel fotoğrafçılığı, National Geographic kalitesi, ultra gerçekçi, profesyonel DSLR fotoğrafı, 35mm lens, RAW fotoğraf, yüksek dinamik aralık, doğal renkler, gerçekçi ışıklandırma, keskin odak, yüksek ayrıntı, gerçekçi malzeme dokuları, doğal gölgeler, fotoğraf gerçekçiliği, yüksek çözünürlük Kesinlikle fantastik öğe bulunmamalıdır. Modern mimari kullanılmamalıdır. Yapay görünen nesneler bulunmamalıdır. Fotoğraf gerçek bir belgesel fotoğrafçısı tarafından çekilmiş hissi vermelidir.;Create an ultra realistic documentary style photograph captured in Cappadocia. Theme: Kapadokya köy meydanı, tarihi taş sokaklar, yerel mahalle yaşamı, geleneksel Anadolu yerleşimi, otantik köy atmosferi, kültürel yaşam alanı Location: Uçhisar Kalesi Main cultural elements: geleneksel taş evler, Anadolu taş mimarisi, tarihi taş yapılar tarihi taş sokak, otantik Kapadokya yolu, geleneksel mahalle yolu Season: doğal gün ışığı Local Anatolian people naturally appear in the scene. They are not posing for the camera. They are part of everyday life. The scene must faithfully represent the authentic cultural identity of Cappadocia. The foreground should clearly emphasize the main cultural elements. The middle ground should naturally continue with the historical environment. The background should preserve the real geography of Cappadocia. Ön planda ana kültürel motifler açık şekilde görünmelidir. Orta planda Kapadokya'nın doğal ve tarihi çevresi yer almalıdır. Arka planda bölgenin gerçek topoğrafyası korunmalıdır. Kompozisyon doğal perspektife sahip olmalıdır. Fotoğraf gerçek bir insan tarafından çekilmiş hissi vermelidir. gerçek belgesel fotoğrafı, National Geographic tarzı, fotoğraf gerçekçiliği, yüksek dinamik aralık, gerçekçi ışık, gerçekçi gölgeler, 35mm DSLR, RAW fotoğraf, yüksek çözünürlük, keskin odak, yüksek ayrıntı, gerçek malzeme dokuları, doğal renkler belgesel fotoğrafçılığı, National Geographic kalitesi, ultra gerçekçi, profesyonel DSLR fotoğrafı, 35mm lens, RAW fotoğraf, yüksek dinamik aralık, doğal renkler, gerçekçi ışıklandırma, keskin odak, yüksek ayrıntı, gerçekçi malzeme dokuları, doğal gölgeler, fotoğraf gerçekçiliği, yüksek çözünürlük No fantasy elements. No futuristic buildings. No modern architecture. No artificial looking objects. The final image should resemble a professional National Geographic documentary photograph.;223;241;223;241
CHRD_REAL_0043;CHRD_REAL_0043.jpeg;Rock-cut Heritage;Unknown;Fairy Chimney;Rock Formation;Unknown;No;;High;;Kapadokya'da geçen son derece gerçekçi bir belgesel fotoğrafı oluştur. Tema: Kapadokya'nın tarihi kaya oyma mirası, UNESCO Dünya Mirası, volkanik tüf kayalara oyulmuş tarihi yapılar, antik kaya yerleşimleri, geleneksel Anadolu mimarisi, otantik tarihi doku, korunmuş kültürel miras Konum: Kapadokya Ana kültürel motifler: Kapadokya'ya özgü peri bacaları, volkanik kaya oluşumları, doğal jeolojik yapı, ikonik Kapadokya manzarası volkanik kaya oluşumları, doğal kaya yapıları, Kapadokya jeolojisi Mevsim: doğal gün ışığı Sahne tamamen Kapadokya'nın gerçek kültürel kimliğini yansıtmalıdır. Ön planda ana kültürel motifler açık şekilde görünmelidir. Orta planda tarihi çevre doğal şekilde devam etmelidir. Arka planda Kapadokya'nın gerçek topoğrafyası yer almalıdır. Ön planda ana kültürel motifler açık şekilde görünmelidir. Orta planda Kapadokya'nın doğal ve tarihi çevresi yer almalıdır. Arka planda bölgenin gerçek topoğrafyası korunmalıdır. Kompozisyon doğal perspektife sahip olmalıdır. Fotoğraf gerçek bir insan tarafından çekilmiş hissi vermelidir. gerçek belgesel fotoğrafı, National Geographic tarzı, fotoğraf gerçekçiliği, yüksek dinamik aralık, gerçekçi ışık, gerçekçi gölgeler, 35mm DSLR, RAW fotoğraf, yüksek çözünürlük, keskin odak, yüksek ayrıntı, gerçek malzeme dokuları, doğal renkler belgesel fotoğrafçılığı, National Geographic kalitesi, ultra gerçekçi, profesyonel DSLR fotoğrafı, 35mm lens, RAW fotoğraf, yüksek dinamik aralık, doğal renkler, gerçekçi ışıklandırma, keskin odak, yüksek ayrıntı, gerçekçi malzeme dokuları, doğal gölgeler, fotoğraf gerçekçiliği, yüksek çözünürlük Kesinlikle fantastik öğe bulunmamalıdır. Modern mimari kullanılmamalıdır. Yapay görünen nesneler bulunmamalıdır. Fotoğraf gerçek bir belgesel fotoğrafçısı tarafından çekilmiş hissi vermelidir.;Create an ultra realistic documentary style photograph captured in Cappadocia. Theme: Kapadokya'nın tarihi kaya oyma mirası, UNESCO Dünya Mirası, volkanik tüf kayalara oyulmuş tarihi yapılar, antik kaya yerleşimleri, geleneksel Anadolu mimarisi, otantik tarihi doku, korunmuş kültürel miras Location: Kapadokya Main cultural elements: Kapadokya'ya özgü peri bacaları, volkanik kaya oluşumları, doğal jeolojik yapı, ikonik Kapadokya manzarası volkanik kaya oluşumları, doğal kaya yapıları, Kapadokya jeolojisi Season: doğal gün ışığı The scene must faithfully represent the authentic cultural identity of Cappadocia. The foreground should clearly emphasize the main cultural elements. The middle ground should naturally continue with the historical environment. The background should preserve the real geography of Cappadocia. Ön planda ana kültürel motifler açık şekilde görünmelidir. Orta planda Kapadokya'nın doğal ve tarihi çevresi yer almalıdır. Arka planda bölgenin gerçek topoğrafyası korunmalıdır. Kompozisyon doğal perspektife sahip olmalıdır. Fotoğraf gerçek bir insan tarafından çekilmiş hissi vermelidir. gerçek belgesel fotoğrafı, National Geographic tarzı, fotoğraf gerçekçiliği, yüksek dinamik aralık, gerçekçi ışık, gerçekçi gölgeler, 35mm DSLR, RAW fotoğraf, yüksek çözünürlük, keskin odak, yüksek ayrıntı, gerçek malzeme dokuları, doğal renkler belgesel fotoğrafçılığı, National Geographic kalitesi, ultra gerçekçi, profesyonel DSLR fotoğrafı, 35mm lens, RAW fotoğraf, yüksek dinamik aralık, doğal renkler, gerçekçi ışıklandırma, keskin odak, yüksek ayrıntı, gerçekçi malzeme dokuları, doğal gölgeler, fotoğraf gerçekçiliği, yüksek çözünürlük No fantasy elements. No futuristic buildings. No modern architecture. No artificial looking objects. The final image should resemble a professional National Geographic documentary photograph.;216;230;216;230
CHRD_REAL_0044;CHRD_REAL_0044.jpeg;Fairy Chimney;Uçhisar;Fairy Chimney;Rock Formation;Unknown;No;;High;;Kapadokya'da geçen son derece gerçekçi bir belgesel fotoğrafı oluştur. Tema: Fairy Chimney Konum: Uçhisar Ana kültürel motifler: Kapadokya'ya özgü peri bacaları, volkanik kaya oluşumları, doğal jeolojik yapı, ikonik Kapadokya manzarası volkanik kaya oluşumları, doğal kaya yapıları, Kapadokya jeolojisi Mevsim: doğal gün ışığı Sahne tamamen Kapadokya'nın gerçek kültürel kimliğini yansıtmalıdır. Ön planda ana kültürel motifler açık şekilde görünmelidir. Orta planda tarihi çevre doğal şekilde devam etmelidir. Arka planda Kapadokya'nın gerçek topoğrafyası yer almalıdır. Ön planda ana kültürel motifler açık şekilde görünmelidir. Orta planda Kapadokya'nın doğal ve tarihi çevresi yer almalıdır. Arka planda bölgenin gerçek topoğrafyası korunmalıdır. Kompozisyon doğal perspektife sahip olmalıdır. Fotoğraf gerçek bir insan tarafından çekilmiş hissi vermelidir. gerçek belgesel fotoğrafı, National Geographic tarzı, fotoğraf gerçekçiliği, yüksek dinamik aralık, gerçekçi ışık, gerçekçi gölgeler, 35mm DSLR, RAW fotoğraf, yüksek çözünürlük, keskin odak, yüksek ayrıntı, gerçek malzeme dokuları, doğal renkler belgesel fotoğrafçılığı, National Geographic kalitesi, ultra gerçekçi, profesyonel DSLR fotoğrafı, 35mm lens, RAW fotoğraf, yüksek dinamik aralık, doğal renkler, gerçekçi ışıklandırma, keskin odak, yüksek ayrıntı, gerçekçi malzeme dokuları, doğal gölgeler, fotoğraf gerçekçiliği, yüksek çözünürlük Kesinlikle fantastik öğe bulunmamalıdır. Modern mimari kullanılmamalıdır. Yapay görünen nesneler bulunmamalıdır. Fotoğraf gerçek bir belgesel fotoğrafçısı tarafından çekilmiş hissi vermelidir.;Create an ultra realistic documentary style photograph captured in Cappadocia. Theme: Fairy Chimney Location: Uçhisar Main cultural elements: Kapadokya'ya özgü peri bacaları, volkanik kaya oluşumları, doğal jeolojik yapı, ikonik Kapadokya manzarası volkanik kaya oluşumları, doğal kaya yapıları, Kapadokya jeolojisi Season: doğal gün ışığı The scene must faithfully represent the authentic cultural identity of Cappadocia. The foreground should clearly emphasize the main cultural elements. The middle ground should naturally continue with the historical environment. The background should preserve the real geography of Cappadocia. Ön planda ana kültürel motifler açık şekilde görünmelidir. Orta planda Kapadokya'nın doğal ve tarihi çevresi yer almalıdır. Arka planda bölgenin gerçek topoğrafyası korunmalıdır. Kompozisyon doğal perspektife sahip olmalıdır. Fotoğraf gerçek bir insan tarafından çekilmiş hissi vermelidir. gerçek belgesel fotoğrafı, National Geographic tarzı, fotoğraf gerçekçiliği, yüksek dinamik aralık, gerçekçi ışık, gerçekçi gölgeler, 35mm DSLR, RAW fotoğraf, yüksek çözünürlük, keskin odak, yüksek ayrıntı, gerçek malzeme dokuları, doğal renkler belgesel fotoğrafçılığı, National Geographic kalitesi, ultra gerçekçi, profesyonel DSLR fotoğrafı, 35mm lens, RAW fotoğraf, yüksek dinamik aralık, doğal renkler, gerçekçi ışıklandırma, keskin odak, yüksek ayrıntı, gerçekçi malzeme dokuları, doğal gölgeler, fotoğraf gerçekçiliği, yüksek çözünürlük No fantasy elements. No futuristic buildings. No modern architecture. No artificial looking objects. The final image should resemble a professional National Geographic documentary photograph.;192;206;192;206
CHRD_REAL_0045;CHRD_REAL_0045.jpeg;Rock-cut Heritage;Unknown;Fairy Chimney;Rock Formation;Unknown;No;;High;;Kapadokya'da geçen son derece gerçekçi bir belgesel fotoğrafı oluştur. Tema: Kapadokya'nın tarihi kaya oyma mirası, UNESCO Dünya Mirası, volkanik tüf kayalara oyulmuş tarihi yapılar, antik kaya yerleşimleri, geleneksel Anadolu mimarisi, otantik tarihi doku, korunmuş kültürel miras Konum: Kapadokya Ana kültürel motifler: Kapadokya'ya özgü peri bacaları, volkanik kaya oluşumları, doğal jeolojik yapı, ikonik Kapadokya manzarası volkanik kaya oluşumları, doğal kaya yapıları, Kapadokya jeolojisi Mevsim: doğal gün ışığı Sahne tamamen Kapadokya'nın gerçek kültürel kimliğini yansıtmalıdır. Ön planda ana kültürel motifler açık şekilde görünmelidir. Orta planda tarihi çevre doğal şekilde devam etmelidir. Arka planda Kapadokya'nın gerçek topoğrafyası yer almalıdır. Ön planda ana kültürel motifler açık şekilde görünmelidir. Orta planda Kapadokya'nın doğal ve tarihi çevresi yer almalıdır. Arka planda bölgenin gerçek topoğrafyası korunmalıdır. Kompozisyon doğal perspektife sahip olmalıdır. Fotoğraf gerçek bir insan tarafından çekilmiş hissi vermelidir. gerçek belgesel fotoğrafı, National Geographic tarzı, fotoğraf gerçekçiliği, yüksek dinamik aralık, gerçekçi ışık, gerçekçi gölgeler, 35mm DSLR, RAW fotoğraf, yüksek çözünürlük, keskin odak, yüksek ayrıntı, gerçek malzeme dokuları, doğal renkler belgesel fotoğrafçılığı, National Geographic kalitesi, ultra gerçekçi, profesyonel DSLR fotoğrafı, 35mm lens, RAW fotoğraf, yüksek dinamik aralık, doğal renkler, gerçekçi ışıklandırma, keskin odak, yüksek ayrıntı, gerçekçi malzeme dokuları, doğal gölgeler, fotoğraf gerçekçiliği, yüksek çözünürlük Kesinlikle fantastik öğe bulunmamalıdır. Modern mimari kullanılmamalıdır. Yapay görünen nesneler bulunmamalıdır. Fotoğraf gerçek bir belgesel fotoğrafçısı tarafından çekilmiş hissi vermelidir.;Create an ultra realistic documentary style photograph captured in Cappadocia. Theme: Kapadokya'nın tarihi kaya oyma mirası, UNESCO Dünya Mirası, volkanik tüf kayalara oyulmuş tarihi yapılar, antik kaya yerleşimleri, geleneksel Anadolu mimarisi, otantik tarihi doku, korunmuş kültürel miras Location: Kapadokya Main cultural elements: Kapadokya'ya özgü peri bacaları, volkanik kaya oluşumları, doğal jeolojik yapı, ikonik Kapadokya manzarası volkanik kaya oluşumları, doğal kaya yapıları, Kapadokya jeolojisi Season: doğal gün ışığı The scene must faithfully represent the authentic cultural identity of Cappadocia. The foreground should clearly emphasize the main cultural elements. The middle ground should naturally continue with the historical environment. The background should preserve the real geography of Cappadocia. Ön planda ana kültürel motifler açık şekilde görünmelidir. Orta planda Kapadokya'nın doğal ve tarihi çevresi yer almalıdır. Arka planda bölgenin gerçek topoğrafyası korunmalıdır. Kompozisyon doğal perspektife sahip olmalıdır. Fotoğraf gerçek bir insan tarafından çekilmiş hissi vermelidir. gerçek belgesel fotoğrafı, National Geographic tarzı, fotoğraf gerçekçiliği, yüksek dinamik aralık, gerçekçi ışık, gerçekçi gölgeler, 35mm DSLR, RAW fotoğraf, yüksek çözünürlük, keskin odak, yüksek ayrıntı, gerçek malzeme dokuları, doğal renkler belgesel fotoğrafçılığı, National Geographic kalitesi, ultra gerçekçi, profesyonel DSLR fotoğrafı, 35mm lens, RAW fotoğraf, yüksek dinamik aralık, doğal renkler, gerçekçi ışıklandırma, keskin odak, yüksek ayrıntı, gerçekçi malzeme dokuları, doğal gölgeler, fotoğraf gerçekçiliği, yüksek çözünürlük No fantasy elements. No futuristic buildings. No modern architecture. No artificial looking objects. The final image should resemble a professional National Geographic documentary photograph.;216;230;216;230
CHRD_REAL_0046;CHRD_REAL_0046.jpeg;Rock-cut Heritage;Unknown;Fairy Chimney;Rock Formation;Unknown;No;;High;;Kapadokya'da geçen son derece gerçekçi bir belgesel fotoğrafı oluştur. Tema: Kapadokya'nın tarihi kaya oyma mirası, UNESCO Dünya Mirası, volkanik tüf kayalara oyulmuş tarihi yapılar, antik kaya yerleşimleri, geleneksel Anadolu mimarisi, otantik tarihi doku, korunmuş kültürel miras Konum: Kapadokya Ana kültürel motifler: Kapadokya'ya özgü peri bacaları, volkanik kaya oluşumları, doğal jeolojik yapı, ikonik Kapadokya manzarası volkanik kaya oluşumları, doğal kaya yapıları, Kapadokya jeolojisi Mevsim: doğal gün ışığı Sahne tamamen Kapadokya'nın gerçek kültürel kimliğini yansıtmalıdır. Ön planda ana kültürel motifler açık şekilde görünmelidir. Orta planda tarihi çevre doğal şekilde devam etmelidir. Arka planda Kapadokya'nın gerçek topoğrafyası yer almalıdır. Ön planda ana kültürel motifler açık şekilde görünmelidir. Orta planda Kapadokya'nın doğal ve tarihi çevresi yer almalıdır. Arka planda bölgenin gerçek topoğrafyası korunmalıdır. Kompozisyon doğal perspektife sahip olmalıdır. Fotoğraf gerçek bir insan tarafından çekilmiş hissi vermelidir. gerçek belgesel fotoğrafı, National Geographic tarzı, fotoğraf gerçekçiliği, yüksek dinamik aralık, gerçekçi ışık, gerçekçi gölgeler, 35mm DSLR, RAW fotoğraf, yüksek çözünürlük, keskin odak, yüksek ayrıntı, gerçek malzeme dokuları, doğal renkler belgesel fotoğrafçılığı, National Geographic kalitesi, ultra gerçekçi, profesyonel DSLR fotoğrafı, 35mm lens, RAW fotoğraf, yüksek dinamik aralık, doğal renkler, gerçekçi ışıklandırma, keskin odak, yüksek ayrıntı, gerçekçi malzeme dokuları, doğal gölgeler, fotoğraf gerçekçiliği, yüksek çözünürlük Kesinlikle fantastik öğe bulunmamalıdır. Modern mimari kullanılmamalıdır. Yapay görünen nesneler bulunmamalıdır. Fotoğraf gerçek bir belgesel fotoğrafçısı tarafından çekilmiş hissi vermelidir.;Create an ultra realistic documentary style photograph captured in Cappadocia. Theme: Kapadokya'nın tarihi kaya oyma mirası, UNESCO Dünya Mirası, volkanik tüf kayalara oyulmuş tarihi yapılar, antik kaya yerleşimleri, geleneksel Anadolu mimarisi, otantik tarihi doku, korunmuş kültürel miras Location: Kapadokya Main cultural elements: Kapadokya'ya özgü peri bacaları, volkanik kaya oluşumları, doğal jeolojik yapı, ikonik Kapadokya manzarası volkanik kaya oluşumları, doğal kaya yapıları, Kapadokya jeolojisi Season: doğal gün ışığı The scene must faithfully represent the authentic cultural identity of Cappadocia. The foreground should clearly emphasize the main cultural elements. The middle ground should naturally continue with the historical environment. The background should preserve the real geography of Cappadocia. Ön planda ana kültürel motifler açık şekilde görünmelidir. Orta planda Kapadokya'nın doğal ve tarihi çevresi yer almalıdır. Arka planda bölgenin gerçek topoğrafyası korunmalıdır. Kompozisyon doğal perspektife sahip olmalıdır. Fotoğraf gerçek bir insan tarafından çekilmiş hissi vermelidir. gerçek belgesel fotoğrafı, National Geographic tarzı, fotoğraf gerçekçiliği, yüksek dinamik aralık, gerçekçi ışık, gerçekçi gölgeler, 35mm DSLR, RAW fotoğraf, yüksek çözünürlük, keskin odak, yüksek ayrıntı, gerçek malzeme dokuları, doğal renkler belgesel fotoğrafçılığı, National Geographic kalitesi, ultra gerçekçi, profesyonel DSLR fotoğrafı, 35mm lens, RAW fotoğraf, yüksek dinamik aralık, doğal renkler, gerçekçi ışıklandırma, keskin odak, yüksek ayrıntı, gerçekçi malzeme dokuları, doğal gölgeler, fotoğraf gerçekçiliği, yüksek çözünürlük No fantasy elements. No futuristic buildings. No modern architecture. No artificial looking objects. The final image should resemble a professional National Geographic documentary photograph.;216;230;216;230
CHRD_REAL_0047;CHRD_REAL_0047.jpeg;Local Architecture;Göreme Açık Hava Müzesi;Church;Museum;Unknown;No;;Medium;;Kapadokya'da geçen son derece gerçekçi bir belgesel fotoğrafı oluştur. Tema: Kapadokya taş mimarisi, geleneksel kaya evleri, taş yapılar, Anadolu mimarisi, korunmuş tarihi yapılar, otantik kültürel mimari Konum: Göreme Açık Hava Müzesi Ana kültürel motifler: tarihi kaya kilisesi, Bizans dönemi kaya kilisesi, otantik dini mimari yerel kültür müzesi, tarihi eser koleksiyonu, kültürel miras müzesi Mevsim: doğal gün ışığı Sahne tamamen Kapadokya'nın gerçek kültürel kimliğini yansıtmalıdır. Ön planda ana kültürel motifler açık şekilde görünmelidir. Orta planda tarihi çevre doğal şekilde devam etmelidir. Arka planda Kapadokya'nın gerçek topoğrafyası yer almalıdır. Ön planda ana kültürel motifler açık şekilde görünmelidir. Orta planda Kapadokya'nın doğal ve tarihi çevresi yer almalıdır. Arka planda bölgenin gerçek topoğrafyası korunmalıdır. Kompozisyon doğal perspektife sahip olmalıdır. Fotoğraf gerçek bir insan tarafından çekilmiş hissi vermelidir. gerçek belgesel fotoğrafı, National Geographic tarzı, fotoğraf gerçekçiliği, yüksek dinamik aralık, gerçekçi ışık, gerçekçi gölgeler, 35mm DSLR, RAW fotoğraf, yüksek çözünürlük, keskin odak, yüksek ayrıntı, gerçek malzeme dokuları, doğal renkler belgesel fotoğrafçılığı, National Geographic kalitesi, ultra gerçekçi, profesyonel DSLR fotoğrafı, 35mm lens, RAW fotoğraf, yüksek dinamik aralık, doğal renkler, gerçekçi ışıklandırma, keskin odak, yüksek ayrıntı, gerçekçi malzeme dokuları, doğal gölgeler, fotoğraf gerçekçiliği, yüksek çözünürlük Kesinlikle fantastik öğe bulunmamalıdır. Modern mimari kullanılmamalıdır. Yapay görünen nesneler bulunmamalıdır. Fotoğraf gerçek bir belgesel fotoğrafçısı tarafından çekilmiş hissi vermelidir.;Create an ultra realistic documentary style photograph captured in Cappadocia. Theme: Kapadokya taş mimarisi, geleneksel kaya evleri, taş yapılar, Anadolu mimarisi, korunmuş tarihi yapılar, otantik kültürel mimari Location: Göreme Açık Hava Müzesi Main cultural elements: tarihi kaya kilisesi, Bizans dönemi kaya kilisesi, otantik dini mimari yerel kültür müzesi, tarihi eser koleksiyonu, kültürel miras müzesi Season: doğal gün ışığı The scene must faithfully represent the authentic cultural identity of Cappadocia. The foreground should clearly emphasize the main cultural elements. The middle ground should naturally continue with the historical environment. The background should preserve the real geography of Cappadocia. Ön planda ana kültürel motifler açık şekilde görünmelidir. Orta planda Kapadokya'nın doğal ve tarihi çevresi yer almalıdır. Arka planda bölgenin gerçek topoğrafyası korunmalıdır. Kompozisyon doğal perspektife sahip olmalıdır. Fotoğraf gerçek bir insan tarafından çekilmiş hissi vermelidir. gerçek belgesel fotoğrafı, National Geographic tarzı, fotoğraf gerçekçiliği, yüksek dinamik aralık, gerçekçi ışık, gerçekçi gölgeler, 35mm DSLR, RAW fotoğraf, yüksek çözünürlük, keskin odak, yüksek ayrıntı, gerçek malzeme dokuları, doğal renkler belgesel fotoğrafçılığı, National Geographic kalitesi, ultra gerçekçi, profesyonel DSLR fotoğrafı, 35mm lens, RAW fotoğraf, yüksek dinamik aralık, doğal renkler, gerçekçi ışıklandırma, keskin odak, yüksek ayrıntı, gerçekçi malzeme dokuları, doğal gölgeler, fotoğraf gerçekçiliği, yüksek çözünürlük No fantasy elements. No futuristic buildings. No modern architecture. No artificial looking objects. The final image should resemble a professional National Geographic documentary photograph.;207;221;207;221
CHRD_REAL_0048;CHRD_REAL_0048.jpeg;Rock-cut Heritage;Unknown;Cave House;Landscape;Unknown;No;;High;;Kapadokya'da geçen son derece gerçekçi bir belgesel fotoğrafı oluştur. Tema: Kapadokya'nın tarihi kaya oyma mirası, UNESCO Dünya Mirası, volkanik tüf kayalara oyulmuş tarihi yapılar, antik kaya yerleşimleri, geleneksel Anadolu mimarisi, otantik tarihi doku, korunmuş kültürel miras Konum: Kapadokya Ana kültürel motifler: volkanik kayalara oyulmuş geleneksel kaya evleri, Kapadokya mağara yerleşimleri, otantik kaya konutları Kapadokya doğal manzarası, geniş açık arazi, otantik doğa görünümü Mevsim: doğal gün ışığı Sahne tamamen Kapadokya'nın gerçek kültürel kimliğini yansıtmalıdır. Ön planda ana kültürel motifler açık şekilde görünmelidir. Orta planda tarihi çevre doğal şekilde devam etmelidir. Arka planda Kapadokya'nın gerçek topoğrafyası yer almalıdır. Ön planda ana kültürel motifler açık şekilde görünmelidir. Orta planda Kapadokya'nın doğal ve tarihi çevresi yer almalıdır. Arka planda bölgenin gerçek topoğrafyası korunmalıdır. Kompozisyon doğal perspektife sahip olmalıdır. Fotoğraf gerçek bir insan tarafından çekilmiş hissi vermelidir. gerçek belgesel fotoğrafı, National Geographic tarzı, fotoğraf gerçekçiliği, yüksek dinamik aralık, gerçekçi ışık, gerçekçi gölgeler, 35mm DSLR, RAW fotoğraf, yüksek çözünürlük, keskin odak, yüksek ayrıntı, gerçek malzeme dokuları, doğal renkler belgesel fotoğrafçılığı, National Geographic kalitesi, ultra gerçekçi, profesyonel DSLR fotoğrafı, 35mm lens, RAW fotoğraf, yüksek dinamik aralık, doğal renkler, gerçekçi ışıklandırma, keskin odak, yüksek ayrıntı, gerçekçi malzeme dokuları, doğal gölgeler, fotoğraf gerçekçiliği, yüksek çözünürlük Kesinlikle fantastik öğe bulunmamalıdır. Modern mimari kullanılmamalıdır. Yapay görünen nesneler bulunmamalıdır. Fotoğraf gerçek bir belgesel fotoğrafçısı tarafından çekilmiş hissi vermelidir.;Create an ultra realistic documentary style photograph captured in Cappadocia. Theme: Kapadokya'nın tarihi kaya oyma mirası, UNESCO Dünya Mirası, volkanik tüf kayalara oyulmuş tarihi yapılar, antik kaya yerleşimleri, geleneksel Anadolu mimarisi, otantik tarihi doku, korunmuş kültürel miras Location: Kapadokya Main cultural elements: volkanik kayalara oyulmuş geleneksel kaya evleri, Kapadokya mağara yerleşimleri, otantik kaya konutları Kapadokya doğal manzarası, geniş açık arazi, otantik doğa görünümü Season: doğal gün ışığı The scene must faithfully represent the authentic cultural identity of Cappadocia. The foreground should clearly emphasize the main cultural elements. The middle ground should naturally continue with the historical environment. The background should preserve the real geography of Cappadocia. Ön planda ana kültürel motifler açık şekilde görünmelidir. Orta planda Kapadokya'nın doğal ve tarihi çevresi yer almalıdır. Arka planda bölgenin gerçek topoğrafyası korunmalıdır. Kompozisyon doğal perspektife sahip olmalıdır. Fotoğraf gerçek bir insan tarafından çekilmiş hissi vermelidir. gerçek belgesel fotoğrafı, National Geographic tarzı, fotoğraf gerçekçiliği, yüksek dinamik aralık, gerçekçi ışık, gerçekçi gölgeler, 35mm DSLR, RAW fotoğraf, yüksek çözünürlük, keskin odak, yüksek ayrıntı, gerçek malzeme dokuları, doğal renkler belgesel fotoğrafçılığı, National Geographic kalitesi, ultra gerçekçi, profesyonel DSLR fotoğrafı, 35mm lens, RAW fotoğraf, yüksek dinamik aralık, doğal renkler, gerçekçi ışıklandırma, keskin odak, yüksek ayrıntı, gerçekçi malzeme dokuları, doğal gölgeler, fotoğraf gerçekçiliği, yüksek çözünürlük No fantasy elements. No futuristic buildings. No modern architecture. No artificial looking objects. The final image should resemble a professional National Geographic documentary photograph.;216;230;216;230
CHRD_REAL_0049;CHRD_REAL_0049.jpeg;Local Architecture;Unknown;Church;Unknown;Unknown;No;;Low;;Kapadokya'da geçen son derece gerçekçi bir belgesel fotoğrafı oluştur. Tema: Kapadokya taş mimarisi, geleneksel kaya evleri, taş yapılar, Anadolu mimarisi, korunmuş tarihi yapılar, otantik kültürel mimari Konum: Kapadokya Ana kültürel motifler: tarihi kaya kilisesi, Bizans dönemi kaya kilisesi, otantik dini mimari Unknown Mevsim: doğal gün ışığı Sahne tamamen Kapadokya'nın gerçek kültürel kimliğini yansıtmalıdır. Ön planda ana kültürel motifler açık şekilde görünmelidir. Orta planda tarihi çevre doğal şekilde devam etmelidir. Arka planda Kapadokya'nın gerçek topoğrafyası yer almalıdır. Ön planda ana kültürel motifler açık şekilde görünmelidir. Orta planda Kapadokya'nın doğal ve tarihi çevresi yer almalıdır. Arka planda bölgenin gerçek topoğrafyası korunmalıdır. Kompozisyon doğal perspektife sahip olmalıdır. Fotoğraf gerçek bir insan tarafından çekilmiş hissi vermelidir. gerçek belgesel fotoğrafı, National Geographic tarzı, fotoğraf gerçekçiliği, yüksek dinamik aralık, gerçekçi ışık, gerçekçi gölgeler, 35mm DSLR, RAW fotoğraf, yüksek çözünürlük, keskin odak, yüksek ayrıntı, gerçek malzeme dokuları, doğal renkler belgesel fotoğrafçılığı, National Geographic kalitesi, ultra gerçekçi, profesyonel DSLR fotoğrafı, 35mm lens, RAW fotoğraf, yüksek dinamik aralık, doğal renkler, gerçekçi ışıklandırma, keskin odak, yüksek ayrıntı, gerçekçi malzeme dokuları, doğal gölgeler, fotoğraf gerçekçiliği, yüksek çözünürlük Kesinlikle fantastik öğe bulunmamalıdır. Modern mimari kullanılmamalıdır. Yapay görünen nesneler bulunmamalıdır. Fotoğraf gerçek bir belgesel fotoğrafçısı tarafından çekilmiş hissi vermelidir.;Create an ultra realistic documentary style photograph captured in Cappadocia. Theme: Kapadokya taş mimarisi, geleneksel kaya evleri, taş yapılar, Anadolu mimarisi, korunmuş tarihi yapılar, otantik kültürel mimari Location: Kapadokya Main cultural elements: tarihi kaya kilisesi, Bizans dönemi kaya kilisesi, otantik dini mimari Unknown Season: doğal gün ışığı The scene must faithfully represent the authentic cultural identity of Cappadocia. The foreground should clearly emphasize the main cultural elements. The middle ground should naturally continue with the historical environment. The background should preserve the real geography of Cappadocia. Ön planda ana kültürel motifler açık şekilde görünmelidir. Orta planda Kapadokya'nın doğal ve tarihi çevresi yer almalıdır. Arka planda bölgenin gerçek topoğrafyası korunmalıdır. Kompozisyon doğal perspektife sahip olmalıdır. Fotoğraf gerçek bir insan tarafından çekilmiş hissi vermelidir. gerçek belgesel fotoğrafı, National Geographic tarzı, fotoğraf gerçekçiliği, yüksek dinamik aralık, gerçekçi ışık, gerçekçi gölgeler, 35mm DSLR, RAW fotoğraf, yüksek çözünürlük, keskin odak, yüksek ayrıntı, gerçek malzeme dokuları, doğal renkler belgesel fotoğrafçılığı, National Geographic kalitesi, ultra gerçekçi, profesyonel DSLR fotoğrafı, 35mm lens, RAW fotoğraf, yüksek dinamik aralık, doğal renkler, gerçekçi ışıklandırma, keskin odak, yüksek ayrıntı, gerçekçi malzeme dokuları, doğal gölgeler, fotoğraf gerçekçiliği, yüksek çözünürlük No fantasy elements. No futuristic buildings. No modern architecture. No artificial looking objects. The final image should resemble a professional National Geographic documentary photograph.;196;210;196;210
CHRD_REAL_0050;CHRD_REAL_0050.jpeg;Local Architecture;Göreme Açık Hava Müzesi;Church;Museum;Unknown;No;;Medium;;Kapadokya'da geçen son derece gerçekçi bir belgesel fotoğrafı oluştur. Tema: Kapadokya taş mimarisi, geleneksel kaya evleri, taş yapılar, Anadolu mimarisi, korunmuş tarihi yapılar, otantik kültürel mimari Konum: Göreme Açık Hava Müzesi Ana kültürel motifler: tarihi kaya kilisesi, Bizans dönemi kaya kilisesi, otantik dini mimari yerel kültür müzesi, tarihi eser koleksiyonu, kültürel miras müzesi Mevsim: doğal gün ışığı Sahne tamamen Kapadokya'nın gerçek kültürel kimliğini yansıtmalıdır. Ön planda ana kültürel motifler açık şekilde görünmelidir. Orta planda tarihi çevre doğal şekilde devam etmelidir. Arka planda Kapadokya'nın gerçek topoğrafyası yer almalıdır. Ön planda ana kültürel motifler açık şekilde görünmelidir. Orta planda Kapadokya'nın doğal ve tarihi çevresi yer almalıdır. Arka planda bölgenin gerçek topoğrafyası korunmalıdır. Kompozisyon doğal perspektife sahip olmalıdır. Fotoğraf gerçek bir insan tarafından çekilmiş hissi vermelidir. gerçek belgesel fotoğrafı, National Geographic tarzı, fotoğraf gerçekçiliği, yüksek dinamik aralık, gerçekçi ışık, gerçekçi gölgeler, 35mm DSLR, RAW fotoğraf, yüksek çözünürlük, keskin odak, yüksek ayrıntı, gerçek malzeme dokuları, doğal renkler belgesel fotoğrafçılığı, National Geographic kalitesi, ultra gerçekçi, profesyonel DSLR fotoğrafı, 35mm lens, RAW fotoğraf, yüksek dinamik aralık, doğal renkler, gerçekçi ışıklandırma, keskin odak, yüksek ayrıntı, gerçekçi malzeme dokuları, doğal gölgeler, fotoğraf gerçekçiliği, yüksek çözünürlük Kesinlikle fantastik öğe bulunmamalıdır. Modern mimari kullanılmamalıdır. Yapay görünen nesneler bulunmamalıdır. Fotoğraf gerçek bir belgesel fotoğrafçısı tarafından çekilmiş hissi vermelidir.;Create an ultra realistic documentary style photograph captured in Cappadocia. Theme: Kapadokya taş mimarisi, geleneksel kaya evleri, taş yapılar, Anadolu mimarisi, korunmuş tarihi yapılar, otantik kültürel mimari Location: Göreme Açık Hava Müzesi Main cultural elements: tarihi kaya kilisesi, Bizans dönemi kaya kilisesi, otantik dini mimari yerel kültür müzesi, tarihi eser koleksiyonu, kültürel miras müzesi Season: doğal gün ışığı The scene must faithfully represent the authentic cultural identity of Cappadocia. The foreground should clearly emphasize the main cultural elements. The middle ground should naturally continue with the historical environment. The background should preserve the real geography of Cappadocia. Ön planda ana kültürel motifler açık şekilde görünmelidir. Orta planda Kapadokya'nın doğal ve tarihi çevresi yer almalıdır. Arka planda bölgenin gerçek topoğrafyası korunmalıdır. Kompozisyon doğal perspektife sahip olmalıdır. Fotoğraf gerçek bir insan tarafından çekilmiş hissi vermelidir. gerçek belgesel fotoğrafı, National Geographic tarzı, fotoğraf gerçekçiliği, yüksek dinamik aralık, gerçekçi ışık, gerçekçi gölgeler, 35mm DSLR, RAW fotoğraf, yüksek çözünürlük, keskin odak, yüksek ayrıntı, gerçek malzeme dokuları, doğal renkler belgesel fotoğrafçılığı, National Geographic kalitesi, ultra gerçekçi, profesyonel DSLR fotoğrafı, 35mm lens, RAW fotoğraf, yüksek dinamik aralık, doğal renkler, gerçekçi ışıklandırma, keskin odak, yüksek ayrıntı, gerçekçi malzeme dokuları, doğal gölgeler, fotoğraf gerçekçiliği, yüksek çözünürlük No fantasy elements. No futuristic buildings. No modern architecture. No artificial looking objects. The final image should resemble a professional National Geographic documentary photograph.;207;221;207;221
CHRD_REAL_0051;CHRD_REAL_0051.jpeg;Rock-cut Heritage;Göreme Açık Hava Müzesi;Cave House;Fairy Chimney;Unknown;No;;High;;Kapadokya'da geçen son derece gerçekçi bir belgesel fotoğrafı oluştur. Tema: Kapadokya'nın tarihi kaya oyma mirası, UNESCO Dünya Mirası, volkanik tüf kayalara oyulmuş tarihi yapılar, antik kaya yerleşimleri, geleneksel Anadolu mimarisi, otantik tarihi doku, korunmuş kültürel miras Konum: Göreme Açık Hava Müzesi Ana kültürel motifler: volkanik kayalara oyulmuş geleneksel kaya evleri, Kapadokya mağara yerleşimleri, otantik kaya konutları Kapadokya'ya özgü peri bacaları, volkanik kaya oluşumları, doğal jeolojik yapı, ikonik Kapadokya manzarası Mevsim: doğal gün ışığı Sahne tamamen Kapadokya'nın gerçek kültürel kimliğini yansıtmalıdır. Ön planda ana kültürel motifler açık şekilde görünmelidir. Orta planda tarihi çevre doğal şekilde devam etmelidir. Arka planda Kapadokya'nın gerçek topoğrafyası yer almalıdır. Ön planda ana kültürel motifler açık şekilde görünmelidir. Orta planda Kapadokya'nın doğal ve tarihi çevresi yer almalıdır. Arka planda bölgenin gerçek topoğrafyası korunmalıdır. Kompozisyon doğal perspektife sahip olmalıdır. Fotoğraf gerçek bir insan tarafından çekilmiş hissi vermelidir. gerçek belgesel fotoğrafı, National Geographic tarzı, fotoğraf gerçekçiliği, yüksek dinamik aralık, gerçekçi ışık, gerçekçi gölgeler, 35mm DSLR, RAW fotoğraf, yüksek çözünürlük, keskin odak, yüksek ayrıntı, gerçek malzeme dokuları, doğal renkler belgesel fotoğrafçılığı, National Geographic kalitesi, ultra gerçekçi, profesyonel DSLR fotoğrafı, 35mm lens, RAW fotoğraf, yüksek dinamik aralık, doğal renkler, gerçekçi ışıklandırma, keskin odak, yüksek ayrıntı, gerçekçi malzeme dokuları, doğal gölgeler, fotoğraf gerçekçiliği, yüksek çözünürlük Kesinlikle fantastik öğe bulunmamalıdır. Modern mimari kullanılmamalıdır. Yapay görünen nesneler bulunmamalıdır. Fotoğraf gerçek bir belgesel fotoğrafçısı tarafından çekilmiş hissi vermelidir.;Create an ultra realistic documentary style photograph captured in Cappadocia. Theme: Kapadokya'nın tarihi kaya oyma mirası, UNESCO Dünya Mirası, volkanik tüf kayalara oyulmuş tarihi yapılar, antik kaya yerleşimleri, geleneksel Anadolu mimarisi, otantik tarihi doku, korunmuş kültürel miras Location: Göreme Açık Hava Müzesi Main cultural elements: volkanik kayalara oyulmuş geleneksel kaya evleri, Kapadokya mağara yerleşimleri, otantik kaya konutları Kapadokya'ya özgü peri bacaları, volkanik kaya oluşumları, doğal jeolojik yapı, ikonik Kapadokya manzarası Season: doğal gün ışığı The scene must faithfully represent the authentic cultural identity of Cappadocia. The foreground should clearly emphasize the main cultural elements. The middle ground should naturally continue with the historical environment. The background should preserve the real geography of Cappadocia. Ön planda ana kültürel motifler açık şekilde görünmelidir. Orta planda Kapadokya'nın doğal ve tarihi çevresi yer almalıdır. Arka planda bölgenin gerçek topoğrafyası korunmalıdır. Kompozisyon doğal perspektife sahip olmalıdır. Fotoğraf gerçek bir insan tarafından çekilmiş hissi vermelidir. gerçek belgesel fotoğrafı, National Geographic tarzı, fotoğraf gerçekçiliği, yüksek dinamik aralık, gerçekçi ışık, gerçekçi gölgeler, 35mm DSLR, RAW fotoğraf, yüksek çözünürlük, keskin odak, yüksek ayrıntı, gerçek malzeme dokuları, doğal renkler belgesel fotoğrafçılığı, National Geographic kalitesi, ultra gerçekçi, profesyonel DSLR fotoğrafı, 35mm lens, RAW fotoğraf, yüksek dinamik aralık, doğal renkler, gerçekçi ışıklandırma, keskin odak, yüksek ayrıntı, gerçekçi malzeme dokuları, doğal gölgeler, fotoğraf gerçekçiliği, yüksek çözünürlük No fantasy elements. No futuristic buildings. No modern architecture. No artificial looking objects. The final image should resemble a professional National Geographic documentary photograph.;223;237;223;237
CHRD_REAL_0052;CHRD_REAL_0052.jpeg;Rock-cut Heritage;Göreme Açık Hava Müzesi;Cave House;Fairy Chimney;Unknown;No;;High;;Kapadokya'da geçen son derece gerçekçi bir belgesel fotoğrafı oluştur. Tema: Kapadokya'nın tarihi kaya oyma mirası, UNESCO Dünya Mirası, volkanik tüf kayalara oyulmuş tarihi yapılar, antik kaya yerleşimleri, geleneksel Anadolu mimarisi, otantik tarihi doku, korunmuş kültürel miras Konum: Göreme Açık Hava Müzesi Ana kültürel motifler: volkanik kayalara oyulmuş geleneksel kaya evleri, Kapadokya mağara yerleşimleri, otantik kaya konutları Kapadokya'ya özgü peri bacaları, volkanik kaya oluşumları, doğal jeolojik yapı, ikonik Kapadokya manzarası Mevsim: doğal gün ışığı Sahne tamamen Kapadokya'nın gerçek kültürel kimliğini yansıtmalıdır. Ön planda ana kültürel motifler açık şekilde görünmelidir. Orta planda tarihi çevre doğal şekilde devam etmelidir. Arka planda Kapadokya'nın gerçek topoğrafyası yer almalıdır. Ön planda ana kültürel motifler açık şekilde görünmelidir. Orta planda Kapadokya'nın doğal ve tarihi çevresi yer almalıdır. Arka planda bölgenin gerçek topoğrafyası korunmalıdır. Kompozisyon doğal perspektife sahip olmalıdır. Fotoğraf gerçek bir insan tarafından çekilmiş hissi vermelidir. gerçek belgesel fotoğrafı, National Geographic tarzı, fotoğraf gerçekçiliği, yüksek dinamik aralık, gerçekçi ışık, gerçekçi gölgeler, 35mm DSLR, RAW fotoğraf, yüksek çözünürlük, keskin odak, yüksek ayrıntı, gerçek malzeme dokuları, doğal renkler belgesel fotoğrafçılığı, National Geographic kalitesi, ultra gerçekçi, profesyonel DSLR fotoğrafı, 35mm lens, RAW fotoğraf, yüksek dinamik aralık, doğal renkler, gerçekçi ışıklandırma, keskin odak, yüksek ayrıntı, gerçekçi malzeme dokuları, doğal gölgeler, fotoğraf gerçekçiliği, yüksek çözünürlük Kesinlikle fantastik öğe bulunmamalıdır. Modern mimari kullanılmamalıdır. Yapay görünen nesneler bulunmamalıdır. Fotoğraf gerçek bir belgesel fotoğrafçısı tarafından çekilmiş hissi vermelidir.;Create an ultra realistic documentary style photograph captured in Cappadocia. Theme: Kapadokya'nın tarihi kaya oyma mirası, UNESCO Dünya Mirası, volkanik tüf kayalara oyulmuş tarihi yapılar, antik kaya yerleşimleri, geleneksel Anadolu mimarisi, otantik tarihi doku, korunmuş kültürel miras Location: Göreme Açık Hava Müzesi Main cultural elements: volkanik kayalara oyulmuş geleneksel kaya evleri, Kapadokya mağara yerleşimleri, otantik kaya konutları Kapadokya'ya özgü peri bacaları, volkanik kaya oluşumları, doğal jeolojik yapı, ikonik Kapadokya manzarası Season: doğal gün ışığı The scene must faithfully represent the authentic cultural identity of Cappadocia. The foreground should clearly emphasize the main cultural elements. The middle ground should naturally continue with the historical environment. The background should preserve the real geography of Cappadocia. Ön planda ana kültürel motifler açık şekilde görünmelidir. Orta planda Kapadokya'nın doğal ve tarihi çevresi yer almalıdır. Arka planda bölgenin gerçek topoğrafyası korunmalıdır. Kompozisyon doğal perspektife sahip olmalıdır. Fotoğraf gerçek bir insan tarafından çekilmiş hissi vermelidir. gerçek belgesel fotoğrafı, National Geographic tarzı, fotoğraf gerçekçiliği, yüksek dinamik aralık, gerçekçi ışık, gerçekçi gölgeler, 35mm DSLR, RAW fotoğraf, yüksek çözünürlük, keskin odak, yüksek ayrıntı, gerçek malzeme dokuları, doğal renkler belgesel fotoğrafçılığı, National Geographic kalitesi, ultra gerçekçi, profesyonel DSLR fotoğrafı, 35mm lens, RAW fotoğraf, yüksek dinamik aralık, doğal renkler, gerçekçi ışıklandırma, keskin odak, yüksek ayrıntı, gerçekçi malzeme dokuları, doğal gölgeler, fotoğraf gerçekçiliği, yüksek çözünürlük No fantasy elements. No futuristic buildings. No modern architecture. No artificial looking objects. The final image should resemble a professional National Geographic documentary photograph.;223;237;223;237
CHRD_REAL_0053;CHRD_REAL_0053.jpeg;Daily Life;Göreme Açık Hava Müzesi;Local People;Agriculture;Unknown;No;;High;;Kapadokya'da geçen son derece gerçekçi bir belgesel fotoğrafı oluştur. Tema: Kapadokya'da yaşayan insanların doğal günlük yaşamı, yerel Anadolu kültürü, geleneksel yaşam biçimi, otantik sosyal ortam, gerçek yaşam sahnesi, yaşayan kültürel miras Konum: Göreme Açık Hava Müzesi Ana kültürel motifler: yerel Anadolu insanları, geleneksel yaşam, otantik topluluk yaşamı Agriculture Mevsim: doğal gün ışığı Sahne tamamen Kapadokya'nın gerçek kültürel kimliğini yansıtmalıdır. Ön planda ana kültürel motifler açık şekilde görünmelidir. Orta planda tarihi çevre doğal şekilde devam etmelidir. Arka planda Kapadokya'nın gerçek topoğrafyası yer almalıdır. Ön planda ana kültürel motifler açık şekilde görünmelidir. Orta planda Kapadokya'nın doğal ve tarihi çevresi yer almalıdır. Arka planda bölgenin gerçek topoğrafyası korunmalıdır. Kompozisyon doğal perspektife sahip olmalıdır. Fotoğraf gerçek bir insan tarafından çekilmiş hissi vermelidir. gerçek belgesel fotoğrafı, National Geographic tarzı, fotoğraf gerçekçiliği, yüksek dinamik aralık, gerçekçi ışık, gerçekçi gölgeler, 35mm DSLR, RAW fotoğraf, yüksek çözünürlük, keskin odak, yüksek ayrıntı, gerçek malzeme dokuları, doğal renkler belgesel fotoğrafçılığı, National Geographic kalitesi, ultra gerçekçi, profesyonel DSLR fotoğrafı, 35mm lens, RAW fotoğraf, yüksek dinamik aralık, doğal renkler, gerçekçi ışıklandırma, keskin odak, yüksek ayrıntı, gerçekçi malzeme dokuları, doğal gölgeler, fotoğraf gerçekçiliği, yüksek çözünürlük Kesinlikle fantastik öğe bulunmamalıdır. Modern mimari kullanılmamalıdır. Yapay görünen nesneler bulunmamalıdır. Fotoğraf gerçek bir belgesel fotoğrafçısı tarafından çekilmiş hissi vermelidir.;Create an ultra realistic documentary style photograph captured in Cappadocia. Theme: Kapadokya'da yaşayan insanların doğal günlük yaşamı, yerel Anadolu kültürü, geleneksel yaşam biçimi, otantik sosyal ortam, gerçek yaşam sahnesi, yaşayan kültürel miras Location: Göreme Açık Hava Müzesi Main cultural elements: yerel Anadolu insanları, geleneksel yaşam, otantik topluluk yaşamı Agriculture Season: doğal gün ışığı The scene must faithfully represent the authentic cultural identity of Cappadocia. The foreground should clearly emphasize the main cultural elements. The middle ground should naturally continue with the historical environment. The background should preserve the real geography of Cappadocia. Ön planda ana kültürel motifler açık şekilde görünmelidir. Orta planda Kapadokya'nın doğal ve tarihi çevresi yer almalıdır. Arka planda bölgenin gerçek topoğrafyası korunmalıdır. Kompozisyon doğal perspektife sahip olmalıdır. Fotoğraf gerçek bir insan tarafından çekilmiş hissi vermelidir. gerçek belgesel fotoğrafı, National Geographic tarzı, fotoğraf gerçekçiliği, yüksek dinamik aralık, gerçekçi ışık, gerçekçi gölgeler, 35mm DSLR, RAW fotoğraf, yüksek çözünürlük, keskin odak, yüksek ayrıntı, gerçek malzeme dokuları, doğal renkler belgesel fotoğrafçılığı, National Geographic kalitesi, ultra gerçekçi, profesyonel DSLR fotoğrafı, 35mm lens, RAW fotoğraf, yüksek dinamik aralık, doğal renkler, gerçekçi ışıklandırma, keskin odak, yüksek ayrıntı, gerçekçi malzeme dokuları, doğal gölgeler, fotoğraf gerçekçiliği, yüksek çözünürlük No fantasy elements. No futuristic buildings. No modern architecture. No artificial looking objects. The final image should resemble a professional National Geographic documentary photograph.;202;216;202;216
CHRD_REAL_0082;CHRD_REAL_0055.jpeg;Village Square;Ortahisar;Street;Unknown;Unknown;No;;Low;;Kapadokya'da geçen son derece gerçekçi bir belgesel fotoğrafı oluştur. Tema: Kapadokya köy meydanı, tarihi taş sokaklar, yerel mahalle yaşamı, geleneksel Anadolu yerleşimi, otantik köy atmosferi, kültürel yaşam alanı Konum: Ortahisar Ana kültürel motifler: tarihi taş sokak, otantik Kapadokya yolu, geleneksel mahalle yolu Unknown Mevsim: doğal gün ışığı Sahne tamamen Kapadokya'nın gerçek kültürel kimliğini yansıtmalıdır. Ön planda ana kültürel motifler açık şekilde görünmelidir. Orta planda tarihi çevre doğal şekilde devam etmelidir. Arka planda Kapadokya'nın gerçek topoğrafyası yer almalıdır. Ön planda ana kültürel motifler açık şekilde görünmelidir. Orta planda Kapadokya'nın doğal ve tarihi çevresi yer almalıdır. Arka planda bölgenin gerçek topoğrafyası korunmalıdır. Kompozisyon doğal perspektife sahip olmalıdır. Fotoğraf gerçek bir insan tarafından çekilmiş hissi vermelidir. gerçek belgesel fotoğrafı, National Geographic tarzı, fotoğraf gerçekçiliği, yüksek dinamik aralık, gerçekçi ışık, gerçekçi gölgeler, 35mm DSLR, RAW fotoğraf, yüksek çözünürlük, keskin odak, yüksek ayrıntı, gerçek malzeme dokuları, doğal renkler belgesel fotoğrafçılığı, National Geographic kalitesi, ultra gerçekçi, profesyonel DSLR fotoğrafı, 35mm lens, RAW fotoğraf, yüksek dinamik aralık, doğal renkler, gerçekçi ışıklandırma, keskin odak, yüksek ayrıntı, gerçekçi malzeme dokuları, doğal gölgeler, fotoğraf gerçekçiliği, yüksek çözünürlük Kesinlikle fantastik öğe bulunmamalıdır. Modern mimari kullanılmamalıdır. Yapay görünen nesneler bulunmamalıdır. Fotoğraf gerçek bir belgesel fotoğrafçısı tarafından çekilmiş hissi vermelidir.;Create an ultra realistic documentary style photograph captured in Cappadocia. Theme: Kapadokya köy meydanı, tarihi taş sokaklar, yerel mahalle yaşamı, geleneksel Anadolu yerleşimi, otantik köy atmosferi, kültürel yaşam alanı Location: Ortahisar Main cultural elements: tarihi taş sokak, otantik Kapadokya yolu, geleneksel mahalle yolu Unknown Season: doğal gün ışığı The scene must faithfully represent the authentic cultural identity of Cappadocia. The foreground should clearly emphasize the main cultural elements. The middle ground should naturally continue with the historical environment. The background should preserve the real geography of Cappadocia. Ön planda ana kültürel motifler açık şekilde görünmelidir. Orta planda Kapadokya'nın doğal ve tarihi çevresi yer almalıdır. Arka planda bölgenin gerçek topoğrafyası korunmalıdır. Kompozisyon doğal perspektife sahip olmalıdır. Fotoğraf gerçek bir insan tarafından çekilmiş hissi vermelidir. gerçek belgesel fotoğrafı, National Geographic tarzı, fotoğraf gerçekçiliği, yüksek dinamik aralık, gerçekçi ışık, gerçekçi gölgeler, 35mm DSLR, RAW fotoğraf, yüksek çözünürlük, keskin odak, yüksek ayrıntı, gerçek malzeme dokuları, doğal renkler belgesel fotoğrafçılığı, National Geographic kalitesi, ultra gerçekçi, profesyonel DSLR fotoğrafı, 35mm lens, RAW fotoğraf, yüksek dinamik aralık, doğal renkler, gerçekçi ışıklandırma, keskin odak, yüksek ayrıntı, gerçekçi malzeme dokuları, doğal gölgeler, fotoğraf gerçekçiliği, yüksek çözünürlük No fantasy elements. No futuristic buildings. No modern architecture. No artificial looking objects. The final image should resemble a professional National Geographic documentary photograph.;197;211;197;211
CHRD_REAL_0058;CHRD_REAL_0058.jpeg;Fairy Chimney;Kızılçukur;Fairy Chimney;Rock Formation;Summer;No;;High;;Kapadokya'da geçen son derece gerçekçi bir belgesel fotoğrafı oluştur. Tema: Fairy Chimney Konum: Kızılçukur Ana kültürel motifler: Kapadokya'ya özgü peri bacaları, volkanik kaya oluşumları, doğal jeolojik yapı, ikonik Kapadokya manzarası volkanik kaya oluşumları, doğal kaya yapıları, Kapadokya jeolojisi Mevsim: parlak yaz sabahı Sahne tamamen Kapadokya'nın gerçek kültürel kimliğini yansıtmalıdır. Ön planda ana kültürel motifler açık şekilde görünmelidir. Orta planda tarihi çevre doğal şekilde devam etmelidir. Arka planda Kapadokya'nın gerçek topoğrafyası yer almalıdır. Ön planda ana kültürel motifler açık şekilde görünmelidir. Orta planda Kapadokya'nın doğal ve tarihi çevresi yer almalıdır. Arka planda bölgenin gerçek topoğrafyası korunmalıdır. Kompozisyon doğal perspektife sahip olmalıdır. Fotoğraf gerçek bir insan tarafından çekilmiş hissi vermelidir. gerçek belgesel fotoğrafı, National Geographic tarzı, fotoğraf gerçekçiliği, yüksek dinamik aralık, gerçekçi ışık, gerçekçi gölgeler, 35mm DSLR, RAW fotoğraf, yüksek çözünürlük, keskin odak, yüksek ayrıntı, gerçek malzeme dokuları, doğal renkler belgesel fotoğrafçılığı, National Geographic kalitesi, ultra gerçekçi, profesyonel DSLR fotoğrafı, 35mm lens, RAW fotoğraf, yüksek dinamik aralık, doğal renkler, gerçekçi ışıklandırma, keskin odak, yüksek ayrıntı, gerçekçi malzeme dokuları, doğal gölgeler, fotoğraf gerçekçiliği, yüksek çözünürlük Kesinlikle fantastik öğe bulunmamalıdır. Modern mimari kullanılmamalıdır. Yapay görünen nesneler bulunmamalıdır. Fotoğraf gerçek bir belgesel fotoğrafçısı tarafından çekilmiş hissi vermelidir.;Create an ultra realistic documentary style photograph captured in Cappadocia. Theme: Fairy Chimney Location: Kızılçukur Main cultural elements: Kapadokya'ya özgü peri bacaları, volkanik kaya oluşumları, doğal jeolojik yapı, ikonik Kapadokya manzarası volkanik kaya oluşumları, doğal kaya yapıları, Kapadokya jeolojisi Season: parlak yaz sabahı The scene must faithfully represent the authentic cultural identity of Cappadocia. The foreground should clearly emphasize the main cultural elements. The middle ground should naturally continue with the historical environment. The background should preserve the real geography of Cappadocia. Ön planda ana kültürel motifler açık şekilde görünmelidir. Orta planda Kapadokya'nın doğal ve tarihi çevresi yer almalıdır. Arka planda bölgenin gerçek topoğrafyası korunmalıdır. Kompozisyon doğal perspektife sahip olmalıdır. Fotoğraf gerçek bir insan tarafından çekilmiş hissi vermelidir. gerçek belgesel fotoğrafı, National Geographic tarzı, fotoğraf gerçekçiliği, yüksek dinamik aralık, gerçekçi ışık, gerçekçi gölgeler, 35mm DSLR, RAW fotoğraf, yüksek çözünürlük, keskin odak, yüksek ayrıntı, gerçek malzeme dokuları, doğal renkler belgesel fotoğrafçılığı, National Geographic kalitesi, ultra gerçekçi, profesyonel DSLR fotoğrafı, 35mm lens, RAW fotoğraf, yüksek dinamik aralık, doğal renkler, gerçekçi ışıklandırma, keskin odak, yüksek ayrıntı, gerçekçi malzeme dokuları, doğal gölgeler, fotoğraf gerçekçiliği, yüksek çözünürlük No fantasy elements. No futuristic buildings. No modern architecture. No artificial looking objects. The final image should resemble a professional National Geographic documentary photograph.;192;206;192;206
CHRD_REAL_0059;CHRD_REAL_0059.jpeg;Local Architecture;Unknown;Church;Museum;Unknown;No;;Low;;Kapadokya'da geçen son derece gerçekçi bir belgesel fotoğrafı oluştur. Tema: Kapadokya taş mimarisi, geleneksel kaya evleri, taş yapılar, Anadolu mimarisi, korunmuş tarihi yapılar, otantik kültürel mimari Konum: Kapadokya Ana kültürel motifler: tarihi kaya kilisesi, Bizans dönemi kaya kilisesi, otantik dini mimari yerel kültür müzesi, tarihi eser koleksiyonu, kültürel miras müzesi Mevsim: doğal gün ışığı Sahne tamamen Kapadokya'nın gerçek kültürel kimliğini yansıtmalıdır. Ön planda ana kültürel motifler açık şekilde görünmelidir. Orta planda tarihi çevre doğal şekilde devam etmelidir. Arka planda Kapadokya'nın gerçek topoğrafyası yer almalıdır. Ön planda ana kültürel motifler açık şekilde görünmelidir. Orta planda Kapadokya'nın doğal ve tarihi çevresi yer almalıdır. Arka planda bölgenin gerçek topoğrafyası korunmalıdır. Kompozisyon doğal perspektife sahip olmalıdır. Fotoğraf gerçek bir insan tarafından çekilmiş hissi vermelidir. gerçek belgesel fotoğrafı, National Geographic tarzı, fotoğraf gerçekçiliği, yüksek dinamik aralık, gerçekçi ışık, gerçekçi gölgeler, 35mm DSLR, RAW fotoğraf, yüksek çözünürlük, keskin odak, yüksek ayrıntı, gerçek malzeme dokuları, doğal renkler belgesel fotoğrafçılığı, National Geographic kalitesi, ultra gerçekçi, profesyonel DSLR fotoğrafı, 35mm lens, RAW fotoğraf, yüksek dinamik aralık, doğal renkler, gerçekçi ışıklandırma, keskin odak, yüksek ayrıntı, gerçekçi malzeme dokuları, doğal gölgeler, fotoğraf gerçekçiliği, yüksek çözünürlük Kesinlikle fantastik öğe bulunmamalıdır. Modern mimari kullanılmamalıdır. Yapay görünen nesneler bulunmamalıdır. Fotoğraf gerçek bir belgesel fotoğrafçısı tarafından çekilmiş hissi vermelidir.;Create an ultra realistic documentary style photograph captured in Cappadocia. Theme: Kapadokya taş mimarisi, geleneksel kaya evleri, taş yapılar, Anadolu mimarisi, korunmuş tarihi yapılar, otantik kültürel mimari Location: Kapadokya Main cultural elements: tarihi kaya kilisesi, Bizans dönemi kaya kilisesi, otantik dini mimari yerel kültür müzesi, tarihi eser koleksiyonu, kültürel miras müzesi Season: doğal gün ışığı The scene must faithfully represent the authentic cultural identity of Cappadocia. The foreground should clearly emphasize the main cultural elements. The middle ground should naturally continue with the historical environment. The background should preserve the real geography of Cappadocia. Ön planda ana kültürel motifler açık şekilde görünmelidir. Orta planda Kapadokya'nın doğal ve tarihi çevresi yer almalıdır. Arka planda bölgenin gerçek topoğrafyası korunmalıdır. Kompozisyon doğal perspektife sahip olmalıdır. Fotoğraf gerçek bir insan tarafından çekilmiş hissi vermelidir. gerçek belgesel fotoğrafı, National Geographic tarzı, fotoğraf gerçekçiliği, yüksek dinamik aralık, gerçekçi ışık, gerçekçi gölgeler, 35mm DSLR, RAW fotoğraf, yüksek çözünürlük, keskin odak, yüksek ayrıntı, gerçek malzeme dokuları, doğal renkler belgesel fotoğrafçılığı, National Geographic kalitesi, ultra gerçekçi, profesyonel DSLR fotoğrafı, 35mm lens, RAW fotoğraf, yüksek dinamik aralık, doğal renkler, gerçekçi ışıklandırma, keskin odak, yüksek ayrıntı, gerçekçi malzeme dokuları, doğal gölgeler, fotoğraf gerçekçiliği, yüksek çözünürlük No fantasy elements. No futuristic buildings. No modern architecture. No artificial looking objects. The final image should resemble a professional National Geographic documentary photograph.;204;218;204;218
CHRD_REAL_0060;CHRD_REAL_0060.jpeg;Local Architecture;Kapadokya Üniversitesi;Local Architecture;Unknown;Unknown;No;;Low;;Kapadokya'da geçen son derece gerçekçi bir belgesel fotoğrafı oluştur. Tema: Kapadokya taş mimarisi, geleneksel kaya evleri, taş yapılar, Anadolu mimarisi, korunmuş tarihi yapılar, otantik kültürel mimari Konum: Kapadokya Üniversitesi Ana kültürel motifler: Local Architecture Unknown Mevsim: doğal gün ışığı Sahne tamamen Kapadokya'nın gerçek kültürel kimliğini yansıtmalıdır. Ön planda ana kültürel motifler açık şekilde görünmelidir. Orta planda tarihi çevre doğal şekilde devam etmelidir. Arka planda Kapadokya'nın gerçek topoğrafyası yer almalıdır. Ön planda ana kültürel motifler açık şekilde görünmelidir. Orta planda Kapadokya'nın doğal ve tarihi çevresi yer almalıdır. Arka planda bölgenin gerçek topoğrafyası korunmalıdır. Kompozisyon doğal perspektife sahip olmalıdır. Fotoğraf gerçek bir insan tarafından çekilmiş hissi vermelidir. gerçek belgesel fotoğrafı, National Geographic tarzı, fotoğraf gerçekçiliği, yüksek dinamik aralık, gerçekçi ışık, gerçekçi gölgeler, 35mm DSLR, RAW fotoğraf, yüksek çözünürlük, keskin odak, yüksek ayrıntı, gerçek malzeme dokuları, doğal renkler belgesel fotoğrafçılığı, National Geographic kalitesi, ultra gerçekçi, profesyonel DSLR fotoğrafı, 35mm lens, RAW fotoğraf, yüksek dinamik aralık, doğal renkler, gerçekçi ışıklandırma, keskin odak, yüksek ayrıntı, gerçekçi malzeme dokuları, doğal gölgeler, fotoğraf gerçekçiliği, yüksek çözünürlük Kesinlikle fantastik öğe bulunmamalıdır. Modern mimari kullanılmamalıdır. Yapay görünen nesneler bulunmamalıdır. Fotoğraf gerçek bir belgesel fotoğrafçısı tarafından çekilmiş hissi vermelidir.;Create an ultra realistic documentary style photograph captured in Cappadocia. Theme: Kapadokya taş mimarisi, geleneksel kaya evleri, taş yapılar, Anadolu mimarisi, korunmuş tarihi yapılar, otantik kültürel mimari Location: Kapadokya Üniversitesi Main cultural elements: Local Architecture Unknown Season: doğal gün ışığı The scene must faithfully represent the authentic cultural identity of Cappadocia. The foreground should clearly emphasize the main cultural elements. The middle ground should naturally continue with the historical environment. The background should preserve the real geography of Cappadocia. Ön planda ana kültürel motifler açık şekilde görünmelidir. Orta planda Kapadokya'nın doğal ve tarihi çevresi yer almalıdır. Arka planda bölgenin gerçek topoğrafyası korunmalıdır. Kompozisyon doğal perspektife sahip olmalıdır. Fotoğraf gerçek bir insan tarafından çekilmiş hissi vermelidir. gerçek belgesel fotoğrafı, National Geographic tarzı, fotoğraf gerçekçiliği, yüksek dinamik aralık, gerçekçi ışık, gerçekçi gölgeler, 35mm DSLR, RAW fotoğraf, yüksek çözünürlük, keskin odak, yüksek ayrıntı, gerçek malzeme dokuları, doğal renkler belgesel fotoğrafçılığı, National Geographic kalitesi, ultra gerçekçi, profesyonel DSLR fotoğrafı, 35mm lens, RAW fotoğraf, yüksek dinamik aralık, doğal renkler, gerçekçi ışıklandırma, keskin odak, yüksek ayrıntı, gerçekçi malzeme dokuları, doğal gölgeler, fotoğraf gerçekçiliği, yüksek çözünürlük No fantasy elements. No futuristic buildings. No modern architecture. No artificial looking objects. The final image should resemble a professional National Geographic documentary photograph.;189;203;189;203
CHRD_REAL_0061;CHRD_REAL_0061.jpeg;Fairy Chimney;Unknown;Fairy Chimney;Landscape;Unknown;No;;High;;Kapadokya'da geçen son derece gerçekçi bir belgesel fotoğrafı oluştur. Tema: Fairy Chimney Konum: Kapadokya Ana kültürel motifler: Kapadokya'ya özgü peri bacaları, volkanik kaya oluşumları, doğal jeolojik yapı, ikonik Kapadokya manzarası Kapadokya doğal manzarası, geniş açık arazi, otantik doğa görünümü Mevsim: doğal gün ışığı Sahne tamamen Kapadokya'nın gerçek kültürel kimliğini yansıtmalıdır. Ön planda ana kültürel motifler açık şekilde görünmelidir. Orta planda tarihi çevre doğal şekilde devam etmelidir. Arka planda Kapadokya'nın gerçek topoğrafyası yer almalıdır. Ön planda ana kültürel motifler açık şekilde görünmelidir. Orta planda Kapadokya'nın doğal ve tarihi çevresi yer almalıdır. Arka planda bölgenin gerçek topoğrafyası korunmalıdır. Kompozisyon doğal perspektife sahip olmalıdır. Fotoğraf gerçek bir insan tarafından çekilmiş hissi vermelidir. gerçek belgesel fotoğrafı, National Geographic tarzı, fotoğraf gerçekçiliği, yüksek dinamik aralık, gerçekçi ışık, gerçekçi gölgeler, 35mm DSLR, RAW fotoğraf, yüksek çözünürlük, keskin odak, yüksek ayrıntı, gerçek malzeme dokuları, doğal renkler belgesel fotoğrafçılığı, National Geographic kalitesi, ultra gerçekçi, profesyonel DSLR fotoğrafı, 35mm lens, RAW fotoğraf, yüksek dinamik aralık, doğal renkler, gerçekçi ışıklandırma, keskin odak, yüksek ayrıntı, gerçekçi malzeme dokuları, doğal gölgeler, fotoğraf gerçekçiliği, yüksek çözünürlük Kesinlikle fantastik öğe bulunmamalıdır. Modern mimari kullanılmamalıdır. Yapay görünen nesneler bulunmamalıdır. Fotoğraf gerçek bir belgesel fotoğrafçısı tarafından çekilmiş hissi vermelidir.;Create an ultra realistic documentary style photograph captured in Cappadocia. Theme: Fairy Chimney Location: Kapadokya Main cultural elements: Kapadokya'ya özgü peri bacaları, volkanik kaya oluşumları, doğal jeolojik yapı, ikonik Kapadokya manzarası Kapadokya doğal manzarası, geniş açık arazi, otantik doğa görünümü Season: doğal gün ışığı The scene must faithfully represent the authentic cultural identity of Cappadocia. The foreground should clearly emphasize the main cultural elements. The middle ground should naturally continue with the historical environment. The background should preserve the real geography of Cappadocia. Ön planda ana kültürel motifler açık şekilde görünmelidir. Orta planda Kapadokya'nın doğal ve tarihi çevresi yer almalıdır. Arka planda bölgenin gerçek topoğrafyası korunmalıdır. Kompozisyon doğal perspektife sahip olmalıdır. Fotoğraf gerçek bir insan tarafından çekilmiş hissi vermelidir. gerçek belgesel fotoğrafı, National Geographic tarzı, fotoğraf gerçekçiliği, yüksek dinamik aralık, gerçekçi ışık, gerçekçi gölgeler, 35mm DSLR, RAW fotoğraf, yüksek çözünürlük, keskin odak, yüksek ayrıntı, gerçek malzeme dokuları, doğal renkler belgesel fotoğrafçılığı, National Geographic kalitesi, ultra gerçekçi, profesyonel DSLR fotoğrafı, 35mm lens, RAW fotoğraf, yüksek dinamik aralık, doğal renkler, gerçekçi ışıklandırma, keskin odak, yüksek ayrıntı, gerçekçi malzeme dokuları, doğal gölgeler, fotoğraf gerçekçiliği, yüksek çözünürlük No fantasy elements. No futuristic buildings. No modern architecture. No artificial looking objects. The final image should resemble a professional National Geographic documentary photograph.;193;207;193;207
CHRD_REAL_0062;CHRD_REAL_0062.jpeg;Rock-cut Heritage;Kızılçukur;Cave House;Stone House;Unknown;No;;Medium;;Kapadokya'da geçen son derece gerçekçi bir belgesel fotoğrafı oluştur. Tema: Kapadokya'nın tarihi kaya oyma mirası, UNESCO Dünya Mirası, volkanik tüf kayalara oyulmuş tarihi yapılar, antik kaya yerleşimleri, geleneksel Anadolu mimarisi, otantik tarihi doku, korunmuş kültürel miras Konum: Kızılçukur Ana kültürel motifler: volkanik kayalara oyulmuş geleneksel kaya evleri, Kapadokya mağara yerleşimleri, otantik kaya konutları geleneksel taş evler, Anadolu taş mimarisi, tarihi taş yapılar Mevsim: doğal gün ışığı Sahne tamamen Kapadokya'nın gerçek kültürel kimliğini yansıtmalıdır. Ön planda ana kültürel motifler açık şekilde görünmelidir. Orta planda tarihi çevre doğal şekilde devam etmelidir. Arka planda Kapadokya'nın gerçek topoğrafyası yer almalıdır. Ön planda ana kültürel motifler açık şekilde görünmelidir. Orta planda Kapadokya'nın doğal ve tarihi çevresi yer almalıdır. Arka planda bölgenin gerçek topoğrafyası korunmalıdır. Kompozisyon doğal perspektife sahip olmalıdır. Fotoğraf gerçek bir insan tarafından çekilmiş hissi vermelidir. gerçek belgesel fotoğrafı, National Geographic tarzı, fotoğraf gerçekçiliği, yüksek dinamik aralık, gerçekçi ışık, gerçekçi gölgeler, 35mm DSLR, RAW fotoğraf, yüksek çözünürlük, keskin odak, yüksek ayrıntı, gerçek malzeme dokuları, doğal renkler belgesel fotoğrafçılığı, National Geographic kalitesi, ultra gerçekçi, profesyonel DSLR fotoğrafı, 35mm lens, RAW fotoğraf, yüksek dinamik aralık, doğal renkler, gerçekçi ışıklandırma, keskin odak, yüksek ayrıntı, gerçekçi malzeme dokuları, doğal gölgeler, fotoğraf gerçekçiliği, yüksek çözünürlük Kesinlikle fantastik öğe bulunmamalıdır. Modern mimari kullanılmamalıdır. Yapay görünen nesneler bulunmamalıdır. Fotoğraf gerçek bir belgesel fotoğrafçısı tarafından çekilmiş hissi vermelidir.;Create an ultra realistic documentary style photograph captured in Cappadocia. Theme: Kapadokya'nın tarihi kaya oyma mirası, UNESCO Dünya Mirası, volkanik tüf kayalara oyulmuş tarihi yapılar, antik kaya yerleşimleri, geleneksel Anadolu mimarisi, otantik tarihi doku, korunmuş kültürel miras Location: Kızılçukur Main cultural elements: volkanik kayalara oyulmuş geleneksel kaya evleri, Kapadokya mağara yerleşimleri, otantik kaya konutları geleneksel taş evler, Anadolu taş mimarisi, tarihi taş yapılar Season: doğal gün ışığı The scene must faithfully represent the authentic cultural identity of Cappadocia. The foreground should clearly emphasize the main cultural elements. The middle ground should naturally continue with the historical environment. The background should preserve the real geography of Cappadocia. Ön planda ana kültürel motifler açık şekilde görünmelidir. Orta planda Kapadokya'nın doğal ve tarihi çevresi yer almalıdır. Arka planda bölgenin gerçek topoğrafyası korunmalıdır. Kompozisyon doğal perspektife sahip olmalıdır. Fotoğraf gerçek bir insan tarafından çekilmiş hissi vermelidir. gerçek belgesel fotoğrafı, National Geographic tarzı, fotoğraf gerçekçiliği, yüksek dinamik aralık, gerçekçi ışık, gerçekçi gölgeler, 35mm DSLR, RAW fotoğraf, yüksek çözünürlük, keskin odak, yüksek ayrıntı, gerçek malzeme dokuları, doğal renkler belgesel fotoğrafçılığı, National Geographic kalitesi, ultra gerçekçi, profesyonel DSLR fotoğrafı, 35mm lens, RAW fotoğraf, yüksek dinamik aralık, doğal renkler, gerçekçi ışıklandırma, keskin odak, yüksek ayrıntı, gerçekçi malzeme dokuları, doğal gölgeler, fotoğraf gerçekçiliği, yüksek çözünürlük No fantasy elements. No futuristic buildings. No modern architecture. No artificial looking objects. The final image should resemble a professional National Geographic documentary photograph.;216;230;216;230
CHRD_REAL_0063;CHRD_REAL_0063.jpeg;Local Architecture;Kızılçukur;Rock Formation;Fairy Chimney;Unknown;No;;High;;Kapadokya'da geçen son derece gerçekçi bir belgesel fotoğrafı oluştur. Tema: Kapadokya taş mimarisi, geleneksel kaya evleri, taş yapılar, Anadolu mimarisi, korunmuş tarihi yapılar, otantik kültürel mimari Konum: Kızılçukur Ana kültürel motifler: volkanik kaya oluşumları, doğal kaya yapıları, Kapadokya jeolojisi Kapadokya'ya özgü peri bacaları, volkanik kaya oluşumları, doğal jeolojik yapı, ikonik Kapadokya manzarası Mevsim: doğal gün ışığı Sahne tamamen Kapadokya'nın gerçek kültürel kimliğini yansıtmalıdır. Ön planda ana kültürel motifler açık şekilde görünmelidir. Orta planda tarihi çevre doğal şekilde devam etmelidir. Arka planda Kapadokya'nın gerçek topoğrafyası yer almalıdır. Ön planda ana kültürel motifler açık şekilde görünmelidir. Orta planda Kapadokya'nın doğal ve tarihi çevresi yer almalıdır. Arka planda bölgenin gerçek topoğrafyası korunmalıdır. Kompozisyon doğal perspektife sahip olmalıdır. Fotoğraf gerçek bir insan tarafından çekilmiş hissi vermelidir. gerçek belgesel fotoğrafı, National Geographic tarzı, fotoğraf gerçekçiliği, yüksek dinamik aralık, gerçekçi ışık, gerçekçi gölgeler, 35mm DSLR, RAW fotoğraf, yüksek çözünürlük, keskin odak, yüksek ayrıntı, gerçek malzeme dokuları, doğal renkler belgesel fotoğrafçılığı, National Geographic kalitesi, ultra gerçekçi, profesyonel DSLR fotoğrafı, 35mm lens, RAW fotoğraf, yüksek dinamik aralık, doğal renkler, gerçekçi ışıklandırma, keskin odak, yüksek ayrıntı, gerçekçi malzeme dokuları, doğal gölgeler, fotoğraf gerçekçiliği, yüksek çözünürlük Kesinlikle fantastik öğe bulunmamalıdır. Modern mimari kullanılmamalıdır. Yapay görünen nesneler bulunmamalıdır. Fotoğraf gerçek bir belgesel fotoğrafçısı tarafından çekilmiş hissi vermelidir.;Create an ultra realistic documentary style photograph captured in Cappadocia. Theme: Kapadokya taş mimarisi, geleneksel kaya evleri, taş yapılar, Anadolu mimarisi, korunmuş tarihi yapılar, otantik kültürel mimari Location: Kızılçukur Main cultural elements: volkanik kaya oluşumları, doğal kaya yapıları, Kapadokya jeolojisi Kapadokya'ya özgü peri bacaları, volkanik kaya oluşumları, doğal jeolojik yapı, ikonik Kapadokya manzarası Season: doğal gün ışığı The scene must faithfully represent the authentic cultural identity of Cappadocia. The foreground should clearly emphasize the main cultural elements. The middle ground should naturally continue with the historical environment. The background should preserve the real geography of Cappadocia. Ön planda ana kültürel motifler açık şekilde görünmelidir. Orta planda Kapadokya'nın doğal ve tarihi çevresi yer almalıdır. Arka planda bölgenin gerçek topoğrafyası korunmalıdır. Kompozisyon doğal perspektife sahip olmalıdır. Fotoğraf gerçek bir insan tarafından çekilmiş hissi vermelidir. gerçek belgesel fotoğrafı, National Geographic tarzı, fotoğraf gerçekçiliği, yüksek dinamik aralık, gerçekçi ışık, gerçekçi gölgeler, 35mm DSLR, RAW fotoğraf, yüksek çözünürlük, keskin odak, yüksek ayrıntı, gerçek malzeme dokuları, doğal renkler belgesel fotoğrafçılığı, National Geographic kalitesi, ultra gerçekçi, profesyonel DSLR fotoğrafı, 35mm lens, RAW fotoğraf, yüksek dinamik aralık, doğal renkler, gerçekçi ışıklandırma, keskin odak, yüksek ayrıntı, gerçekçi malzeme dokuları, doğal gölgeler, fotoğraf gerçekçiliği, yüksek çözünürlük No fantasy elements. No futuristic buildings. No modern architecture. No artificial looking objects. The final image should resemble a professional National Geographic documentary photograph.;206;220;206;220
CHRD_REAL_0064;CHRD_REAL_0064.jpeg;Village Square;Ürgüp;Stone House;Landscape;Unknown;No;;Low;;Kapadokya'da geçen son derece gerçekçi bir belgesel fotoğrafı oluştur. Tema: Kapadokya köy meydanı, tarihi taş sokaklar, yerel mahalle yaşamı, geleneksel Anadolu yerleşimi, otantik köy atmosferi, kültürel yaşam alanı Konum: Ürgüp, tarihi taş evler, geleneksel Kapadokya yerleşimi, dar taş sokaklar, otantik Anadolu mimarisi Ana kültürel motifler: geleneksel taş evler, Anadolu taş mimarisi, tarihi taş yapılar Kapadokya doğal manzarası, geniş açık arazi, otantik doğa görünümü Mevsim: doğal gün ışığı Sahne tamamen Kapadokya'nın gerçek kültürel kimliğini yansıtmalıdır. Ön planda ana kültürel motifler açık şekilde görünmelidir. Orta planda tarihi çevre doğal şekilde devam etmelidir. Arka planda Kapadokya'nın gerçek topoğrafyası yer almalıdır. Ön planda ana kültürel motifler açık şekilde görünmelidir. Orta planda Kapadokya'nın doğal ve tarihi çevresi yer almalıdır. Arka planda bölgenin gerçek topoğrafyası korunmalıdır. Kompozisyon doğal perspektife sahip olmalıdır. Fotoğraf gerçek bir insan tarafından çekilmiş hissi vermelidir. gerçek belgesel fotoğrafı, National Geographic tarzı, fotoğraf gerçekçiliği, yüksek dinamik aralık, gerçekçi ışık, gerçekçi gölgeler, 35mm DSLR, RAW fotoğraf, yüksek çözünürlük, keskin odak, yüksek ayrıntı, gerçek malzeme dokuları, doğal renkler belgesel fotoğrafçılığı, National Geographic kalitesi, ultra gerçekçi, profesyonel DSLR fotoğrafı, 35mm lens, RAW fotoğraf, yüksek dinamik aralık, doğal renkler, gerçekçi ışıklandırma, keskin odak, yüksek ayrıntı, gerçekçi malzeme dokuları, doğal gölgeler, fotoğraf gerçekçiliği, yüksek çözünürlük Kesinlikle fantastik öğe bulunmamalıdır. Modern mimari kullanılmamalıdır. Yapay görünen nesneler bulunmamalıdır. Fotoğraf gerçek bir belgesel fotoğrafçısı tarafından çekilmiş hissi vermelidir.;Create an ultra realistic documentary style photograph captured in Cappadocia. Theme: Kapadokya köy meydanı, tarihi taş sokaklar, yerel mahalle yaşamı, geleneksel Anadolu yerleşimi, otantik köy atmosferi, kültürel yaşam alanı Location: Ürgüp, tarihi taş evler, geleneksel Kapadokya yerleşimi, dar taş sokaklar, otantik Anadolu mimarisi Main cultural elements: geleneksel taş evler, Anadolu taş mimarisi, tarihi taş yapılar Kapadokya doğal manzarası, geniş açık arazi, otantik doğa görünümü Season: doğal gün ışığı The scene must faithfully represent the authentic cultural identity of Cappadocia. The foreground should clearly emphasize the main cultural elements. The middle ground should naturally continue with the historical environment. The background should preserve the real geography of Cappadocia. Ön planda ana kültürel motifler açık şekilde görünmelidir. Orta planda Kapadokya'nın doğal ve tarihi çevresi yer almalıdır. Arka planda bölgenin gerçek topoğrafyası korunmalıdır. Kompozisyon doğal perspektife sahip olmalıdır. Fotoğraf gerçek bir insan tarafından çekilmiş hissi vermelidir. gerçek belgesel fotoğrafı, National Geographic tarzı, fotoğraf gerçekçiliği, yüksek dinamik aralık, gerçekçi ışık, gerçekçi gölgeler, 35mm DSLR, RAW fotoğraf, yüksek çözünürlük, keskin odak, yüksek ayrıntı, gerçek malzeme dokuları, doğal renkler belgesel fotoğrafçılığı, National Geographic kalitesi, ultra gerçekçi, profesyonel DSLR fotoğrafı, 35mm lens, RAW fotoğraf, yüksek dinamik aralık, doğal renkler, gerçekçi ışıklandırma, keskin odak, yüksek ayrıntı, gerçekçi malzeme dokuları, doğal gölgeler, fotoğraf gerçekçiliği, yüksek çözünürlük No fantasy elements. No futuristic buildings. No modern architecture. No artificial looking objects. The final image should resemble a professional National Geographic documentary photograph.;217;231;217;231
CHRD_REAL_0065;CHRD_REAL_0065.jpeg;Daily Life;Ürgüp;Stone House;Pottery;Unknown;Yes;;High;;Kapadokya'da geçen son derece gerçekçi bir belgesel fotoğrafı oluştur. Tema: Kapadokya'da yaşayan insanların doğal günlük yaşamı, yerel Anadolu kültürü, geleneksel yaşam biçimi, otantik sosyal ortam, gerçek yaşam sahnesi, yaşayan kültürel miras Konum: Ürgüp, tarihi taş evler, geleneksel Kapadokya yerleşimi, dar taş sokaklar, otantik Anadolu mimarisi Ana kültürel motifler: geleneksel taş evler, Anadolu taş mimarisi, tarihi taş yapılar Avanos el yapımı çömlek sanatı, kırmızı kil seramikleri, geleneksel çömlek ustalığı Mevsim: doğal gün ışığı Sahnede yöre halkı doğal günlük yaşamını sürdürmektedir. İnsanlar poz vermemekte, gerçek yaşamın doğal bir parçası olarak görünmektedir. Sahne tamamen Kapadokya'nın gerçek kültürel kimliğini yansıtmalıdır. Ön planda ana kültürel motifler açık şekilde görünmelidir. Orta planda tarihi çevre doğal şekilde devam etmelidir. Arka planda Kapadokya'nın gerçek topoğrafyası yer almalıdır. Ön planda ana kültürel motifler açık şekilde görünmelidir. Orta planda Kapadokya'nın doğal ve tarihi çevresi yer almalıdır. Arka planda bölgenin gerçek topoğrafyası korunmalıdır. Kompozisyon doğal perspektife sahip olmalıdır. Fotoğraf gerçek bir insan tarafından çekilmiş hissi vermelidir. gerçek belgesel fotoğrafı, National Geographic tarzı, fotoğraf gerçekçiliği, yüksek dinamik aralık, gerçekçi ışık, gerçekçi gölgeler, 35mm DSLR, RAW fotoğraf, yüksek çözünürlük, keskin odak, yüksek ayrıntı, gerçek malzeme dokuları, doğal renkler belgesel fotoğrafçılığı, National Geographic kalitesi, ultra gerçekçi, profesyonel DSLR fotoğrafı, 35mm lens, RAW fotoğraf, yüksek dinamik aralık, doğal renkler, gerçekçi ışıklandırma, keskin odak, yüksek ayrıntı, gerçekçi malzeme dokuları, doğal gölgeler, fotoğraf gerçekçiliği, yüksek çözünürlük Kesinlikle fantastik öğe bulunmamalıdır. Modern mimari kullanılmamalıdır. Yapay görünen nesneler bulunmamalıdır. Fotoğraf gerçek bir belgesel fotoğrafçısı tarafından çekilmiş hissi vermelidir.;Create an ultra realistic documentary style photograph captured in Cappadocia. Theme: Kapadokya'da yaşayan insanların doğal günlük yaşamı, yerel Anadolu kültürü, geleneksel yaşam biçimi, otantik sosyal ortam, gerçek yaşam sahnesi, yaşayan kültürel miras Location: Ürgüp, tarihi taş evler, geleneksel Kapadokya yerleşimi, dar taş sokaklar, otantik Anadolu mimarisi Main cultural elements: geleneksel taş evler, Anadolu taş mimarisi, tarihi taş yapılar Avanos el yapımı çömlek sanatı, kırmızı kil seramikleri, geleneksel çömlek ustalığı Season: doğal gün ışığı Local Anatolian people naturally appear in the scene. They are not posing for the camera. They are part of everyday life. The scene must faithfully represent the authentic cultural identity of Cappadocia. The foreground should clearly emphasize the main cultural elements. The middle ground should naturally continue with the historical environment. The background should preserve the real geography of Cappadocia. Ön planda ana kültürel motifler açık şekilde görünmelidir. Orta planda Kapadokya'nın doğal ve tarihi çevresi yer almalıdır. Arka planda bölgenin gerçek topoğrafyası korunmalıdır. Kompozisyon doğal perspektife sahip olmalıdır. Fotoğraf gerçek bir insan tarafından çekilmiş hissi vermelidir. gerçek belgesel fotoğrafı, National Geographic tarzı, fotoğraf gerçekçiliği, yüksek dinamik aralık, gerçekçi ışık, gerçekçi gölgeler, 35mm DSLR, RAW fotoğraf, yüksek çözünürlük, keskin odak, yüksek ayrıntı, gerçek malzeme dokuları, doğal renkler belgesel fotoğrafçılığı, National Geographic kalitesi, ultra gerçekçi, profesyonel DSLR fotoğrafı, 35mm lens, RAW fotoğraf, yüksek dinamik aralık, doğal renkler, gerçekçi ışıklandırma, keskin odak, yüksek ayrıntı, gerçekçi malzeme dokuları, doğal gölgeler, fotoğraf gerçekçiliği, yüksek çözünürlük No fantasy elements. No futuristic buildings. No modern architecture. No artificial looking objects. The final image should resemble a professional National Geographic documentary photograph.;239;257;239;257
CHRD_REAL_0067;CHRD_REAL_0067.jpeg;Fairy Chimney;Kızılçukur;Rock Formation;Landscape;Unknown;No;;High;;Kapadokya'da geçen son derece gerçekçi bir belgesel fotoğrafı oluştur. Tema: Fairy Chimney Konum: Kızılçukur Ana kültürel motifler: volkanik kaya oluşumları, doğal kaya yapıları, Kapadokya jeolojisi Kapadokya doğal manzarası, geniş açık arazi, otantik doğa görünümü Mevsim: doğal gün ışığı Sahne tamamen Kapadokya'nın gerçek kültürel kimliğini yansıtmalıdır. Ön planda ana kültürel motifler açık şekilde görünmelidir. Orta planda tarihi çevre doğal şekilde devam etmelidir. Arka planda Kapadokya'nın gerçek topoğrafyası yer almalıdır. Ön planda ana kültürel motifler açık şekilde görünmelidir. Orta planda Kapadokya'nın doğal ve tarihi çevresi yer almalıdır. Arka planda bölgenin gerçek topoğrafyası korunmalıdır. Kompozisyon doğal perspektife sahip olmalıdır. Fotoğraf gerçek bir insan tarafından çekilmiş hissi vermelidir. gerçek belgesel fotoğrafı, National Geographic tarzı, fotoğraf gerçekçiliği, yüksek dinamik aralık, gerçekçi ışık, gerçekçi gölgeler, 35mm DSLR, RAW fotoğraf, yüksek çözünürlük, keskin odak, yüksek ayrıntı, gerçek malzeme dokuları, doğal renkler belgesel fotoğrafçılığı, National Geographic kalitesi, ultra gerçekçi, profesyonel DSLR fotoğrafı, 35mm lens, RAW fotoğraf, yüksek dinamik aralık, doğal renkler, gerçekçi ışıklandırma, keskin odak, yüksek ayrıntı, gerçekçi malzeme dokuları, doğal gölgeler, fotoğraf gerçekçiliği, yüksek çözünürlük Kesinlikle fantastik öğe bulunmamalıdır. Modern mimari kullanılmamalıdır. Yapay görünen nesneler bulunmamalıdır. Fotoğraf gerçek bir belgesel fotoğrafçısı tarafından çekilmiş hissi vermelidir.;Create an ultra realistic documentary style photograph captured in Cappadocia. Theme: Fairy Chimney Location: Kızılçukur Main cultural elements: volkanik kaya oluşumları, doğal kaya yapıları, Kapadokya jeolojisi Kapadokya doğal manzarası, geniş açık arazi, otantik doğa görünümü Season: doğal gün ışığı The scene must faithfully represent the authentic cultural identity of Cappadocia. The foreground should clearly emphasize the main cultural elements. The middle ground should naturally continue with the historical environment. The background should preserve the real geography of Cappadocia. Ön planda ana kültürel motifler açık şekilde görünmelidir. Orta planda Kapadokya'nın doğal ve tarihi çevresi yer almalıdır. Arka planda bölgenin gerçek topoğrafyası korunmalıdır. Kompozisyon doğal perspektife sahip olmalıdır. Fotoğraf gerçek bir insan tarafından çekilmiş hissi vermelidir. gerçek belgesel fotoğrafı, National Geographic tarzı, fotoğraf gerçekçiliği, yüksek dinamik aralık, gerçekçi ışık, gerçekçi gölgeler, 35mm DSLR, RAW fotoğraf, yüksek çözünürlük, keskin odak, yüksek ayrıntı, gerçek malzeme dokuları, doğal renkler belgesel fotoğrafçılığı, National Geographic kalitesi, ultra gerçekçi, profesyonel DSLR fotoğrafı, 35mm lens, RAW fotoğraf, yüksek dinamik aralık, doğal renkler, gerçekçi ışıklandırma, keskin odak, yüksek ayrıntı, gerçekçi malzeme dokuları, doğal gölgeler, fotoğraf gerçekçiliği, yüksek çözünürlük No fantasy elements. No futuristic buildings. No modern architecture. No artificial looking objects. The final image should resemble a professional National Geographic documentary photograph.;188;202;188;202
CHRD_REAL_0068;CHRD_REAL_0068.jpeg;Fairy Chimney;Kızılçukur;Rock Formation;Landscape;Unknown;Yes;;Medium;;Kapadokya'da geçen son derece gerçekçi bir belgesel fotoğrafı oluştur. Tema: Fairy Chimney Konum: Kızılçukur Ana kültürel motifler: volkanik kaya oluşumları, doğal kaya yapıları, Kapadokya jeolojisi Kapadokya doğal manzarası, geniş açık arazi, otantik doğa görünümü Mevsim: doğal gün ışığı Sahnede yöre halkı doğal günlük yaşamını sürdürmektedir. İnsanlar poz vermemekte, gerçek yaşamın doğal bir parçası olarak görünmektedir. Sahne tamamen Kapadokya'nın gerçek kültürel kimliğini yansıtmalıdır. Ön planda ana kültürel motifler açık şekilde görünmelidir. Orta planda tarihi çevre doğal şekilde devam etmelidir. Arka planda Kapadokya'nın gerçek topoğrafyası yer almalıdır. Ön planda ana kültürel motifler açık şekilde görünmelidir. Orta planda Kapadokya'nın doğal ve tarihi çevresi yer almalıdır. Arka planda bölgenin gerçek topoğrafyası korunmalıdır. Kompozisyon doğal perspektife sahip olmalıdır. Fotoğraf gerçek bir insan tarafından çekilmiş hissi vermelidir. gerçek belgesel fotoğrafı, National Geographic tarzı, fotoğraf gerçekçiliği, yüksek dinamik aralık, gerçekçi ışık, gerçekçi gölgeler, 35mm DSLR, RAW fotoğraf, yüksek çözünürlük, keskin odak, yüksek ayrıntı, gerçek malzeme dokuları, doğal renkler belgesel fotoğrafçılığı, National Geographic kalitesi, ultra gerçekçi, profesyonel DSLR fotoğrafı, 35mm lens, RAW fotoğraf, yüksek dinamik aralık, doğal renkler, gerçekçi ışıklandırma, keskin odak, yüksek ayrıntı, gerçekçi malzeme dokuları, doğal gölgeler, fotoğraf gerçekçiliği, yüksek çözünürlük Kesinlikle fantastik öğe bulunmamalıdır. Modern mimari kullanılmamalıdır. Yapay görünen nesneler bulunmamalıdır. Fotoğraf gerçek bir belgesel fotoğrafçısı tarafından çekilmiş hissi vermelidir.;Create an ultra realistic documentary style photograph captured in Cappadocia. Theme: Fairy Chimney Location: Kızılçukur Main cultural elements: volkanik kaya oluşumları, doğal kaya yapıları, Kapadokya jeolojisi Kapadokya doğal manzarası, geniş açık arazi, otantik doğa görünümü Season: doğal gün ışığı Local Anatolian people naturally appear in the scene. They are not posing for the camera. They are part of everyday life. The scene must faithfully represent the authentic cultural identity of Cappadocia. The foreground should clearly emphasize the main cultural elements. The middle ground should naturally continue with the historical environment. The background should preserve the real geography of Cappadocia. Ön planda ana kültürel motifler açık şekilde görünmelidir. Orta planda Kapadokya'nın doğal ve tarihi çevresi yer almalıdır. Arka planda bölgenin gerçek topoğrafyası korunmalıdır. Kompozisyon doğal perspektife sahip olmalıdır. Fotoğraf gerçek bir insan tarafından çekilmiş hissi vermelidir. gerçek belgesel fotoğrafı, National Geographic tarzı, fotoğraf gerçekçiliği, yüksek dinamik aralık, gerçekçi ışık, gerçekçi gölgeler, 35mm DSLR, RAW fotoğraf, yüksek çözünürlük, keskin odak, yüksek ayrıntı, gerçek malzeme dokuları, doğal renkler belgesel fotoğrafçılığı, National Geographic kalitesi, ultra gerçekçi, profesyonel DSLR fotoğrafı, 35mm lens, RAW fotoğraf, yüksek dinamik aralık, doğal renkler, gerçekçi ışıklandırma, keskin odak, yüksek ayrıntı, gerçekçi malzeme dokuları, doğal gölgeler, fotoğraf gerçekçiliği, yüksek çözünürlük No fantasy elements. No futuristic buildings. No modern architecture. No artificial looking objects. The final image should resemble a professional National Geographic documentary photograph.;205;223;205;223
CHRD_REAL_0069;CHRD_REAL_0069.jpeg;Rock-cut Heritage;Unknown;Church;Museum;Unknown;No;;Low;;Kapadokya'da geçen son derece gerçekçi bir belgesel fotoğrafı oluştur. Tema: Kapadokya'nın tarihi kaya oyma mirası, UNESCO Dünya Mirası, volkanik tüf kayalara oyulmuş tarihi yapılar, antik kaya yerleşimleri, geleneksel Anadolu mimarisi, otantik tarihi doku, korunmuş kültürel miras Konum: Kapadokya Ana kültürel motifler: tarihi kaya kilisesi, Bizans dönemi kaya kilisesi, otantik dini mimari yerel kültür müzesi, tarihi eser koleksiyonu, kültürel miras müzesi Mevsim: doğal gün ışığı Sahne tamamen Kapadokya'nın gerçek kültürel kimliğini yansıtmalıdır. Ön planda ana kültürel motifler açık şekilde görünmelidir. Orta planda tarihi çevre doğal şekilde devam etmelidir. Arka planda Kapadokya'nın gerçek topoğrafyası yer almalıdır. Ön planda ana kültürel motifler açık şekilde görünmelidir. Orta planda Kapadokya'nın doğal ve tarihi çevresi yer almalıdır. Arka planda bölgenin gerçek topoğrafyası korunmalıdır. Kompozisyon doğal perspektife sahip olmalıdır. Fotoğraf gerçek bir insan tarafından çekilmiş hissi vermelidir. gerçek belgesel fotoğrafı, National Geographic tarzı, fotoğraf gerçekçiliği, yüksek dinamik aralık, gerçekçi ışık, gerçekçi gölgeler, 35mm DSLR, RAW fotoğraf, yüksek çözünürlük, keskin odak, yüksek ayrıntı, gerçek malzeme dokuları, doğal renkler belgesel fotoğrafçılığı, National Geographic kalitesi, ultra gerçekçi, profesyonel DSLR fotoğrafı, 35mm lens, RAW fotoğraf, yüksek dinamik aralık, doğal renkler, gerçekçi ışıklandırma, keskin odak, yüksek ayrıntı, gerçekçi malzeme dokuları, doğal gölgeler, fotoğraf gerçekçiliği, yüksek çözünürlük Kesinlikle fantastik öğe bulunmamalıdır. Modern mimari kullanılmamalıdır. Yapay görünen nesneler bulunmamalıdır. Fotoğraf gerçek bir belgesel fotoğrafçısı tarafından çekilmiş hissi vermelidir.;Create an ultra realistic documentary style photograph captured in Cappadocia. Theme: Kapadokya'nın tarihi kaya oyma mirası, UNESCO Dünya Mirası, volkanik tüf kayalara oyulmuş tarihi yapılar, antik kaya yerleşimleri, geleneksel Anadolu mimarisi, otantik tarihi doku, korunmuş kültürel miras Location: Kapadokya Main cultural elements: tarihi kaya kilisesi, Bizans dönemi kaya kilisesi, otantik dini mimari yerel kültür müzesi, tarihi eser koleksiyonu, kültürel miras müzesi Season: doğal gün ışığı The scene must faithfully represent the authentic cultural identity of Cappadocia. The foreground should clearly emphasize the main cultural elements. The middle ground should naturally continue with the historical environment. The background should preserve the real geography of Cappadocia. Ön planda ana kültürel motifler açık şekilde görünmelidir. Orta planda Kapadokya'nın doğal ve tarihi çevresi yer almalıdır. Arka planda bölgenin gerçek topoğrafyası korunmalıdır. Kompozisyon doğal perspektife sahip olmalıdır. Fotoğraf gerçek bir insan tarafından çekilmiş hissi vermelidir. gerçek belgesel fotoğrafı, National Geographic tarzı, fotoğraf gerçekçiliği, yüksek dinamik aralık, gerçekçi ışık, gerçekçi gölgeler, 35mm DSLR, RAW fotoğraf, yüksek çözünürlük, keskin odak, yüksek ayrıntı, gerçek malzeme dokuları, doğal renkler belgesel fotoğrafçılığı, National Geographic kalitesi, ultra gerçekçi, profesyonel DSLR fotoğrafı, 35mm lens, RAW fotoğraf, yüksek dinamik aralık, doğal renkler, gerçekçi ışıklandırma, keskin odak, yüksek ayrıntı, gerçekçi malzeme dokuları, doğal gölgeler, fotoğraf gerçekçiliği, yüksek çözünürlük No fantasy elements. No futuristic buildings. No modern architecture. No artificial looking objects. The final image should resemble a professional National Geographic documentary photograph.;214;228;214;228
CHRD_REAL_0070;CHRD_REAL_0070.jpeg;Rock-cut Heritage;Unknown;Cave House;Valley;Unknown;No;;High;;Kapadokya'da geçen son derece gerçekçi bir belgesel fotoğrafı oluştur. Tema: Kapadokya'nın tarihi kaya oyma mirası, UNESCO Dünya Mirası, volkanik tüf kayalara oyulmuş tarihi yapılar, antik kaya yerleşimleri, geleneksel Anadolu mimarisi, otantik tarihi doku, korunmuş kültürel miras Konum: Kapadokya Ana kültürel motifler: volkanik kayalara oyulmuş geleneksel kaya evleri, Kapadokya mağara yerleşimleri, otantik kaya konutları Kapadokya vadisi, geniş kaya vadisi, doğal arazi Mevsim: doğal gün ışığı Sahne tamamen Kapadokya'nın gerçek kültürel kimliğini yansıtmalıdır. Ön planda ana kültürel motifler açık şekilde görünmelidir. Orta planda tarihi çevre doğal şekilde devam etmelidir. Arka planda Kapadokya'nın gerçek topoğrafyası yer almalıdır. Ön planda ana kültürel motifler açık şekilde görünmelidir. Orta planda Kapadokya'nın doğal ve tarihi çevresi yer almalıdır. Arka planda bölgenin gerçek topoğrafyası korunmalıdır. Kompozisyon doğal perspektife sahip olmalıdır. Fotoğraf gerçek bir insan tarafından çekilmiş hissi vermelidir. gerçek belgesel fotoğrafı, National Geographic tarzı, fotoğraf gerçekçiliği, yüksek dinamik aralık, gerçekçi ışık, gerçekçi gölgeler, 35mm DSLR, RAW fotoğraf, yüksek çözünürlük, keskin odak, yüksek ayrıntı, gerçek malzeme dokuları, doğal renkler belgesel fotoğrafçılığı, National Geographic kalitesi, ultra gerçekçi, profesyonel DSLR fotoğrafı, 35mm lens, RAW fotoğraf, yüksek dinamik aralık, doğal renkler, gerçekçi ışıklandırma, keskin odak, yüksek ayrıntı, gerçekçi malzeme dokuları, doğal gölgeler, fotoğraf gerçekçiliği, yüksek çözünürlük Kesinlikle fantastik öğe bulunmamalıdır. Modern mimari kullanılmamalıdır. Yapay görünen nesneler bulunmamalıdır. Fotoğraf gerçek bir belgesel fotoğrafçısı tarafından çekilmiş hissi vermelidir.;Create an ultra realistic documentary style photograph captured in Cappadocia. Theme: Kapadokya'nın tarihi kaya oyma mirası, UNESCO Dünya Mirası, volkanik tüf kayalara oyulmuş tarihi yapılar, antik kaya yerleşimleri, geleneksel Anadolu mimarisi, otantik tarihi doku, korunmuş kültürel miras Location: Kapadokya Main cultural elements: volkanik kayalara oyulmuş geleneksel kaya evleri, Kapadokya mağara yerleşimleri, otantik kaya konutları Kapadokya vadisi, geniş kaya vadisi, doğal arazi Season: doğal gün ışığı The scene must faithfully represent the authentic cultural identity of Cappadocia. The foreground should clearly emphasize the main cultural elements. The middle ground should naturally continue with the historical environment. The background should preserve the real geography of Cappadocia. Ön planda ana kültürel motifler açık şekilde görünmelidir. Orta planda Kapadokya'nın doğal ve tarihi çevresi yer almalıdır. Arka planda bölgenin gerçek topoğrafyası korunmalıdır. Kompozisyon doğal perspektife sahip olmalıdır. Fotoğraf gerçek bir insan tarafından çekilmiş hissi vermelidir. gerçek belgesel fotoğrafı, National Geographic tarzı, fotoğraf gerçekçiliği, yüksek dinamik aralık, gerçekçi ışık, gerçekçi gölgeler, 35mm DSLR, RAW fotoğraf, yüksek çözünürlük, keskin odak, yüksek ayrıntı, gerçek malzeme dokuları, doğal renkler belgesel fotoğrafçılığı, National Geographic kalitesi, ultra gerçekçi, profesyonel DSLR fotoğrafı, 35mm lens, RAW fotoğraf, yüksek dinamik aralık, doğal renkler, gerçekçi ışıklandırma, keskin odak, yüksek ayrıntı, gerçekçi malzeme dokuları, doğal gölgeler, fotoğraf gerçekçiliği, yüksek çözünürlük No fantasy elements. No futuristic buildings. No modern architecture. No artificial looking objects. The final image should resemble a professional National Geographic documentary photograph.;214;228;214;228
CHRD_REAL_0071;CHRD_REAL_0071.jpeg;Fairy Chimney;Unknown;Rock Formation;Valley;Unknown;No;;High;;Kapadokya'da geçen son derece gerçekçi bir belgesel fotoğrafı oluştur. Tema: Fairy Chimney Konum: Kapadokya Ana kültürel motifler: volkanik kaya oluşumları, doğal kaya yapıları, Kapadokya jeolojisi Kapadokya vadisi, geniş kaya vadisi, doğal arazi Mevsim: doğal gün ışığı Sahne tamamen Kapadokya'nın gerçek kültürel kimliğini yansıtmalıdır. Ön planda ana kültürel motifler açık şekilde görünmelidir. Orta planda tarihi çevre doğal şekilde devam etmelidir. Arka planda Kapadokya'nın gerçek topoğrafyası yer almalıdır. Ön planda ana kültürel motifler açık şekilde görünmelidir. Orta planda Kapadokya'nın doğal ve tarihi çevresi yer almalıdır. Arka planda bölgenin gerçek topoğrafyası korunmalıdır. Kompozisyon doğal perspektife sahip olmalıdır. Fotoğraf gerçek bir insan tarafından çekilmiş hissi vermelidir. gerçek belgesel fotoğrafı, National Geographic tarzı, fotoğraf gerçekçiliği, yüksek dinamik aralık, gerçekçi ışık, gerçekçi gölgeler, 35mm DSLR, RAW fotoğraf, yüksek çözünürlük, keskin odak, yüksek ayrıntı, gerçek malzeme dokuları, doğal renkler belgesel fotoğrafçılığı, National Geographic kalitesi, ultra gerçekçi, profesyonel DSLR fotoğrafı, 35mm lens, RAW fotoğraf, yüksek dinamik aralık, doğal renkler, gerçekçi ışıklandırma, keskin odak, yüksek ayrıntı, gerçekçi malzeme dokuları, doğal gölgeler, fotoğraf gerçekçiliği, yüksek çözünürlük Kesinlikle fantastik öğe bulunmamalıdır. Modern mimari kullanılmamalıdır. Yapay görünen nesneler bulunmamalıdır. Fotoğraf gerçek bir belgesel fotoğrafçısı tarafından çekilmiş hissi vermelidir.;Create an ultra realistic documentary style photograph captured in Cappadocia. Theme: Fairy Chimney Location: Kapadokya Main cultural elements: volkanik kaya oluşumları, doğal kaya yapıları, Kapadokya jeolojisi Kapadokya vadisi, geniş kaya vadisi, doğal arazi Season: doğal gün ışığı The scene must faithfully represent the authentic cultural identity of Cappadocia. The foreground should clearly emphasize the main cultural elements. The middle ground should naturally continue with the historical environment. The background should preserve the real geography of Cappadocia. Ön planda ana kültürel motifler açık şekilde görünmelidir. Orta planda Kapadokya'nın doğal ve tarihi çevresi yer almalıdır. Arka planda bölgenin gerçek topoğrafyası korunmalıdır. Kompozisyon doğal perspektife sahip olmalıdır. Fotoğraf gerçek bir insan tarafından çekilmiş hissi vermelidir. gerçek belgesel fotoğrafı, National Geographic tarzı, fotoğraf gerçekçiliği, yüksek dinamik aralık, gerçekçi ışık, gerçekçi gölgeler, 35mm DSLR, RAW fotoğraf, yüksek çözünürlük, keskin odak, yüksek ayrıntı, gerçek malzeme dokuları, doğal renkler belgesel fotoğrafçılığı, National Geographic kalitesi, ultra gerçekçi, profesyonel DSLR fotoğrafı, 35mm lens, RAW fotoğraf, yüksek dinamik aralık, doğal renkler, gerçekçi ışıklandırma, keskin odak, yüksek ayrıntı, gerçekçi malzeme dokuları, doğal gölgeler, fotoğraf gerçekçiliği, yüksek çözünürlük No fantasy elements. No futuristic buildings. No modern architecture. No artificial looking objects. The final image should resemble a professional National Geographic documentary photograph.;186;200;186;200
CHRD_REAL_0072;CHRD_REAL_0072.jpeg;Daily Life;Ürgüp;Stone House;Unknown;Unknown;No;;Low;;Kapadokya'da geçen son derece gerçekçi bir belgesel fotoğrafı oluştur. Tema: Kapadokya'da yaşayan insanların doğal günlük yaşamı, yerel Anadolu kültürü, geleneksel yaşam biçimi, otantik sosyal ortam, gerçek yaşam sahnesi, yaşayan kültürel miras Konum: Ürgüp, tarihi taş evler, geleneksel Kapadokya yerleşimi, dar taş sokaklar, otantik Anadolu mimarisi Ana kültürel motifler: geleneksel taş evler, Anadolu taş mimarisi, tarihi taş yapılar Unknown Mevsim: doğal gün ışığı Sahne tamamen Kapadokya'nın gerçek kültürel kimliğini yansıtmalıdır. Ön planda ana kültürel motifler açık şekilde görünmelidir. Orta planda tarihi çevre doğal şekilde devam etmelidir. Arka planda Kapadokya'nın gerçek topoğrafyası yer almalıdır. Ön planda ana kültürel motifler açık şekilde görünmelidir. Orta planda Kapadokya'nın doğal ve tarihi çevresi yer almalıdır. Arka planda bölgenin gerçek topoğrafyası korunmalıdır. Kompozisyon doğal perspektife sahip olmalıdır. Fotoğraf gerçek bir insan tarafından çekilmiş hissi vermelidir. gerçek belgesel fotoğrafı, National Geographic tarzı, fotoğraf gerçekçiliği, yüksek dinamik aralık, gerçekçi ışık, gerçekçi gölgeler, 35mm DSLR, RAW fotoğraf, yüksek çözünürlük, keskin odak, yüksek ayrıntı, gerçek malzeme dokuları, doğal renkler belgesel fotoğrafçılığı, National Geographic kalitesi, ultra gerçekçi, profesyonel DSLR fotoğrafı, 35mm lens, RAW fotoğraf, yüksek dinamik aralık, doğal renkler, gerçekçi ışıklandırma, keskin odak, yüksek ayrıntı, gerçekçi malzeme dokuları, doğal gölgeler, fotoğraf gerçekçiliği, yüksek çözünürlük Kesinlikle fantastik öğe bulunmamalıdır. Modern mimari kullanılmamalıdır. Yapay görünen nesneler bulunmamalıdır. Fotoğraf gerçek bir belgesel fotoğrafçısı tarafından çekilmiş hissi vermelidir.;Create an ultra realistic documentary style photograph captured in Cappadocia. Theme: Kapadokya'da yaşayan insanların doğal günlük yaşamı, yerel Anadolu kültürü, geleneksel yaşam biçimi, otantik sosyal ortam, gerçek yaşam sahnesi, yaşayan kültürel miras Location: Ürgüp, tarihi taş evler, geleneksel Kapadokya yerleşimi, dar taş sokaklar, otantik Anadolu mimarisi Main cultural elements: geleneksel taş evler, Anadolu taş mimarisi, tarihi taş yapılar Unknown Season: doğal gün ışığı The scene must faithfully represent the authentic cultural identity of Cappadocia. The foreground should clearly emphasize the main cultural elements. The middle ground should naturally continue with the historical environment. The background should preserve the real geography of Cappadocia. Ön planda ana kültürel motifler açık şekilde görünmelidir. Orta planda Kapadokya'nın doğal ve tarihi çevresi yer almalıdır. Arka planda bölgenin gerçek topoğrafyası korunmalıdır. Kompozisyon doğal perspektife sahip olmalıdır. Fotoğraf gerçek bir insan tarafından çekilmiş hissi vermelidir. gerçek belgesel fotoğrafı, National Geographic tarzı, fotoğraf gerçekçiliği, yüksek dinamik aralık, gerçekçi ışık, gerçekçi gölgeler, 35mm DSLR, RAW fotoğraf, yüksek çözünürlük, keskin odak, yüksek ayrıntı, gerçek malzeme dokuları, doğal renkler belgesel fotoğrafçılığı, National Geographic kalitesi, ultra gerçekçi, profesyonel DSLR fotoğrafı, 35mm lens, RAW fotoğraf, yüksek dinamik aralık, doğal renkler, gerçekçi ışıklandırma, keskin odak, yüksek ayrıntı, gerçekçi malzeme dokuları, doğal gölgeler, fotoğraf gerçekçiliği, yüksek çözünürlük No fantasy elements. No futuristic buildings. No modern architecture. No artificial looking objects. The final image should resemble a professional National Geographic documentary photograph.;212;226;212;226
CHRD_REAL_0073;CHRD_REAL_0073.jpeg;Local Architecture;Mustafapaşa;Stone House;Museum;Unknown;No;;Low;;Kapadokya'da geçen son derece gerçekçi bir belgesel fotoğrafı oluştur. Tema: Kapadokya taş mimarisi, geleneksel kaya evleri, taş yapılar, Anadolu mimarisi, korunmuş tarihi yapılar, otantik kültürel mimari Konum: Mustafapaşa, eski Rum taş konakları, tarihi sokaklar, geleneksel Kapadokya mimarisi Ana kültürel motifler: geleneksel taş evler, Anadolu taş mimarisi, tarihi taş yapılar yerel kültür müzesi, tarihi eser koleksiyonu, kültürel miras müzesi Mevsim: doğal gün ışığı Sahne tamamen Kapadokya'nın gerçek kültürel kimliğini yansıtmalıdır. Ön planda ana kültürel motifler açık şekilde görünmelidir. Orta planda tarihi çevre doğal şekilde devam etmelidir. Arka planda Kapadokya'nın gerçek topoğrafyası yer almalıdır. Ön planda ana kültürel motifler açık şekilde görünmelidir. Orta planda Kapadokya'nın doğal ve tarihi çevresi yer almalıdır. Arka planda bölgenin gerçek topoğrafyası korunmalıdır. Kompozisyon doğal perspektife sahip olmalıdır. Fotoğraf gerçek bir insan tarafından çekilmiş hissi vermelidir. gerçek belgesel fotoğrafı, National Geographic tarzı, fotoğraf gerçekçiliği, yüksek dinamik aralık, gerçekçi ışık, gerçekçi gölgeler, 35mm DSLR, RAW fotoğraf, yüksek çözünürlük, keskin odak, yüksek ayrıntı, gerçek malzeme dokuları, doğal renkler belgesel fotoğrafçılığı, National Geographic kalitesi, ultra gerçekçi, profesyonel DSLR fotoğrafı, 35mm lens, RAW fotoğraf, yüksek dinamik aralık, doğal renkler, gerçekçi ışıklandırma, keskin odak, yüksek ayrıntı, gerçekçi malzeme dokuları, doğal gölgeler, fotoğraf gerçekçiliği, yüksek çözünürlük Kesinlikle fantastik öğe bulunmamalıdır. Modern mimari kullanılmamalıdır. Yapay görünen nesneler bulunmamalıdır. Fotoğraf gerçek bir belgesel fotoğrafçısı tarafından çekilmiş hissi vermelidir.;Create an ultra realistic documentary style photograph captured in Cappadocia. Theme: Kapadokya taş mimarisi, geleneksel kaya evleri, taş yapılar, Anadolu mimarisi, korunmuş tarihi yapılar, otantik kültürel mimari Location: Mustafapaşa, eski Rum taş konakları, tarihi sokaklar, geleneksel Kapadokya mimarisi Main cultural elements: geleneksel taş evler, Anadolu taş mimarisi, tarihi taş yapılar yerel kültür müzesi, tarihi eser koleksiyonu, kültürel miras müzesi Season: doğal gün ışığı The scene must faithfully represent the authentic cultural identity of Cappadocia. The foreground should clearly emphasize the main cultural elements. The middle ground should naturally continue with the historical environment. The background should preserve the real geography of Cappadocia. Ön planda ana kültürel motifler açık şekilde görünmelidir. Orta planda Kapadokya'nın doğal ve tarihi çevresi yer almalıdır. Arka planda bölgenin gerçek topoğrafyası korunmalıdır. Kompozisyon doğal perspektife sahip olmalıdır. Fotoğraf gerçek bir insan tarafından çekilmiş hissi vermelidir. gerçek belgesel fotoğrafı, National Geographic tarzı, fotoğraf gerçekçiliği, yüksek dinamik aralık, gerçekçi ışık, gerçekçi gölgeler, 35mm DSLR, RAW fotoğraf, yüksek çözünürlük, keskin odak, yüksek ayrıntı, gerçek malzeme dokuları, doğal renkler belgesel fotoğrafçılığı, National Geographic kalitesi, ultra gerçekçi, profesyonel DSLR fotoğrafı, 35mm lens, RAW fotoğraf, yüksek dinamik aralık, doğal renkler, gerçekçi ışıklandırma, keskin odak, yüksek ayrıntı, gerçekçi malzeme dokuları, doğal gölgeler, fotoğraf gerçekçiliği, yüksek çözünürlük No fantasy elements. No futuristic buildings. No modern architecture. No artificial looking objects. The final image should resemble a professional National Geographic documentary photograph.;212;226;212;226
CHRD_REAL_0074;CHRD_REAL_0074.jpeg;Fairy Chimney;Unknown;Rock Formation;Fairy Chimney;Unknown;No;;High;;Kapadokya'da geçen son derece gerçekçi bir belgesel fotoğrafı oluştur. Tema: Fairy Chimney Konum: Kapadokya Ana kültürel motifler: volkanik kaya oluşumları, doğal kaya yapıları, Kapadokya jeolojisi Kapadokya'ya özgü peri bacaları, volkanik kaya oluşumları, doğal jeolojik yapı, ikonik Kapadokya manzarası Mevsim: doğal gün ışığı Sahne tamamen Kapadokya'nın gerçek kültürel kimliğini yansıtmalıdır. Ön planda ana kültürel motifler açık şekilde görünmelidir. Orta planda tarihi çevre doğal şekilde devam etmelidir. Arka planda Kapadokya'nın gerçek topoğrafyası yer almalıdır. Ön planda ana kültürel motifler açık şekilde görünmelidir. Orta planda Kapadokya'nın doğal ve tarihi çevresi yer almalıdır. Arka planda bölgenin gerçek topoğrafyası korunmalıdır. Kompozisyon doğal perspektife sahip olmalıdır. Fotoğraf gerçek bir insan tarafından çekilmiş hissi vermelidir. gerçek belgesel fotoğrafı, National Geographic tarzı, fotoğraf gerçekçiliği, yüksek dinamik aralık, gerçekçi ışık, gerçekçi gölgeler, 35mm DSLR, RAW fotoğraf, yüksek çözünürlük, keskin odak, yüksek ayrıntı, gerçek malzeme dokuları, doğal renkler belgesel fotoğrafçılığı, National Geographic kalitesi, ultra gerçekçi, profesyonel DSLR fotoğrafı, 35mm lens, RAW fotoğraf, yüksek dinamik aralık, doğal renkler, gerçekçi ışıklandırma, keskin odak, yüksek ayrıntı, gerçekçi malzeme dokuları, doğal gölgeler, fotoğraf gerçekçiliği, yüksek çözünürlük Kesinlikle fantastik öğe bulunmamalıdır. Modern mimari kullanılmamalıdır. Yapay görünen nesneler bulunmamalıdır. Fotoğraf gerçek bir belgesel fotoğrafçısı tarafından çekilmiş hissi vermelidir.;Create an ultra realistic documentary style photograph captured in Cappadocia. Theme: Fairy Chimney Location: Kapadokya Main cultural elements: volkanik kaya oluşumları, doğal kaya yapıları, Kapadokya jeolojisi Kapadokya'ya özgü peri bacaları, volkanik kaya oluşumları, doğal jeolojik yapı, ikonik Kapadokya manzarası Season: doğal gün ışığı The scene must faithfully represent the authentic cultural identity of Cappadocia. The foreground should clearly emphasize the main cultural elements. The middle ground should naturally continue with the historical environment. The background should preserve the real geography of Cappadocia. Ön planda ana kültürel motifler açık şekilde görünmelidir. Orta planda Kapadokya'nın doğal ve tarihi çevresi yer almalıdır. Arka planda bölgenin gerçek topoğrafyası korunmalıdır. Kompozisyon doğal perspektife sahip olmalıdır. Fotoğraf gerçek bir insan tarafından çekilmiş hissi vermelidir. gerçek belgesel fotoğrafı, National Geographic tarzı, fotoğraf gerçekçiliği, yüksek dinamik aralık, gerçekçi ışık, gerçekçi gölgeler, 35mm DSLR, RAW fotoğraf, yüksek çözünürlük, keskin odak, yüksek ayrıntı, gerçek malzeme dokuları, doğal renkler belgesel fotoğrafçılığı, National Geographic kalitesi, ultra gerçekçi, profesyonel DSLR fotoğrafı, 35mm lens, RAW fotoğraf, yüksek dinamik aralık, doğal renkler, gerçekçi ışıklandırma, keskin odak, yüksek ayrıntı, gerçekçi malzeme dokuları, doğal gölgeler, fotoğraf gerçekçiliği, yüksek çözünürlük No fantasy elements. No futuristic buildings. No modern architecture. No artificial looking objects. The final image should resemble a professional National Geographic documentary photograph.;192;206;192;206
CHRD_REAL_0075;CHRD_REAL_0075.jpeg;Fairy Chimney;Unknown;Rock Formation;Fairy Chimney;Unknown;No;;High;;Kapadokya'da geçen son derece gerçekçi bir belgesel fotoğrafı oluştur. Tema: Fairy Chimney Konum: Kapadokya Ana kültürel motifler: volkanik kaya oluşumları, doğal kaya yapıları, Kapadokya jeolojisi Kapadokya'ya özgü peri bacaları, volkanik kaya oluşumları, doğal jeolojik yapı, ikonik Kapadokya manzarası Mevsim: doğal gün ışığı Sahne tamamen Kapadokya'nın gerçek kültürel kimliğini yansıtmalıdır. Ön planda ana kültürel motifler açık şekilde görünmelidir. Orta planda tarihi çevre doğal şekilde devam etmelidir. Arka planda Kapadokya'nın gerçek topoğrafyası yer almalıdır. Ön planda ana kültürel motifler açık şekilde görünmelidir. Orta planda Kapadokya'nın doğal ve tarihi çevresi yer almalıdır. Arka planda bölgenin gerçek topoğrafyası korunmalıdır. Kompozisyon doğal perspektife sahip olmalıdır. Fotoğraf gerçek bir insan tarafından çekilmiş hissi vermelidir. gerçek belgesel fotoğrafı, National Geographic tarzı, fotoğraf gerçekçiliği, yüksek dinamik aralık, gerçekçi ışık, gerçekçi gölgeler, 35mm DSLR, RAW fotoğraf, yüksek çözünürlük, keskin odak, yüksek ayrıntı, gerçek malzeme dokuları, doğal renkler belgesel fotoğrafçılığı, National Geographic kalitesi, ultra gerçekçi, profesyonel DSLR fotoğrafı, 35mm lens, RAW fotoğraf, yüksek dinamik aralık, doğal renkler, gerçekçi ışıklandırma, keskin odak, yüksek ayrıntı, gerçekçi malzeme dokuları, doğal gölgeler, fotoğraf gerçekçiliği, yüksek çözünürlük Kesinlikle fantastik öğe bulunmamalıdır. Modern mimari kullanılmamalıdır. Yapay görünen nesneler bulunmamalıdır. Fotoğraf gerçek bir belgesel fotoğrafçısı tarafından çekilmiş hissi vermelidir.;Create an ultra realistic documentary style photograph captured in Cappadocia. Theme: Fairy Chimney Location: Kapadokya Main cultural elements: volkanik kaya oluşumları, doğal kaya yapıları, Kapadokya jeolojisi Kapadokya'ya özgü peri bacaları, volkanik kaya oluşumları, doğal jeolojik yapı, ikonik Kapadokya manzarası Season: doğal gün ışığı The scene must faithfully represent the authentic cultural identity of Cappadocia. The foreground should clearly emphasize the main cultural elements. The middle ground should naturally continue with the historical environment. The background should preserve the real geography of Cappadocia. Ön planda ana kültürel motifler açık şekilde görünmelidir. Orta planda Kapadokya'nın doğal ve tarihi çevresi yer almalıdır. Arka planda bölgenin gerçek topoğrafyası korunmalıdır. Kompozisyon doğal perspektife sahip olmalıdır. Fotoğraf gerçek bir insan tarafından çekilmiş hissi vermelidir. gerçek belgesel fotoğrafı, National Geographic tarzı, fotoğraf gerçekçiliği, yüksek dinamik aralık, gerçekçi ışık, gerçekçi gölgeler, 35mm DSLR, RAW fotoğraf, yüksek çözünürlük, keskin odak, yüksek ayrıntı, gerçek malzeme dokuları, doğal renkler belgesel fotoğrafçılığı, National Geographic kalitesi, ultra gerçekçi, profesyonel DSLR fotoğrafı, 35mm lens, RAW fotoğraf, yüksek dinamik aralık, doğal renkler, gerçekçi ışıklandırma, keskin odak, yüksek ayrıntı, gerçekçi malzeme dokuları, doğal gölgeler, fotoğraf gerçekçiliği, yüksek çözünürlük No fantasy elements. No futuristic buildings. No modern architecture. No artificial looking objects. The final image should resemble a professional National Geographic documentary photograph.;192;206;192;206
CHRD_REAL_0076;CHRD_REAL_0076.jpeg;Rock-cut Heritage;Unknown;Cave House;Stone House;Unknown;No;;High;;Kapadokya'da geçen son derece gerçekçi bir belgesel fotoğrafı oluştur. Tema: Kapadokya'nın tarihi kaya oyma mirası, UNESCO Dünya Mirası, volkanik tüf kayalara oyulmuş tarihi yapılar, antik kaya yerleşimleri, geleneksel Anadolu mimarisi, otantik tarihi doku, korunmuş kültürel miras Konum: Kapadokya Ana kültürel motifler: volkanik kayalara oyulmuş geleneksel kaya evleri, Kapadokya mağara yerleşimleri, otantik kaya konutları geleneksel taş evler, Anadolu taş mimarisi, tarihi taş yapılar Mevsim: doğal gün ışığı Sahne tamamen Kapadokya'nın gerçek kültürel kimliğini yansıtmalıdır. Ön planda ana kültürel motifler açık şekilde görünmelidir. Orta planda tarihi çevre doğal şekilde devam etmelidir. Arka planda Kapadokya'nın gerçek topoğrafyası yer almalıdır. Ön planda ana kültürel motifler açık şekilde görünmelidir. Orta planda Kapadokya'nın doğal ve tarihi çevresi yer almalıdır. Arka planda bölgenin gerçek topoğrafyası korunmalıdır. Kompozisyon doğal perspektife sahip olmalıdır. Fotoğraf gerçek bir insan tarafından çekilmiş hissi vermelidir. gerçek belgesel fotoğrafı, National Geographic tarzı, fotoğraf gerçekçiliği, yüksek dinamik aralık, gerçekçi ışık, gerçekçi gölgeler, 35mm DSLR, RAW fotoğraf, yüksek çözünürlük, keskin odak, yüksek ayrıntı, gerçek malzeme dokuları, doğal renkler belgesel fotoğrafçılığı, National Geographic kalitesi, ultra gerçekçi, profesyonel DSLR fotoğrafı, 35mm lens, RAW fotoğraf, yüksek dinamik aralık, doğal renkler, gerçekçi ışıklandırma, keskin odak, yüksek ayrıntı, gerçekçi malzeme dokuları, doğal gölgeler, fotoğraf gerçekçiliği, yüksek çözünürlük Kesinlikle fantastik öğe bulunmamalıdır. Modern mimari kullanılmamalıdır. Yapay görünen nesneler bulunmamalıdır. Fotoğraf gerçek bir belgesel fotoğrafçısı tarafından çekilmiş hissi vermelidir.;Create an ultra realistic documentary style photograph captured in Cappadocia. Theme: Kapadokya'nın tarihi kaya oyma mirası, UNESCO Dünya Mirası, volkanik tüf kayalara oyulmuş tarihi yapılar, antik kaya yerleşimleri, geleneksel Anadolu mimarisi, otantik tarihi doku, korunmuş kültürel miras Location: Kapadokya Main cultural elements: volkanik kayalara oyulmuş geleneksel kaya evleri, Kapadokya mağara yerleşimleri, otantik kaya konutları geleneksel taş evler, Anadolu taş mimarisi, tarihi taş yapılar Season: doğal gün ışığı The scene must faithfully represent the authentic cultural identity of Cappadocia. The foreground should clearly emphasize the main cultural elements. The middle ground should naturally continue with the historical environment. The background should preserve the real geography of Cappadocia. Ön planda ana kültürel motifler açık şekilde görünmelidir. Orta planda Kapadokya'nın doğal ve tarihi çevresi yer almalıdır. Arka planda bölgenin gerçek topoğrafyası korunmalıdır. Kompozisyon doğal perspektife sahip olmalıdır. Fotoğraf gerçek bir insan tarafından çekilmiş hissi vermelidir. gerçek belgesel fotoğrafı, National Geographic tarzı, fotoğraf gerçekçiliği, yüksek dinamik aralık, gerçekçi ışık, gerçekçi gölgeler, 35mm DSLR, RAW fotoğraf, yüksek çözünürlük, keskin odak, yüksek ayrıntı, gerçek malzeme dokuları, doğal renkler belgesel fotoğrafçılığı, National Geographic kalitesi, ultra gerçekçi, profesyonel DSLR fotoğrafı, 35mm lens, RAW fotoğraf, yüksek dinamik aralık, doğal renkler, gerçekçi ışıklandırma, keskin odak, yüksek ayrıntı, gerçekçi malzeme dokuları, doğal gölgeler, fotoğraf gerçekçiliği, yüksek çözünürlük No fantasy elements. No futuristic buildings. No modern architecture. No artificial looking objects. The final image should resemble a professional National Geographic documentary photograph.;216;230;216;230
CHRD_REAL_0077;CHRD_REAL_0077.jpeg;Village Square;Mustafapaşa;Stone House;Street;Unknown;No;;Medium;;Kapadokya'da geçen son derece gerçekçi bir belgesel fotoğrafı oluştur. Tema: Kapadokya köy meydanı, tarihi taş sokaklar, yerel mahalle yaşamı, geleneksel Anadolu yerleşimi, otantik köy atmosferi, kültürel yaşam alanı Konum: Mustafapaşa, eski Rum taş konakları, tarihi sokaklar, geleneksel Kapadokya mimarisi Ana kültürel motifler: geleneksel taş evler, Anadolu taş mimarisi, tarihi taş yapılar tarihi taş sokak, otantik Kapadokya yolu, geleneksel mahalle yolu Mevsim: doğal gün ışığı Sahne tamamen Kapadokya'nın gerçek kültürel kimliğini yansıtmalıdır. Ön planda ana kültürel motifler açık şekilde görünmelidir. Orta planda tarihi çevre doğal şekilde devam etmelidir. Arka planda Kapadokya'nın gerçek topoğrafyası yer almalıdır. Ön planda ana kültürel motifler açık şekilde görünmelidir. Orta planda Kapadokya'nın doğal ve tarihi çevresi yer almalıdır. Arka planda bölgenin gerçek topoğrafyası korunmalıdır. Kompozisyon doğal perspektife sahip olmalıdır. Fotoğraf gerçek bir insan tarafından çekilmiş hissi vermelidir. gerçek belgesel fotoğrafı, National Geographic tarzı, fotoğraf gerçekçiliği, yüksek dinamik aralık, gerçekçi ışık, gerçekçi gölgeler, 35mm DSLR, RAW fotoğraf, yüksek çözünürlük, keskin odak, yüksek ayrıntı, gerçek malzeme dokuları, doğal renkler belgesel fotoğrafçılığı, National Geographic kalitesi, ultra gerçekçi, profesyonel DSLR fotoğrafı, 35mm lens, RAW fotoğraf, yüksek dinamik aralık, doğal renkler, gerçekçi ışıklandırma, keskin odak, yüksek ayrıntı, gerçekçi malzeme dokuları, doğal gölgeler, fotoğraf gerçekçiliği, yüksek çözünürlük Kesinlikle fantastik öğe bulunmamalıdır. Modern mimari kullanılmamalıdır. Yapay görünen nesneler bulunmamalıdır. Fotoğraf gerçek bir belgesel fotoğrafçısı tarafından çekilmiş hissi vermelidir.;Create an ultra realistic documentary style photograph captured in Cappadocia. Theme: Kapadokya köy meydanı, tarihi taş sokaklar, yerel mahalle yaşamı, geleneksel Anadolu yerleşimi, otantik köy atmosferi, kültürel yaşam alanı Location: Mustafapaşa, eski Rum taş konakları, tarihi sokaklar, geleneksel Kapadokya mimarisi Main cultural elements: geleneksel taş evler, Anadolu taş mimarisi, tarihi taş yapılar tarihi taş sokak, otantik Kapadokya yolu, geleneksel mahalle yolu Season: doğal gün ışığı The scene must faithfully represent the authentic cultural identity of Cappadocia. The foreground should clearly emphasize the main cultural elements. The middle ground should naturally continue with the historical environment. The background should preserve the real geography of Cappadocia. Ön planda ana kültürel motifler açık şekilde görünmelidir. Orta planda Kapadokya'nın doğal ve tarihi çevresi yer almalıdır. Arka planda bölgenin gerçek topoğrafyası korunmalıdır. Kompozisyon doğal perspektife sahip olmalıdır. Fotoğraf gerçek bir insan tarafından çekilmiş hissi vermelidir. gerçek belgesel fotoğrafı, National Geographic tarzı, fotoğraf gerçekçiliği, yüksek dinamik aralık, gerçekçi ışık, gerçekçi gölgeler, 35mm DSLR, RAW fotoğraf, yüksek çözünürlük, keskin odak, yüksek ayrıntı, gerçek malzeme dokuları, doğal renkler belgesel fotoğrafçılığı, National Geographic kalitesi, ultra gerçekçi, profesyonel DSLR fotoğrafı, 35mm lens, RAW fotoğraf, yüksek dinamik aralık, doğal renkler, gerçekçi ışıklandırma, keskin odak, yüksek ayrıntı, gerçekçi malzeme dokuları, doğal gölgeler, fotoğraf gerçekçiliği, yüksek çözünürlük No fantasy elements. No futuristic buildings. No modern architecture. No artificial looking objects. The final image should resemble a professional National Geographic documentary photograph.;214;228;214;228
CHRD_REAL_0078;CHRD_REAL_0078.jpeg;Village Square;Ürgüp;Stone House;Street;Unknown;No;;Low;;Kapadokya'da geçen son derece gerçekçi bir belgesel fotoğrafı oluştur. Tema: Kapadokya köy meydanı, tarihi taş sokaklar, yerel mahalle yaşamı, geleneksel Anadolu yerleşimi, otantik köy atmosferi, kültürel yaşam alanı Konum: Ürgüp, tarihi taş evler, geleneksel Kapadokya yerleşimi, dar taş sokaklar, otantik Anadolu mimarisi Ana kültürel motifler: geleneksel taş evler, Anadolu taş mimarisi, tarihi taş yapılar tarihi taş sokak, otantik Kapadokya yolu, geleneksel mahalle yolu Mevsim: doğal gün ışığı Sahne tamamen Kapadokya'nın gerçek kültürel kimliğini yansıtmalıdır. Ön planda ana kültürel motifler açık şekilde görünmelidir. Orta planda tarihi çevre doğal şekilde devam etmelidir. Arka planda Kapadokya'nın gerçek topoğrafyası yer almalıdır. Ön planda ana kültürel motifler açık şekilde görünmelidir. Orta planda Kapadokya'nın doğal ve tarihi çevresi yer almalıdır. Arka planda bölgenin gerçek topoğrafyası korunmalıdır. Kompozisyon doğal perspektife sahip olmalıdır. Fotoğraf gerçek bir insan tarafından çekilmiş hissi vermelidir. gerçek belgesel fotoğrafı, National Geographic tarzı, fotoğraf gerçekçiliği, yüksek dinamik aralık, gerçekçi ışık, gerçekçi gölgeler, 35mm DSLR, RAW fotoğraf, yüksek çözünürlük, keskin odak, yüksek ayrıntı, gerçek malzeme dokuları, doğal renkler belgesel fotoğrafçılığı, National Geographic kalitesi, ultra gerçekçi, profesyonel DSLR fotoğrafı, 35mm lens, RAW fotoğraf, yüksek dinamik aralık, doğal renkler, gerçekçi ışıklandırma, keskin odak, yüksek ayrıntı, gerçekçi malzeme dokuları, doğal gölgeler, fotoğraf gerçekçiliği, yüksek çözünürlük Kesinlikle fantastik öğe bulunmamalıdır. Modern mimari kullanılmamalıdır. Yapay görünen nesneler bulunmamalıdır. Fotoğraf gerçek bir belgesel fotoğrafçısı tarafından çekilmiş hissi vermelidir.;Create an ultra realistic documentary style photograph captured in Cappadocia. Theme: Kapadokya köy meydanı, tarihi taş sokaklar, yerel mahalle yaşamı, geleneksel Anadolu yerleşimi, otantik köy atmosferi, kültürel yaşam alanı Location: Ürgüp, tarihi taş evler, geleneksel Kapadokya yerleşimi, dar taş sokaklar, otantik Anadolu mimarisi Main cultural elements: geleneksel taş evler, Anadolu taş mimarisi, tarihi taş yapılar tarihi taş sokak, otantik Kapadokya yolu, geleneksel mahalle yolu Season: doğal gün ışığı The scene must faithfully represent the authentic cultural identity of Cappadocia. The foreground should clearly emphasize the main cultural elements. The middle ground should naturally continue with the historical environment. The background should preserve the real geography of Cappadocia. Ön planda ana kültürel motifler açık şekilde görünmelidir. Orta planda Kapadokya'nın doğal ve tarihi çevresi yer almalıdır. Arka planda bölgenin gerçek topoğrafyası korunmalıdır. Kompozisyon doğal perspektife sahip olmalıdır. Fotoğraf gerçek bir insan tarafından çekilmiş hissi vermelidir. gerçek belgesel fotoğrafı, National Geographic tarzı, fotoğraf gerçekçiliği, yüksek dinamik aralık, gerçekçi ışık, gerçekçi gölgeler, 35mm DSLR, RAW fotoğraf, yüksek çözünürlük, keskin odak, yüksek ayrıntı, gerçek malzeme dokuları, doğal renkler belgesel fotoğrafçılığı, National Geographic kalitesi, ultra gerçekçi, profesyonel DSLR fotoğrafı, 35mm lens, RAW fotoğraf, yüksek dinamik aralık, doğal renkler, gerçekçi ışıklandırma, keskin odak, yüksek ayrıntı, gerçekçi malzeme dokuları, doğal gölgeler, fotoğraf gerçekçiliği, yüksek çözünürlük No fantasy elements. No futuristic buildings. No modern architecture. No artificial looking objects. The final image should resemble a professional National Geographic documentary photograph.;217;231;217;231
CHRD_REAL_0079;CHRD_REAL_0079.jpeg;Village Square;Mustafapaşa;Stone House;Street;Unknown;No;;Medium;;Kapadokya'da geçen son derece gerçekçi bir belgesel fotoğrafı oluştur. Tema: Kapadokya köy meydanı, tarihi taş sokaklar, yerel mahalle yaşamı, geleneksel Anadolu yerleşimi, otantik köy atmosferi, kültürel yaşam alanı Konum: Mustafapaşa, eski Rum taş konakları, tarihi sokaklar, geleneksel Kapadokya mimarisi Ana kültürel motifler: geleneksel taş evler, Anadolu taş mimarisi, tarihi taş yapılar tarihi taş sokak, otantik Kapadokya yolu, geleneksel mahalle yolu Mevsim: doğal gün ışığı Sahne tamamen Kapadokya'nın gerçek kültürel kimliğini yansıtmalıdır. Ön planda ana kültürel motifler açık şekilde görünmelidir. Orta planda tarihi çevre doğal şekilde devam etmelidir. Arka planda Kapadokya'nın gerçek topoğrafyası yer almalıdır. Ön planda ana kültürel motifler açık şekilde görünmelidir. Orta planda Kapadokya'nın doğal ve tarihi çevresi yer almalıdır. Arka planda bölgenin gerçek topoğrafyası korunmalıdır. Kompozisyon doğal perspektife sahip olmalıdır. Fotoğraf gerçek bir insan tarafından çekilmiş hissi vermelidir. gerçek belgesel fotoğrafı, National Geographic tarzı, fotoğraf gerçekçiliği, yüksek dinamik aralık, gerçekçi ışık, gerçekçi gölgeler, 35mm DSLR, RAW fotoğraf, yüksek çözünürlük, keskin odak, yüksek ayrıntı, gerçek malzeme dokuları, doğal renkler belgesel fotoğrafçılığı, National Geographic kalitesi, ultra gerçekçi, profesyonel DSLR fotoğrafı, 35mm lens, RAW fotoğraf, yüksek dinamik aralık, doğal renkler, gerçekçi ışıklandırma, keskin odak, yüksek ayrıntı, gerçekçi malzeme dokuları, doğal gölgeler, fotoğraf gerçekçiliği, yüksek çözünürlük Kesinlikle fantastik öğe bulunmamalıdır. Modern mimari kullanılmamalıdır. Yapay görünen nesneler bulunmamalıdır. Fotoğraf gerçek bir belgesel fotoğrafçısı tarafından çekilmiş hissi vermelidir.;Create an ultra realistic documentary style photograph captured in Cappadocia. Theme: Kapadokya köy meydanı, tarihi taş sokaklar, yerel mahalle yaşamı, geleneksel Anadolu yerleşimi, otantik köy atmosferi, kültürel yaşam alanı Location: Mustafapaşa, eski Rum taş konakları, tarihi sokaklar, geleneksel Kapadokya mimarisi Main cultural elements: geleneksel taş evler, Anadolu taş mimarisi, tarihi taş yapılar tarihi taş sokak, otantik Kapadokya yolu, geleneksel mahalle yolu Season: doğal gün ışığı The scene must faithfully represent the authentic cultural identity of Cappadocia. The foreground should clearly emphasize the main cultural elements. The middle ground should naturally continue with the historical environment. The background should preserve the real geography of Cappadocia. Ön planda ana kültürel motifler açık şekilde görünmelidir. Orta planda Kapadokya'nın doğal ve tarihi çevresi yer almalıdır. Arka planda bölgenin gerçek topoğrafyası korunmalıdır. Kompozisyon doğal perspektife sahip olmalıdır. Fotoğraf gerçek bir insan tarafından çekilmiş hissi vermelidir. gerçek belgesel fotoğrafı, National Geographic tarzı, fotoğraf gerçekçiliği, yüksek dinamik aralık, gerçekçi ışık, gerçekçi gölgeler, 35mm DSLR, RAW fotoğraf, yüksek çözünürlük, keskin odak, yüksek ayrıntı, gerçek malzeme dokuları, doğal renkler belgesel fotoğrafçılığı, National Geographic kalitesi, ultra gerçekçi, profesyonel DSLR fotoğrafı, 35mm lens, RAW fotoğraf, yüksek dinamik aralık, doğal renkler, gerçekçi ışıklandırma, keskin odak, yüksek ayrıntı, gerçekçi malzeme dokuları, doğal gölgeler, fotoğraf gerçekçiliği, yüksek çözünürlük No fantasy elements. No futuristic buildings. No modern architecture. No artificial looking objects. The final image should resemble a professional National Geographic documentary photograph.;214;228;214;228
CHRD_REAL_0080;CHRD_REAL_0080.jpeg;Village Square;Avanos;Stone House;Street;Unknown;Yes;;Medium;;Kapadokya'da geçen son derece gerçekçi bir belgesel fotoğrafı oluştur. Tema: Kapadokya köy meydanı, tarihi taş sokaklar, yerel mahalle yaşamı, geleneksel Anadolu yerleşimi, otantik köy atmosferi, kültürel yaşam alanı Konum: Avanos, Kızılırmak Nehri, geleneksel çömlekçilik, el sanatları, kırmızı kil seramikleri, tarihi çarşı Ana kültürel motifler: geleneksel taş evler, Anadolu taş mimarisi, tarihi taş yapılar tarihi taş sokak, otantik Kapadokya yolu, geleneksel mahalle yolu Mevsim: doğal gün ışığı Sahnede yöre halkı doğal günlük yaşamını sürdürmektedir. İnsanlar poz vermemekte, gerçek yaşamın doğal bir parçası olarak görünmektedir. Sahne tamamen Kapadokya'nın gerçek kültürel kimliğini yansıtmalıdır. Ön planda ana kültürel motifler açık şekilde görünmelidir. Orta planda tarihi çevre doğal şekilde devam etmelidir. Arka planda Kapadokya'nın gerçek topoğrafyası yer almalıdır. Ön planda ana kültürel motifler açık şekilde görünmelidir. Orta planda Kapadokya'nın doğal ve tarihi çevresi yer almalıdır. Arka planda bölgenin gerçek topoğrafyası korunmalıdır. Kompozisyon doğal perspektife sahip olmalıdır. Fotoğraf gerçek bir insan tarafından çekilmiş hissi vermelidir. gerçek belgesel fotoğrafı, National Geographic tarzı, fotoğraf gerçekçiliği, yüksek dinamik aralık, gerçekçi ışık, gerçekçi gölgeler, 35mm DSLR, RAW fotoğraf, yüksek çözünürlük, keskin odak, yüksek ayrıntı, gerçek malzeme dokuları, doğal renkler belgesel fotoğrafçılığı, National Geographic kalitesi, ultra gerçekçi, profesyonel DSLR fotoğrafı, 35mm lens, RAW fotoğraf, yüksek dinamik aralık, doğal renkler, gerçekçi ışıklandırma, keskin odak, yüksek ayrıntı, gerçekçi malzeme dokuları, doğal gölgeler, fotoğraf gerçekçiliği, yüksek çözünürlük Kesinlikle fantastik öğe bulunmamalıdır. Modern mimari kullanılmamalıdır. Yapay görünen nesneler bulunmamalıdır. Fotoğraf gerçek bir belgesel fotoğrafçısı tarafından çekilmiş hissi vermelidir.;Create an ultra realistic documentary style photograph captured in Cappadocia. Theme: Kapadokya köy meydanı, tarihi taş sokaklar, yerel mahalle yaşamı, geleneksel Anadolu yerleşimi, otantik köy atmosferi, kültürel yaşam alanı Location: Avanos, Kızılırmak Nehri, geleneksel çömlekçilik, el sanatları, kırmızı kil seramikleri, tarihi çarşı Main cultural elements: geleneksel taş evler, Anadolu taş mimarisi, tarihi taş yapılar tarihi taş sokak, otantik Kapadokya yolu, geleneksel mahalle yolu Season: doğal gün ışığı Local Anatolian people naturally appear in the scene. They are not posing for the camera. They are part of everyday life. The scene must faithfully represent the authentic cultural identity of Cappadocia. The foreground should clearly emphasize the main cultural elements. The middle ground should naturally continue with the historical environment. The background should preserve the real geography of Cappadocia. Ön planda ana kültürel motifler açık şekilde görünmelidir. Orta planda Kapadokya'nın doğal ve tarihi çevresi yer almalıdır. Arka planda bölgenin gerçek topoğrafyası korunmalıdır. Kompozisyon doğal perspektife sahip olmalıdır. Fotoğraf gerçek bir insan tarafından çekilmiş hissi vermelidir. gerçek belgesel fotoğrafı, National Geographic tarzı, fotoğraf gerçekçiliği, yüksek dinamik aralık, gerçekçi ışık, gerçekçi gölgeler, 35mm DSLR, RAW fotoğraf, yüksek çözünürlük, keskin odak, yüksek ayrıntı, gerçek malzeme dokuları, doğal renkler belgesel fotoğrafçılığı, National Geographic kalitesi, ultra gerçekçi, profesyonel DSLR fotoğrafı, 35mm lens, RAW fotoğraf, yüksek dinamik aralık, doğal renkler, gerçekçi ışıklandırma, keskin odak, yüksek ayrıntı, gerçekçi malzeme dokuları, doğal gölgeler, fotoğraf gerçekçiliği, yüksek çözünürlük No fantasy elements. No futuristic buildings. No modern architecture. No artificial looking objects. The final image should resemble a professional National Geographic documentary photograph.;233;251;233;251
CHRD_REAL_0082;CHRD_REAL_0082.jpeg;Daily Life;Unknown;Hot Air Balloon;Airship;Summer;No;;High;;Kapadokya'da geçen son derece gerçekçi bir belgesel fotoğrafı oluştur. Tema: Kapadokya'da yaşayan insanların doğal günlük yaşamı, yerel Anadolu kültürü, geleneksel yaşam biçimi, otantik sosyal ortam, gerçek yaşam sahnesi, yaşayan kültürel miras Konum: Kapadokya Ana kültürel motifler: Hot Air Balloon Airship Mevsim: parlak yaz sabahı Sahne tamamen Kapadokya'nın gerçek kültürel kimliğini yansıtmalıdır. Ön planda ana kültürel motifler açık şekilde görünmelidir. Orta planda tarihi çevre doğal şekilde devam etmelidir. Arka planda Kapadokya'nın gerçek topoğrafyası yer almalıdır. Ön planda ana kültürel motifler açık şekilde görünmelidir. Orta planda Kapadokya'nın doğal ve tarihi çevresi yer almalıdır. Arka planda bölgenin gerçek topoğrafyası korunmalıdır. Kompozisyon doğal perspektife sahip olmalıdır. Fotoğraf gerçek bir insan tarafından çekilmiş hissi vermelidir. gerçek belgesel fotoğrafı, National Geographic tarzı, fotoğraf gerçekçiliği, yüksek dinamik aralık, gerçekçi ışık, gerçekçi gölgeler, 35mm DSLR, RAW fotoğraf, yüksek çözünürlük, keskin odak, yüksek ayrıntı, gerçek malzeme dokuları, doğal renkler belgesel fotoğrafçılığı, National Geographic kalitesi, ultra gerçekçi, profesyonel DSLR fotoğrafı, 35mm lens, RAW fotoğraf, yüksek dinamik aralık, doğal renkler, gerçekçi ışıklandırma, keskin odak, yüksek ayrıntı, gerçekçi malzeme dokuları, doğal gölgeler, fotoğraf gerçekçiliği, yüksek çözünürlük Kesinlikle fantastik öğe bulunmamalıdır. Modern mimari kullanılmamalıdır. Yapay görünen nesneler bulunmamalıdır. Fotoğraf gerçek bir belgesel fotoğrafçısı tarafından çekilmiş hissi vermelidir.;Create an ultra realistic documentary style photograph captured in Cappadocia. Theme: Kapadokya'da yaşayan insanların doğal günlük yaşamı, yerel Anadolu kültürü, geleneksel yaşam biçimi, otantik sosyal ortam, gerçek yaşam sahnesi, yaşayan kültürel miras Location: Kapadokya Main cultural elements: Hot Air Balloon Airship Season: parlak yaz sabahı The scene must faithfully represent the authentic cultural identity of Cappadocia. The foreground should clearly emphasize the main cultural elements. The middle ground should naturally continue with the historical environment. The background should preserve the real geography of Cappadocia. Ön planda ana kültürel motifler açık şekilde görünmelidir. Orta planda Kapadokya'nın doğal ve tarihi çevresi yer almalıdır. Arka planda bölgenin gerçek topoğrafyası korunmalıdır. Kompozisyon doğal perspektife sahip olmalıdır. Fotoğraf gerçek bir insan tarafından çekilmiş hissi vermelidir. gerçek belgesel fotoğrafı, National Geographic tarzı, fotoğraf gerçekçiliği, yüksek dinamik aralık, gerçekçi ışık, gerçekçi gölgeler, 35mm DSLR, RAW fotoğraf, yüksek çözünürlük, keskin odak, yüksek ayrıntı, gerçek malzeme dokuları, doğal renkler belgesel fotoğrafçılığı, National Geographic kalitesi, ultra gerçekçi, profesyonel DSLR fotoğrafı, 35mm lens, RAW fotoğraf, yüksek dinamik aralık, doğal renkler, gerçekçi ışıklandırma, keskin odak, yüksek ayrıntı, gerçekçi malzeme dokuları, doğal gölgeler, fotoğraf gerçekçiliği, yüksek çözünürlük No fantasy elements. No futuristic buildings. No modern architecture. No artificial looking objects. The final image should resemble a professional National Geographic documentary photograph.;194;208;194;208
CHRD_REAL_0083;CHRD_REAL_0083.jpeg;Daily Life;Unknown;Hot Air Balloon;Airship;Summer;No;;High;;Kapadokya'da geçen son derece gerçekçi bir belgesel fotoğrafı oluştur. Tema: Kapadokya'da yaşayan insanların doğal günlük yaşamı, yerel Anadolu kültürü, geleneksel yaşam biçimi, otantik sosyal ortam, gerçek yaşam sahnesi, yaşayan kültürel miras Konum: Kapadokya Ana kültürel motifler: Hot Air Balloon Airship Mevsim: parlak yaz sabahı Sahne tamamen Kapadokya'nın gerçek kültürel kimliğini yansıtmalıdır. Ön planda ana kültürel motifler açık şekilde görünmelidir. Orta planda tarihi çevre doğal şekilde devam etmelidir. Arka planda Kapadokya'nın gerçek topoğrafyası yer almalıdır. Ön planda ana kültürel motifler açık şekilde görünmelidir. Orta planda Kapadokya'nın doğal ve tarihi çevresi yer almalıdır. Arka planda bölgenin gerçek topoğrafyası korunmalıdır. Kompozisyon doğal perspektife sahip olmalıdır. Fotoğraf gerçek bir insan tarafından çekilmiş hissi vermelidir. gerçek belgesel fotoğrafı, National Geographic tarzı, fotoğraf gerçekçiliği, yüksek dinamik aralık, gerçekçi ışık, gerçekçi gölgeler, 35mm DSLR, RAW fotoğraf, yüksek çözünürlük, keskin odak, yüksek ayrıntı, gerçek malzeme dokuları, doğal renkler belgesel fotoğrafçılığı, National Geographic kalitesi, ultra gerçekçi, profesyonel DSLR fotoğrafı, 35mm lens, RAW fotoğraf, yüksek dinamik aralık, doğal renkler, gerçekçi ışıklandırma, keskin odak, yüksek ayrıntı, gerçekçi malzeme dokuları, doğal gölgeler, fotoğraf gerçekçiliği, yüksek çözünürlük Kesinlikle fantastik öğe bulunmamalıdır. Modern mimari kullanılmamalıdır. Yapay görünen nesneler bulunmamalıdır. Fotoğraf gerçek bir belgesel fotoğrafçısı tarafından çekilmiş hissi vermelidir.;Create an ultra realistic documentary style photograph captured in Cappadocia. Theme: Kapadokya'da yaşayan insanların doğal günlük yaşamı, yerel Anadolu kültürü, geleneksel yaşam biçimi, otantik sosyal ortam, gerçek yaşam sahnesi, yaşayan kültürel miras Location: Kapadokya Main cultural elements: Hot Air Balloon Airship Season: parlak yaz sabahı The scene must faithfully represent the authentic cultural identity of Cappadocia. The foreground should clearly emphasize the main cultural elements. The middle ground should naturally continue with the historical environment. The background should preserve the real geography of Cappadocia. Ön planda ana kültürel motifler açık şekilde görünmelidir. Orta planda Kapadokya'nın doğal ve tarihi çevresi yer almalıdır. Arka planda bölgenin gerçek topoğrafyası korunmalıdır. Kompozisyon doğal perspektife sahip olmalıdır. Fotoğraf gerçek bir insan tarafından çekilmiş hissi vermelidir. gerçek belgesel fotoğrafı, National Geographic tarzı, fotoğraf gerçekçiliği, yüksek dinamik aralık, gerçekçi ışık, gerçekçi gölgeler, 35mm DSLR, RAW fotoğraf, yüksek çözünürlük, keskin odak, yüksek ayrıntı, gerçek malzeme dokuları, doğal renkler belgesel fotoğrafçılığı, National Geographic kalitesi, ultra gerçekçi, profesyonel DSLR fotoğrafı, 35mm lens, RAW fotoğraf, yüksek dinamik aralık, doğal renkler, gerçekçi ışıklandırma, keskin odak, yüksek ayrıntı, gerçekçi malzeme dokuları, doğal gölgeler, fotoğraf gerçekçiliği, yüksek çözünürlük No fantasy elements. No futuristic buildings. No modern architecture. No artificial looking objects. The final image should resemble a professional National Geographic documentary photograph.;194;208;194;208
CHRD_REAL_0084;CHRD_REAL_0084.jpeg;Daily Life;Unknown;Hot Air Balloon;Sunrise;Summer;No;;High;;Kapadokya'da geçen son derece gerçekçi bir belgesel fotoğrafı oluştur. Tema: Kapadokya'da yaşayan insanların doğal günlük yaşamı, yerel Anadolu kültürü, geleneksel yaşam biçimi, otantik sosyal ortam, gerçek yaşam sahnesi, yaşayan kültürel miras Konum: Kapadokya Ana kültürel motifler: Hot Air Balloon gün doğumu, altın saat ışıkları, doğal sabah ışığı Mevsim: parlak yaz sabahı Sahne tamamen Kapadokya'nın gerçek kültürel kimliğini yansıtmalıdır. Ön planda ana kültürel motifler açık şekilde görünmelidir. Orta planda tarihi çevre doğal şekilde devam etmelidir. Arka planda Kapadokya'nın gerçek topoğrafyası yer almalıdır. Ön planda ana kültürel motifler açık şekilde görünmelidir. Orta planda Kapadokya'nın doğal ve tarihi çevresi yer almalıdır. Arka planda bölgenin gerçek topoğrafyası korunmalıdır. Kompozisyon doğal perspektife sahip olmalıdır. Fotoğraf gerçek bir insan tarafından çekilmiş hissi vermelidir. gerçek belgesel fotoğrafı, National Geographic tarzı, fotoğraf gerçekçiliği, yüksek dinamik aralık, gerçekçi ışık, gerçekçi gölgeler, 35mm DSLR, RAW fotoğraf, yüksek çözünürlük, keskin odak, yüksek ayrıntı, gerçek malzeme dokuları, doğal renkler belgesel fotoğrafçılığı, National Geographic kalitesi, ultra gerçekçi, profesyonel DSLR fotoğrafı, 35mm lens, RAW fotoğraf, yüksek dinamik aralık, doğal renkler, gerçekçi ışıklandırma, keskin odak, yüksek ayrıntı, gerçekçi malzeme dokuları, doğal gölgeler, fotoğraf gerçekçiliği, yüksek çözünürlük Kesinlikle fantastik öğe bulunmamalıdır. Modern mimari kullanılmamalıdır. Yapay görünen nesneler bulunmamalıdır. Fotoğraf gerçek bir belgesel fotoğrafçısı tarafından çekilmiş hissi vermelidir.;Create an ultra realistic documentary style photograph captured in Cappadocia. Theme: Kapadokya'da yaşayan insanların doğal günlük yaşamı, yerel Anadolu kültürü, geleneksel yaşam biçimi, otantik sosyal ortam, gerçek yaşam sahnesi, yaşayan kültürel miras Location: Kapadokya Main cultural elements: Hot Air Balloon gün doğumu, altın saat ışıkları, doğal sabah ışığı Season: parlak yaz sabahı The scene must faithfully represent the authentic cultural identity of Cappadocia. The foreground should clearly emphasize the main cultural elements. The middle ground should naturally continue with the historical environment. The background should preserve the real geography of Cappadocia. Ön planda ana kültürel motifler açık şekilde görünmelidir. Orta planda Kapadokya'nın doğal ve tarihi çevresi yer almalıdır. Arka planda bölgenin gerçek topoğrafyası korunmalıdır. Kompozisyon doğal perspektife sahip olmalıdır. Fotoğraf gerçek bir insan tarafından çekilmiş hissi vermelidir. gerçek belgesel fotoğrafı, National Geographic tarzı, fotoğraf gerçekçiliği, yüksek dinamik aralık, gerçekçi ışık, gerçekçi gölgeler, 35mm DSLR, RAW fotoğraf, yüksek çözünürlük, keskin odak, yüksek ayrıntı, gerçek malzeme dokuları, doğal renkler belgesel fotoğrafçılığı, National Geographic kalitesi, ultra gerçekçi, profesyonel DSLR fotoğrafı, 35mm lens, RAW fotoğraf, yüksek dinamik aralık, doğal renkler, gerçekçi ışıklandırma, keskin odak, yüksek ayrıntı, gerçekçi malzeme dokuları, doğal gölgeler, fotoğraf gerçekçiliği, yüksek çözünürlük No fantasy elements. No futuristic buildings. No modern architecture. No artificial looking objects. The final image should resemble a professional National Geographic documentary photograph.;201;215;201;215
CHRD_REAL_0085;CHRD_REAL_0085.jpeg;Daily Life;Unknown;Hot Air Balloon;Airship;Summer;No;;High;;Kapadokya'da geçen son derece gerçekçi bir belgesel fotoğrafı oluştur. Tema: Kapadokya'da yaşayan insanların doğal günlük yaşamı, yerel Anadolu kültürü, geleneksel yaşam biçimi, otantik sosyal ortam, gerçek yaşam sahnesi, yaşayan kültürel miras Konum: Kapadokya Ana kültürel motifler: Hot Air Balloon Airship Mevsim: parlak yaz sabahı Sahne tamamen Kapadokya'nın gerçek kültürel kimliğini yansıtmalıdır. Ön planda ana kültürel motifler açık şekilde görünmelidir. Orta planda tarihi çevre doğal şekilde devam etmelidir. Arka planda Kapadokya'nın gerçek topoğrafyası yer almalıdır. Ön planda ana kültürel motifler açık şekilde görünmelidir. Orta planda Kapadokya'nın doğal ve tarihi çevresi yer almalıdır. Arka planda bölgenin gerçek topoğrafyası korunmalıdır. Kompozisyon doğal perspektife sahip olmalıdır. Fotoğraf gerçek bir insan tarafından çekilmiş hissi vermelidir. gerçek belgesel fotoğrafı, National Geographic tarzı, fotoğraf gerçekçiliği, yüksek dinamik aralık, gerçekçi ışık, gerçekçi gölgeler, 35mm DSLR, RAW fotoğraf, yüksek çözünürlük, keskin odak, yüksek ayrıntı, gerçek malzeme dokuları, doğal renkler belgesel fotoğrafçılığı, National Geographic kalitesi, ultra gerçekçi, profesyonel DSLR fotoğrafı, 35mm lens, RAW fotoğraf, yüksek dinamik aralık, doğal renkler, gerçekçi ışıklandırma, keskin odak, yüksek ayrıntı, gerçekçi malzeme dokuları, doğal gölgeler, fotoğraf gerçekçiliği, yüksek çözünürlük Kesinlikle fantastik öğe bulunmamalıdır. Modern mimari kullanılmamalıdır. Yapay görünen nesneler bulunmamalıdır. Fotoğraf gerçek bir belgesel fotoğrafçısı tarafından çekilmiş hissi vermelidir.;Create an ultra realistic documentary style photograph captured in Cappadocia. Theme: Kapadokya'da yaşayan insanların doğal günlük yaşamı, yerel Anadolu kültürü, geleneksel yaşam biçimi, otantik sosyal ortam, gerçek yaşam sahnesi, yaşayan kültürel miras Location: Kapadokya Main cultural elements: Hot Air Balloon Airship Season: parlak yaz sabahı The scene must faithfully represent the authentic cultural identity of Cappadocia. The foreground should clearly emphasize the main cultural elements. The middle ground should naturally continue with the historical environment. The background should preserve the real geography of Cappadocia. Ön planda ana kültürel motifler açık şekilde görünmelidir. Orta planda Kapadokya'nın doğal ve tarihi çevresi yer almalıdır. Arka planda bölgenin gerçek topoğrafyası korunmalıdır. Kompozisyon doğal perspektife sahip olmalıdır. Fotoğraf gerçek bir insan tarafından çekilmiş hissi vermelidir. gerçek belgesel fotoğrafı, National Geographic tarzı, fotoğraf gerçekçiliği, yüksek dinamik aralık, gerçekçi ışık, gerçekçi gölgeler, 35mm DSLR, RAW fotoğraf, yüksek çözünürlük, keskin odak, yüksek ayrıntı, gerçek malzeme dokuları, doğal renkler belgesel fotoğrafçılığı, National Geographic kalitesi, ultra gerçekçi, profesyonel DSLR fotoğrafı, 35mm lens, RAW fotoğraf, yüksek dinamik aralık, doğal renkler, gerçekçi ışıklandırma, keskin odak, yüksek ayrıntı, gerçekçi malzeme dokuları, doğal gölgeler, fotoğraf gerçekçiliği, yüksek çözünürlük No fantasy elements. No futuristic buildings. No modern architecture. No artificial looking objects. The final image should resemble a professional National Geographic documentary photograph.;194;208;194;208
CHRD_REAL_0086;CHRD_REAL_0086.jpeg;Daily Life;Unknown;Hot Air Balloon;Airship;Summer;No;;High;;Kapadokya'da geçen son derece gerçekçi bir belgesel fotoğrafı oluştur. Tema: Kapadokya'da yaşayan insanların doğal günlük yaşamı, yerel Anadolu kültürü, geleneksel yaşam biçimi, otantik sosyal ortam, gerçek yaşam sahnesi, yaşayan kültürel miras Konum: Kapadokya Ana kültürel motifler: Hot Air Balloon Airship Mevsim: parlak yaz sabahı Sahne tamamen Kapadokya'nın gerçek kültürel kimliğini yansıtmalıdır. Ön planda ana kültürel motifler açık şekilde görünmelidir. Orta planda tarihi çevre doğal şekilde devam etmelidir. Arka planda Kapadokya'nın gerçek topoğrafyası yer almalıdır. Ön planda ana kültürel motifler açık şekilde görünmelidir. Orta planda Kapadokya'nın doğal ve tarihi çevresi yer almalıdır. Arka planda bölgenin gerçek topoğrafyası korunmalıdır. Kompozisyon doğal perspektife sahip olmalıdır. Fotoğraf gerçek bir insan tarafından çekilmiş hissi vermelidir. gerçek belgesel fotoğrafı, National Geographic tarzı, fotoğraf gerçekçiliği, yüksek dinamik aralık, gerçekçi ışık, gerçekçi gölgeler, 35mm DSLR, RAW fotoğraf, yüksek çözünürlük, keskin odak, yüksek ayrıntı, gerçek malzeme dokuları, doğal renkler belgesel fotoğrafçılığı, National Geographic kalitesi, ultra gerçekçi, profesyonel DSLR fotoğrafı, 35mm lens, RAW fotoğraf, yüksek dinamik aralık, doğal renkler, gerçekçi ışıklandırma, keskin odak, yüksek ayrıntı, gerçekçi malzeme dokuları, doğal gölgeler, fotoğraf gerçekçiliği, yüksek çözünürlük Kesinlikle fantastik öğe bulunmamalıdır. Modern mimari kullanılmamalıdır. Yapay görünen nesneler bulunmamalıdır. Fotoğraf gerçek bir belgesel fotoğrafçısı tarafından çekilmiş hissi vermelidir.;Create an ultra realistic documentary style photograph captured in Cappadocia. Theme: Kapadokya'da yaşayan insanların doğal günlük yaşamı, yerel Anadolu kültürü, geleneksel yaşam biçimi, otantik sosyal ortam, gerçek yaşam sahnesi, yaşayan kültürel miras Location: Kapadokya Main cultural elements: Hot Air Balloon Airship Season: parlak yaz sabahı The scene must faithfully represent the authentic cultural identity of Cappadocia. The foreground should clearly emphasize the main cultural elements. The middle ground should naturally continue with the historical environment. The background should preserve the real geography of Cappadocia. Ön planda ana kültürel motifler açık şekilde görünmelidir. Orta planda Kapadokya'nın doğal ve tarihi çevresi yer almalıdır. Arka planda bölgenin gerçek topoğrafyası korunmalıdır. Kompozisyon doğal perspektife sahip olmalıdır. Fotoğraf gerçek bir insan tarafından çekilmiş hissi vermelidir. gerçek belgesel fotoğrafı, National Geographic tarzı, fotoğraf gerçekçiliği, yüksek dinamik aralık, gerçekçi ışık, gerçekçi gölgeler, 35mm DSLR, RAW fotoğraf, yüksek çözünürlük, keskin odak, yüksek ayrıntı, gerçek malzeme dokuları, doğal renkler belgesel fotoğrafçılığı, National Geographic kalitesi, ultra gerçekçi, profesyonel DSLR fotoğrafı, 35mm lens, RAW fotoğraf, yüksek dinamik aralık, doğal renkler, gerçekçi ışıklandırma, keskin odak, yüksek ayrıntı, gerçekçi malzeme dokuları, doğal gölgeler, fotoğraf gerçekçiliği, yüksek çözünürlük No fantasy elements. No futuristic buildings. No modern architecture. No artificial looking objects. The final image should resemble a professional National Geographic documentary photograph.;194;208;194;208
CHRD_REAL_0087;CHRD_REAL_0087.jpeg;Daily Life;Unknown;Hot Air Balloon;Airship;Summer;No;;High;;Kapadokya'da geçen son derece gerçekçi bir belgesel fotoğrafı oluştur. Tema: Kapadokya'da yaşayan insanların doğal günlük yaşamı, yerel Anadolu kültürü, geleneksel yaşam biçimi, otantik sosyal ortam, gerçek yaşam sahnesi, yaşayan kültürel miras Konum: Kapadokya Ana kültürel motifler: Hot Air Balloon Airship Mevsim: parlak yaz sabahı Sahne tamamen Kapadokya'nın gerçek kültürel kimliğini yansıtmalıdır. Ön planda ana kültürel motifler açık şekilde görünmelidir. Orta planda tarihi çevre doğal şekilde devam etmelidir. Arka planda Kapadokya'nın gerçek topoğrafyası yer almalıdır. Ön planda ana kültürel motifler açık şekilde görünmelidir. Orta planda Kapadokya'nın doğal ve tarihi çevresi yer almalıdır. Arka planda bölgenin gerçek topoğrafyası korunmalıdır. Kompozisyon doğal perspektife sahip olmalıdır. Fotoğraf gerçek bir insan tarafından çekilmiş hissi vermelidir. gerçek belgesel fotoğrafı, National Geographic tarzı, fotoğraf gerçekçiliği, yüksek dinamik aralık, gerçekçi ışık, gerçekçi gölgeler, 35mm DSLR, RAW fotoğraf, yüksek çözünürlük, keskin odak, yüksek ayrıntı, gerçek malzeme dokuları, doğal renkler belgesel fotoğrafçılığı, National Geographic kalitesi, ultra gerçekçi, profesyonel DSLR fotoğrafı, 35mm lens, RAW fotoğraf, yüksek dinamik aralık, doğal renkler, gerçekçi ışıklandırma, keskin odak, yüksek ayrıntı, gerçekçi malzeme dokuları, doğal gölgeler, fotoğraf gerçekçiliği, yüksek çözünürlük Kesinlikle fantastik öğe bulunmamalıdır. Modern mimari kullanılmamalıdır. Yapay görünen nesneler bulunmamalıdır. Fotoğraf gerçek bir belgesel fotoğrafçısı tarafından çekilmiş hissi vermelidir.;Create an ultra realistic documentary style photograph captured in Cappadocia. Theme: Kapadokya'da yaşayan insanların doğal günlük yaşamı, yerel Anadolu kültürü, geleneksel yaşam biçimi, otantik sosyal ortam, gerçek yaşam sahnesi, yaşayan kültürel miras Location: Kapadokya Main cultural elements: Hot Air Balloon Airship Season: parlak yaz sabahı The scene must faithfully represent the authentic cultural identity of Cappadocia. The foreground should clearly emphasize the main cultural elements. The middle ground should naturally continue with the historical environment. The background should preserve the real geography of Cappadocia. Ön planda ana kültürel motifler açık şekilde görünmelidir. Orta planda Kapadokya'nın doğal ve tarihi çevresi yer almalıdır. Arka planda bölgenin gerçek topoğrafyası korunmalıdır. Kompozisyon doğal perspektife sahip olmalıdır. Fotoğraf gerçek bir insan tarafından çekilmiş hissi vermelidir. gerçek belgesel fotoğrafı, National Geographic tarzı, fotoğraf gerçekçiliği, yüksek dinamik aralık, gerçekçi ışık, gerçekçi gölgeler, 35mm DSLR, RAW fotoğraf, yüksek çözünürlük, keskin odak, yüksek ayrıntı, gerçek malzeme dokuları, doğal renkler belgesel fotoğrafçılığı, National Geographic kalitesi, ultra gerçekçi, profesyonel DSLR fotoğrafı, 35mm lens, RAW fotoğraf, yüksek dinamik aralık, doğal renkler, gerçekçi ışıklandırma, keskin odak, yüksek ayrıntı, gerçekçi malzeme dokuları, doğal gölgeler, fotoğraf gerçekçiliği, yüksek çözünürlük No fantasy elements. No futuristic buildings. No modern architecture. No artificial looking objects. The final image should resemble a professional National Geographic documentary photograph.;194;208;194;208
CHRD_REAL_0088;CHRD_REAL_0088.jpeg;Daily Life;Unknown;Hot Air Balloon;Sunrise;Summer;No;;High;;Kapadokya'da geçen son derece gerçekçi bir belgesel fotoğrafı oluştur. Tema: Kapadokya'da yaşayan insanların doğal günlük yaşamı, yerel Anadolu kültürü, geleneksel yaşam biçimi, otantik sosyal ortam, gerçek yaşam sahnesi, yaşayan kültürel miras Konum: Kapadokya Ana kültürel motifler: Hot Air Balloon gün doğumu, altın saat ışıkları, doğal sabah ışığı Mevsim: parlak yaz sabahı Sahne tamamen Kapadokya'nın gerçek kültürel kimliğini yansıtmalıdır. Ön planda ana kültürel motifler açık şekilde görünmelidir. Orta planda tarihi çevre doğal şekilde devam etmelidir. Arka planda Kapadokya'nın gerçek topoğrafyası yer almalıdır. Ön planda ana kültürel motifler açık şekilde görünmelidir. Orta planda Kapadokya'nın doğal ve tarihi çevresi yer almalıdır. Arka planda bölgenin gerçek topoğrafyası korunmalıdır. Kompozisyon doğal perspektife sahip olmalıdır. Fotoğraf gerçek bir insan tarafından çekilmiş hissi vermelidir. gerçek belgesel fotoğrafı, National Geographic tarzı, fotoğraf gerçekçiliği, yüksek dinamik aralık, gerçekçi ışık, gerçekçi gölgeler, 35mm DSLR, RAW fotoğraf, yüksek çözünürlük, keskin odak, yüksek ayrıntı, gerçek malzeme dokuları, doğal renkler belgesel fotoğrafçılığı, National Geographic kalitesi, ultra gerçekçi, profesyonel DSLR fotoğrafı, 35mm lens, RAW fotoğraf, yüksek dinamik aralık, doğal renkler, gerçekçi ışıklandırma, keskin odak, yüksek ayrıntı, gerçekçi malzeme dokuları, doğal gölgeler, fotoğraf gerçekçiliği, yüksek çözünürlük Kesinlikle fantastik öğe bulunmamalıdır. Modern mimari kullanılmamalıdır. Yapay görünen nesneler bulunmamalıdır. Fotoğraf gerçek bir belgesel fotoğrafçısı tarafından çekilmiş hissi vermelidir.;Create an ultra realistic documentary style photograph captured in Cappadocia. Theme: Kapadokya'da yaşayan insanların doğal günlük yaşamı, yerel Anadolu kültürü, geleneksel yaşam biçimi, otantik sosyal ortam, gerçek yaşam sahnesi, yaşayan kültürel miras Location: Kapadokya Main cultural elements: Hot Air Balloon gün doğumu, altın saat ışıkları, doğal sabah ışığı Season: parlak yaz sabahı The scene must faithfully represent the authentic cultural identity of Cappadocia. The foreground should clearly emphasize the main cultural elements. The middle ground should naturally continue with the historical environment. The background should preserve the real geography of Cappadocia. Ön planda ana kültürel motifler açık şekilde görünmelidir. Orta planda Kapadokya'nın doğal ve tarihi çevresi yer almalıdır. Arka planda bölgenin gerçek topoğrafyası korunmalıdır. Kompozisyon doğal perspektife sahip olmalıdır. Fotoğraf gerçek bir insan tarafından çekilmiş hissi vermelidir. gerçek belgesel fotoğrafı, National Geographic tarzı, fotoğraf gerçekçiliği, yüksek dinamik aralık, gerçekçi ışık, gerçekçi gölgeler, 35mm DSLR, RAW fotoğraf, yüksek çözünürlük, keskin odak, yüksek ayrıntı, gerçek malzeme dokuları, doğal renkler belgesel fotoğrafçılığı, National Geographic kalitesi, ultra gerçekçi, profesyonel DSLR fotoğrafı, 35mm lens, RAW fotoğraf, yüksek dinamik aralık, doğal renkler, gerçekçi ışıklandırma, keskin odak, yüksek ayrıntı, gerçekçi malzeme dokuları, doğal gölgeler, fotoğraf gerçekçiliği, yüksek çözünürlük No fantasy elements. No futuristic buildings. No modern architecture. No artificial looking objects. The final image should resemble a professional National Geographic documentary photograph.;201;215;201;215
CHRD_REAL_0089;CHRD_REAL_0089.jpeg;Daily Life;Unknown;Hot Air Balloon;Sunrise;Summer;No;;High;;Kapadokya'da geçen son derece gerçekçi bir belgesel fotoğrafı oluştur. Tema: Kapadokya'da yaşayan insanların doğal günlük yaşamı, yerel Anadolu kültürü, geleneksel yaşam biçimi, otantik sosyal ortam, gerçek yaşam sahnesi, yaşayan kültürel miras Konum: Kapadokya Ana kültürel motifler: Hot Air Balloon gün doğumu, altın saat ışıkları, doğal sabah ışığı Mevsim: parlak yaz sabahı Sahne tamamen Kapadokya'nın gerçek kültürel kimliğini yansıtmalıdır. Ön planda ana kültürel motifler açık şekilde görünmelidir. Orta planda tarihi çevre doğal şekilde devam etmelidir. Arka planda Kapadokya'nın gerçek topoğrafyası yer almalıdır. Ön planda ana kültürel motifler açık şekilde görünmelidir. Orta planda Kapadokya'nın doğal ve tarihi çevresi yer almalıdır. Arka planda bölgenin gerçek topoğrafyası korunmalıdır. Kompozisyon doğal perspektife sahip olmalıdır. Fotoğraf gerçek bir insan tarafından çekilmiş hissi vermelidir. gerçek belgesel fotoğrafı, National Geographic tarzı, fotoğraf gerçekçiliği, yüksek dinamik aralık, gerçekçi ışık, gerçekçi gölgeler, 35mm DSLR, RAW fotoğraf, yüksek çözünürlük, keskin odak, yüksek ayrıntı, gerçek malzeme dokuları, doğal renkler belgesel fotoğrafçılığı, National Geographic kalitesi, ultra gerçekçi, profesyonel DSLR fotoğrafı, 35mm lens, RAW fotoğraf, yüksek dinamik aralık, doğal renkler, gerçekçi ışıklandırma, keskin odak, yüksek ayrıntı, gerçekçi malzeme dokuları, doğal gölgeler, fotoğraf gerçekçiliği, yüksek çözünürlük Kesinlikle fantastik öğe bulunmamalıdır. Modern mimari kullanılmamalıdır. Yapay görünen nesneler bulunmamalıdır. Fotoğraf gerçek bir belgesel fotoğrafçısı tarafından çekilmiş hissi vermelidir.;Create an ultra realistic documentary style photograph captured in Cappadocia. Theme: Kapadokya'da yaşayan insanların doğal günlük yaşamı, yerel Anadolu kültürü, geleneksel yaşam biçimi, otantik sosyal ortam, gerçek yaşam sahnesi, yaşayan kültürel miras Location: Kapadokya Main cultural elements: Hot Air Balloon gün doğumu, altın saat ışıkları, doğal sabah ışığı Season: parlak yaz sabahı The scene must faithfully represent the authentic cultural identity of Cappadocia. The foreground should clearly emphasize the main cultural elements. The middle ground should naturally continue with the historical environment. The background should preserve the real geography of Cappadocia. Ön planda ana kültürel motifler açık şekilde görünmelidir. Orta planda Kapadokya'nın doğal ve tarihi çevresi yer almalıdır. Arka planda bölgenin gerçek topoğrafyası korunmalıdır. Kompozisyon doğal perspektife sahip olmalıdır. Fotoğraf gerçek bir insan tarafından çekilmiş hissi vermelidir. gerçek belgesel fotoğrafı, National Geographic tarzı, fotoğraf gerçekçiliği, yüksek dinamik aralık, gerçekçi ışık, gerçekçi gölgeler, 35mm DSLR, RAW fotoğraf, yüksek çözünürlük, keskin odak, yüksek ayrıntı, gerçek malzeme dokuları, doğal renkler belgesel fotoğrafçılığı, National Geographic kalitesi, ultra gerçekçi, profesyonel DSLR fotoğrafı, 35mm lens, RAW fotoğraf, yüksek dinamik aralık, doğal renkler, gerçekçi ışıklandırma, keskin odak, yüksek ayrıntı, gerçekçi malzeme dokuları, doğal gölgeler, fotoğraf gerçekçiliği, yüksek çözünürlük No fantasy elements. No futuristic buildings. No modern architecture. No artificial looking objects. The final image should resemble a professional National Geographic documentary photograph.;201;215;201;215
CHRD_REAL_0090;CHRD_REAL_0090.jpeg;Daily Life;Unknown;Hot Air Balloon;Airship;Summer;No;;High;;Kapadokya'da geçen son derece gerçekçi bir belgesel fotoğrafı oluştur. Tema: Kapadokya'da yaşayan insanların doğal günlük yaşamı, yerel Anadolu kültürü, geleneksel yaşam biçimi, otantik sosyal ortam, gerçek yaşam sahnesi, yaşayan kültürel miras Konum: Kapadokya Ana kültürel motifler: Hot Air Balloon Airship Mevsim: parlak yaz sabahı Sahne tamamen Kapadokya'nın gerçek kültürel kimliğini yansıtmalıdır. Ön planda ana kültürel motifler açık şekilde görünmelidir. Orta planda tarihi çevre doğal şekilde devam etmelidir. Arka planda Kapadokya'nın gerçek topoğrafyası yer almalıdır. Ön planda ana kültürel motifler açık şekilde görünmelidir. Orta planda Kapadokya'nın doğal ve tarihi çevresi yer almalıdır. Arka planda bölgenin gerçek topoğrafyası korunmalıdır. Kompozisyon doğal perspektife sahip olmalıdır. Fotoğraf gerçek bir insan tarafından çekilmiş hissi vermelidir. gerçek belgesel fotoğrafı, National Geographic tarzı, fotoğraf gerçekçiliği, yüksek dinamik aralık, gerçekçi ışık, gerçekçi gölgeler, 35mm DSLR, RAW fotoğraf, yüksek çözünürlük, keskin odak, yüksek ayrıntı, gerçek malzeme dokuları, doğal renkler belgesel fotoğrafçılığı, National Geographic kalitesi, ultra gerçekçi, profesyonel DSLR fotoğrafı, 35mm lens, RAW fotoğraf, yüksek dinamik aralık, doğal renkler, gerçekçi ışıklandırma, keskin odak, yüksek ayrıntı, gerçekçi malzeme dokuları, doğal gölgeler, fotoğraf gerçekçiliği, yüksek çözünürlük Kesinlikle fantastik öğe bulunmamalıdır. Modern mimari kullanılmamalıdır. Yapay görünen nesneler bulunmamalıdır. Fotoğraf gerçek bir belgesel fotoğrafçısı tarafından çekilmiş hissi vermelidir.;Create an ultra realistic documentary style photograph captured in Cappadocia. Theme: Kapadokya'da yaşayan insanların doğal günlük yaşamı, yerel Anadolu kültürü, geleneksel yaşam biçimi, otantik sosyal ortam, gerçek yaşam sahnesi, yaşayan kültürel miras Location: Kapadokya Main cultural elements: Hot Air Balloon Airship Season: parlak yaz sabahı The scene must faithfully represent the authentic cultural identity of Cappadocia. The foreground should clearly emphasize the main cultural elements. The middle ground should naturally continue with the historical environment. The background should preserve the real geography of Cappadocia. Ön planda ana kültürel motifler açık şekilde görünmelidir. Orta planda Kapadokya'nın doğal ve tarihi çevresi yer almalıdır. Arka planda bölgenin gerçek topoğrafyası korunmalıdır. Kompozisyon doğal perspektife sahip olmalıdır. Fotoğraf gerçek bir insan tarafından çekilmiş hissi vermelidir. gerçek belgesel fotoğrafı, National Geographic tarzı, fotoğraf gerçekçiliği, yüksek dinamik aralık, gerçekçi ışık, gerçekçi gölgeler, 35mm DSLR, RAW fotoğraf, yüksek çözünürlük, keskin odak, yüksek ayrıntı, gerçek malzeme dokuları, doğal renkler belgesel fotoğrafçılığı, National Geographic kalitesi, ultra gerçekçi, profesyonel DSLR fotoğrafı, 35mm lens, RAW fotoğraf, yüksek dinamik aralık, doğal renkler, gerçekçi ışıklandırma, keskin odak, yüksek ayrıntı, gerçekçi malzeme dokuları, doğal gölgeler, fotoğraf gerçekçiliği, yüksek çözünürlük No fantasy elements. No futuristic buildings. No modern architecture. No artificial looking objects. The final image should resemble a professional National Geographic documentary photograph.;194;208;194;208
CHRD_REAL_0091;CHRD_REAL_0091.jpeg;Daily Life;Unknown;Hot Air Balloon;Airship;Summer;No;;High;;Kapadokya'da geçen son derece gerçekçi bir belgesel fotoğrafı oluştur. Tema: Kapadokya'da yaşayan insanların doğal günlük yaşamı, yerel Anadolu kültürü, geleneksel yaşam biçimi, otantik sosyal ortam, gerçek yaşam sahnesi, yaşayan kültürel miras Konum: Kapadokya Ana kültürel motifler: Hot Air Balloon Airship Mevsim: parlak yaz sabahı Sahne tamamen Kapadokya'nın gerçek kültürel kimliğini yansıtmalıdır. Ön planda ana kültürel motifler açık şekilde görünmelidir. Orta planda tarihi çevre doğal şekilde devam etmelidir. Arka planda Kapadokya'nın gerçek topoğrafyası yer almalıdır. Ön planda ana kültürel motifler açık şekilde görünmelidir. Orta planda Kapadokya'nın doğal ve tarihi çevresi yer almalıdır. Arka planda bölgenin gerçek topoğrafyası korunmalıdır. Kompozisyon doğal perspektife sahip olmalıdır. Fotoğraf gerçek bir insan tarafından çekilmiş hissi vermelidir. gerçek belgesel fotoğrafı, National Geographic tarzı, fotoğraf gerçekçiliği, yüksek dinamik aralık, gerçekçi ışık, gerçekçi gölgeler, 35mm DSLR, RAW fotoğraf, yüksek çözünürlük, keskin odak, yüksek ayrıntı, gerçek malzeme dokuları, doğal renkler belgesel fotoğrafçılığı, National Geographic kalitesi, ultra gerçekçi, profesyonel DSLR fotoğrafı, 35mm lens, RAW fotoğraf, yüksek dinamik aralık, doğal renkler, gerçekçi ışıklandırma, keskin odak, yüksek ayrıntı, gerçekçi malzeme dokuları, doğal gölgeler, fotoğraf gerçekçiliği, yüksek çözünürlük Kesinlikle fantastik öğe bulunmamalıdır. Modern mimari kullanılmamalıdır. Yapay görünen nesneler bulunmamalıdır. Fotoğraf gerçek bir belgesel fotoğrafçısı tarafından çekilmiş hissi vermelidir.;Create an ultra realistic documentary style photograph captured in Cappadocia. Theme: Kapadokya'da yaşayan insanların doğal günlük yaşamı, yerel Anadolu kültürü, geleneksel yaşam biçimi, otantik sosyal ortam, gerçek yaşam sahnesi, yaşayan kültürel miras Location: Kapadokya Main cultural elements: Hot Air Balloon Airship Season: parlak yaz sabahı The scene must faithfully represent the authentic cultural identity of Cappadocia. The foreground should clearly emphasize the main cultural elements. The middle ground should naturally continue with the historical environment. The background should preserve the real geography of Cappadocia. Ön planda ana kültürel motifler açık şekilde görünmelidir. Orta planda Kapadokya'nın doğal ve tarihi çevresi yer almalıdır. Arka planda bölgenin gerçek topoğrafyası korunmalıdır. Kompozisyon doğal perspektife sahip olmalıdır. Fotoğraf gerçek bir insan tarafından çekilmiş hissi vermelidir. gerçek belgesel fotoğrafı, National Geographic tarzı, fotoğraf gerçekçiliği, yüksek dinamik aralık, gerçekçi ışık, gerçekçi gölgeler, 35mm DSLR, RAW fotoğraf, yüksek çözünürlük, keskin odak, yüksek ayrıntı, gerçek malzeme dokuları, doğal renkler belgesel fotoğrafçılığı, National Geographic kalitesi, ultra gerçekçi, profesyonel DSLR fotoğrafı, 35mm lens, RAW fotoğraf, yüksek dinamik aralık, doğal renkler, gerçekçi ışıklandırma, keskin odak, yüksek ayrıntı, gerçekçi malzeme dokuları, doğal gölgeler, fotoğraf gerçekçiliği, yüksek çözünürlük No fantasy elements. No futuristic buildings. No modern architecture. No artificial looking objects. The final image should resemble a professional National Geographic documentary photograph.;194;208;194;208
CHRD_REAL_0092;CHRD_REAL_0092.jpeg;Local Architecture;Unknown;Hot Air Balloon;Airship;Summer;No;;High;;Kapadokya'da geçen son derece gerçekçi bir belgesel fotoğrafı oluştur. Tema: Kapadokya taş mimarisi, geleneksel kaya evleri, taş yapılar, Anadolu mimarisi, korunmuş tarihi yapılar, otantik kültürel mimari Konum: Kapadokya Ana kültürel motifler: Hot Air Balloon Airship Mevsim: parlak yaz sabahı Sahne tamamen Kapadokya'nın gerçek kültürel kimliğini yansıtmalıdır. Ön planda ana kültürel motifler açık şekilde görünmelidir. Orta planda tarihi çevre doğal şekilde devam etmelidir. Arka planda Kapadokya'nın gerçek topoğrafyası yer almalıdır. Ön planda ana kültürel motifler açık şekilde görünmelidir. Orta planda Kapadokya'nın doğal ve tarihi çevresi yer almalıdır. Arka planda bölgenin gerçek topoğrafyası korunmalıdır. Kompozisyon doğal perspektife sahip olmalıdır. Fotoğraf gerçek bir insan tarafından çekilmiş hissi vermelidir. gerçek belgesel fotoğrafı, National Geographic tarzı, fotoğraf gerçekçiliği, yüksek dinamik aralık, gerçekçi ışık, gerçekçi gölgeler, 35mm DSLR, RAW fotoğraf, yüksek çözünürlük, keskin odak, yüksek ayrıntı, gerçek malzeme dokuları, doğal renkler belgesel fotoğrafçılığı, National Geographic kalitesi, ultra gerçekçi, profesyonel DSLR fotoğrafı, 35mm lens, RAW fotoğraf, yüksek dinamik aralık, doğal renkler, gerçekçi ışıklandırma, keskin odak, yüksek ayrıntı, gerçekçi malzeme dokuları, doğal gölgeler, fotoğraf gerçekçiliği, yüksek çözünürlük Kesinlikle fantastik öğe bulunmamalıdır. Modern mimari kullanılmamalıdır. Yapay görünen nesneler bulunmamalıdır. Fotoğraf gerçek bir belgesel fotoğrafçısı tarafından çekilmiş hissi vermelidir.;Create an ultra realistic documentary style photograph captured in Cappadocia. Theme: Kapadokya taş mimarisi, geleneksel kaya evleri, taş yapılar, Anadolu mimarisi, korunmuş tarihi yapılar, otantik kültürel mimari Location: Kapadokya Main cultural elements: Hot Air Balloon Airship Season: parlak yaz sabahı The scene must faithfully represent the authentic cultural identity of Cappadocia. The foreground should clearly emphasize the main cultural elements. The middle ground should naturally continue with the historical environment. The background should preserve the real geography of Cappadocia. Ön planda ana kültürel motifler açık şekilde görünmelidir. Orta planda Kapadokya'nın doğal ve tarihi çevresi yer almalıdır. Arka planda bölgenin gerçek topoğrafyası korunmalıdır. Kompozisyon doğal perspektife sahip olmalıdır. Fotoğraf gerçek bir insan tarafından çekilmiş hissi vermelidir. gerçek belgesel fotoğrafı, National Geographic tarzı, fotoğraf gerçekçiliği, yüksek dinamik aralık, gerçekçi ışık, gerçekçi gölgeler, 35mm DSLR, RAW fotoğraf, yüksek çözünürlük, keskin odak, yüksek ayrıntı, gerçek malzeme dokuları, doğal renkler belgesel fotoğrafçılığı, National Geographic kalitesi, ultra gerçekçi, profesyonel DSLR fotoğrafı, 35mm lens, RAW fotoğraf, yüksek dinamik aralık, doğal renkler, gerçekçi ışıklandırma, keskin odak, yüksek ayrıntı, gerçekçi malzeme dokuları, doğal gölgeler, fotoğraf gerçekçiliği, yüksek çözünürlük No fantasy elements. No futuristic buildings. No modern architecture. No artificial looking objects. The final image should resemble a professional National Geographic documentary photograph.;189;203;189;203
CHRD_REAL_0093;CHRD_REAL_0093.jpeg;Daily Life;Unknown;Hot Air Balloon;Airship;Summer;No;;High;;Kapadokya'da geçen son derece gerçekçi bir belgesel fotoğrafı oluştur. Tema: Kapadokya'da yaşayan insanların doğal günlük yaşamı, yerel Anadolu kültürü, geleneksel yaşam biçimi, otantik sosyal ortam, gerçek yaşam sahnesi, yaşayan kültürel miras Konum: Kapadokya Ana kültürel motifler: Hot Air Balloon Airship Mevsim: parlak yaz sabahı Sahne tamamen Kapadokya'nın gerçek kültürel kimliğini yansıtmalıdır. Ön planda ana kültürel motifler açık şekilde görünmelidir. Orta planda tarihi çevre doğal şekilde devam etmelidir. Arka planda Kapadokya'nın gerçek topoğrafyası yer almalıdır. Ön planda ana kültürel motifler açık şekilde görünmelidir. Orta planda Kapadokya'nın doğal ve tarihi çevresi yer almalıdır. Arka planda bölgenin gerçek topoğrafyası korunmalıdır. Kompozisyon doğal perspektife sahip olmalıdır. Fotoğraf gerçek bir insan tarafından çekilmiş hissi vermelidir. gerçek belgesel fotoğrafı, National Geographic tarzı, fotoğraf gerçekçiliği, yüksek dinamik aralık, gerçekçi ışık, gerçekçi gölgeler, 35mm DSLR, RAW fotoğraf, yüksek çözünürlük, keskin odak, yüksek ayrıntı, gerçek malzeme dokuları, doğal renkler belgesel fotoğrafçılığı, National Geographic kalitesi, ultra gerçekçi, profesyonel DSLR fotoğrafı, 35mm lens, RAW fotoğraf, yüksek dinamik aralık, doğal renkler, gerçekçi ışıklandırma, keskin odak, yüksek ayrıntı, gerçekçi malzeme dokuları, doğal gölgeler, fotoğraf gerçekçiliği, yüksek çözünürlük Kesinlikle fantastik öğe bulunmamalıdır. Modern mimari kullanılmamalıdır. Yapay görünen nesneler bulunmamalıdır. Fotoğraf gerçek bir belgesel fotoğrafçısı tarafından çekilmiş hissi vermelidir.;Create an ultra realistic documentary style photograph captured in Cappadocia. Theme: Kapadokya'da yaşayan insanların doğal günlük yaşamı, yerel Anadolu kültürü, geleneksel yaşam biçimi, otantik sosyal ortam, gerçek yaşam sahnesi, yaşayan kültürel miras Location: Kapadokya Main cultural elements: Hot Air Balloon Airship Season: parlak yaz sabahı The scene must faithfully represent the authentic cultural identity of Cappadocia. The foreground should clearly emphasize the main cultural elements. The middle ground should naturally continue with the historical environment. The background should preserve the real geography of Cappadocia. Ön planda ana kültürel motifler açık şekilde görünmelidir. Orta planda Kapadokya'nın doğal ve tarihi çevresi yer almalıdır. Arka planda bölgenin gerçek topoğrafyası korunmalıdır. Kompozisyon doğal perspektife sahip olmalıdır. Fotoğraf gerçek bir insan tarafından çekilmiş hissi vermelidir. gerçek belgesel fotoğrafı, National Geographic tarzı, fotoğraf gerçekçiliği, yüksek dinamik aralık, gerçekçi ışık, gerçekçi gölgeler, 35mm DSLR, RAW fotoğraf, yüksek çözünürlük, keskin odak, yüksek ayrıntı, gerçek malzeme dokuları, doğal renkler belgesel fotoğrafçılığı, National Geographic kalitesi, ultra gerçekçi, profesyonel DSLR fotoğrafı, 35mm lens, RAW fotoğraf, yüksek dinamik aralık, doğal renkler, gerçekçi ışıklandırma, keskin odak, yüksek ayrıntı, gerçekçi malzeme dokuları, doğal gölgeler, fotoğraf gerçekçiliği, yüksek çözünürlük No fantasy elements. No futuristic buildings. No modern architecture. No artificial looking objects. The final image should resemble a professional National Geographic documentary photograph.;194;208;194;208
CHRD_REAL_0094;CHRD_REAL_0094.jpeg;Daily Life;Unknown;Hot Air Balloon;Airship;Summer;No;;High;;Kapadokya'da geçen son derece gerçekçi bir belgesel fotoğrafı oluştur. Tema: Kapadokya'da yaşayan insanların doğal günlük yaşamı, yerel Anadolu kültürü, geleneksel yaşam biçimi, otantik sosyal ortam, gerçek yaşam sahnesi, yaşayan kültürel miras Konum: Kapadokya Ana kültürel motifler: Hot Air Balloon Airship Mevsim: parlak yaz sabahı Sahne tamamen Kapadokya'nın gerçek kültürel kimliğini yansıtmalıdır. Ön planda ana kültürel motifler açık şekilde görünmelidir. Orta planda tarihi çevre doğal şekilde devam etmelidir. Arka planda Kapadokya'nın gerçek topoğrafyası yer almalıdır. Ön planda ana kültürel motifler açık şekilde görünmelidir. Orta planda Kapadokya'nın doğal ve tarihi çevresi yer almalıdır. Arka planda bölgenin gerçek topoğrafyası korunmalıdır. Kompozisyon doğal perspektife sahip olmalıdır. Fotoğraf gerçek bir insan tarafından çekilmiş hissi vermelidir. gerçek belgesel fotoğrafı, National Geographic tarzı, fotoğraf gerçekçiliği, yüksek dinamik aralık, gerçekçi ışık, gerçekçi gölgeler, 35mm DSLR, RAW fotoğraf, yüksek çözünürlük, keskin odak, yüksek ayrıntı, gerçek malzeme dokuları, doğal renkler belgesel fotoğrafçılığı, National Geographic kalitesi, ultra gerçekçi, profesyonel DSLR fotoğrafı, 35mm lens, RAW fotoğraf, yüksek dinamik aralık, doğal renkler, gerçekçi ışıklandırma, keskin odak, yüksek ayrıntı, gerçekçi malzeme dokuları, doğal gölgeler, fotoğraf gerçekçiliği, yüksek çözünürlük Kesinlikle fantastik öğe bulunmamalıdır. Modern mimari kullanılmamalıdır. Yapay görünen nesneler bulunmamalıdır. Fotoğraf gerçek bir belgesel fotoğrafçısı tarafından çekilmiş hissi vermelidir.;Create an ultra realistic documentary style photograph captured in Cappadocia. Theme: Kapadokya'da yaşayan insanların doğal günlük yaşamı, yerel Anadolu kültürü, geleneksel yaşam biçimi, otantik sosyal ortam, gerçek yaşam sahnesi, yaşayan kültürel miras Location: Kapadokya Main cultural elements: Hot Air Balloon Airship Season: parlak yaz sabahı The scene must faithfully represent the authentic cultural identity of Cappadocia. The foreground should clearly emphasize the main cultural elements. The middle ground should naturally continue with the historical environment. The background should preserve the real geography of Cappadocia. Ön planda ana kültürel motifler açık şekilde görünmelidir. Orta planda Kapadokya'nın doğal ve tarihi çevresi yer almalıdır. Arka planda bölgenin gerçek topoğrafyası korunmalıdır. Kompozisyon doğal perspektife sahip olmalıdır. Fotoğraf gerçek bir insan tarafından çekilmiş hissi vermelidir. gerçek belgesel fotoğrafı, National Geographic tarzı, fotoğraf gerçekçiliği, yüksek dinamik aralık, gerçekçi ışık, gerçekçi gölgeler, 35mm DSLR, RAW fotoğraf, yüksek çözünürlük, keskin odak, yüksek ayrıntı, gerçek malzeme dokuları, doğal renkler belgesel fotoğrafçılığı, National Geographic kalitesi, ultra gerçekçi, profesyonel DSLR fotoğrafı, 35mm lens, RAW fotoğraf, yüksek dinamik aralık, doğal renkler, gerçekçi ışıklandırma, keskin odak, yüksek ayrıntı, gerçekçi malzeme dokuları, doğal gölgeler, fotoğraf gerçekçiliği, yüksek çözünürlük No fantasy elements. No futuristic buildings. No modern architecture. No artificial looking objects. The final image should resemble a professional National Geographic documentary photograph.;194;208;194;208
CHRD_REAL_0095;CHRD_REAL_0095.jpeg;Local Architecture;Unknown;Hot Air Balloon;Landscape;Summer;No;;High;;Kapadokya'da geçen son derece gerçekçi bir belgesel fotoğrafı oluştur. Tema: Kapadokya taş mimarisi, geleneksel kaya evleri, taş yapılar, Anadolu mimarisi, korunmuş tarihi yapılar, otantik kültürel mimari Konum: Kapadokya Ana kültürel motifler: Hot Air Balloon Kapadokya doğal manzarası, geniş açık arazi, otantik doğa görünümü Mevsim: parlak yaz sabahı Sahne tamamen Kapadokya'nın gerçek kültürel kimliğini yansıtmalıdır. Ön planda ana kültürel motifler açık şekilde görünmelidir. Orta planda tarihi çevre doğal şekilde devam etmelidir. Arka planda Kapadokya'nın gerçek topoğrafyası yer almalıdır. Ön planda ana kültürel motifler açık şekilde görünmelidir. Orta planda Kapadokya'nın doğal ve tarihi çevresi yer almalıdır. Arka planda bölgenin gerçek topoğrafyası korunmalıdır. Kompozisyon doğal perspektife sahip olmalıdır. Fotoğraf gerçek bir insan tarafından çekilmiş hissi vermelidir. gerçek belgesel fotoğrafı, National Geographic tarzı, fotoğraf gerçekçiliği, yüksek dinamik aralık, gerçekçi ışık, gerçekçi gölgeler, 35mm DSLR, RAW fotoğraf, yüksek çözünürlük, keskin odak, yüksek ayrıntı, gerçek malzeme dokuları, doğal renkler belgesel fotoğrafçılığı, National Geographic kalitesi, ultra gerçekçi, profesyonel DSLR fotoğrafı, 35mm lens, RAW fotoğraf, yüksek dinamik aralık, doğal renkler, gerçekçi ışıklandırma, keskin odak, yüksek ayrıntı, gerçekçi malzeme dokuları, doğal gölgeler, fotoğraf gerçekçiliği, yüksek çözünürlük Kesinlikle fantastik öğe bulunmamalıdır. Modern mimari kullanılmamalıdır. Yapay görünen nesneler bulunmamalıdır. Fotoğraf gerçek bir belgesel fotoğrafçısı tarafından çekilmiş hissi vermelidir.;Create an ultra realistic documentary style photograph captured in Cappadocia. Theme: Kapadokya taş mimarisi, geleneksel kaya evleri, taş yapılar, Anadolu mimarisi, korunmuş tarihi yapılar, otantik kültürel mimari Location: Kapadokya Main cultural elements: Hot Air Balloon Kapadokya doğal manzarası, geniş açık arazi, otantik doğa görünümü Season: parlak yaz sabahı The scene must faithfully represent the authentic cultural identity of Cappadocia. The foreground should clearly emphasize the main cultural elements. The middle ground should naturally continue with the historical environment. The background should preserve the real geography of Cappadocia. Ön planda ana kültürel motifler açık şekilde görünmelidir. Orta planda Kapadokya'nın doğal ve tarihi çevresi yer almalıdır. Arka planda bölgenin gerçek topoğrafyası korunmalıdır. Kompozisyon doğal perspektife sahip olmalıdır. Fotoğraf gerçek bir insan tarafından çekilmiş hissi vermelidir. gerçek belgesel fotoğrafı, National Geographic tarzı, fotoğraf gerçekçiliği, yüksek dinamik aralık, gerçekçi ışık, gerçekçi gölgeler, 35mm DSLR, RAW fotoğraf, yüksek çözünürlük, keskin odak, yüksek ayrıntı, gerçek malzeme dokuları, doğal renkler belgesel fotoğrafçılığı, National Geographic kalitesi, ultra gerçekçi, profesyonel DSLR fotoğrafı, 35mm lens, RAW fotoğraf, yüksek dinamik aralık, doğal renkler, gerçekçi ışıklandırma, keskin odak, yüksek ayrıntı, gerçekçi malzeme dokuları, doğal gölgeler, fotoğraf gerçekçiliği, yüksek çözünürlük No fantasy elements. No futuristic buildings. No modern architecture. No artificial looking objects. The final image should resemble a professional National Geographic documentary photograph.;197;211;197;211
CHRD_REAL_0096;CHRD_REAL_0096.jpeg;Local Architecture;Unknown;Hot Air Balloon;Landscape;Summer;No;;High;;Kapadokya'da geçen son derece gerçekçi bir belgesel fotoğrafı oluştur. Tema: Kapadokya taş mimarisi, geleneksel kaya evleri, taş yapılar, Anadolu mimarisi, korunmuş tarihi yapılar, otantik kültürel mimari Konum: Kapadokya Ana kültürel motifler: Hot Air Balloon Kapadokya doğal manzarası, geniş açık arazi, otantik doğa görünümü Mevsim: parlak yaz sabahı Sahne tamamen Kapadokya'nın gerçek kültürel kimliğini yansıtmalıdır. Ön planda ana kültürel motifler açık şekilde görünmelidir. Orta planda tarihi çevre doğal şekilde devam etmelidir. Arka planda Kapadokya'nın gerçek topoğrafyası yer almalıdır. Ön planda ana kültürel motifler açık şekilde görünmelidir. Orta planda Kapadokya'nın doğal ve tarihi çevresi yer almalıdır. Arka planda bölgenin gerçek topoğrafyası korunmalıdır. Kompozisyon doğal perspektife sahip olmalıdır. Fotoğraf gerçek bir insan tarafından çekilmiş hissi vermelidir. gerçek belgesel fotoğrafı, National Geographic tarzı, fotoğraf gerçekçiliği, yüksek dinamik aralık, gerçekçi ışık, gerçekçi gölgeler, 35mm DSLR, RAW fotoğraf, yüksek çözünürlük, keskin odak, yüksek ayrıntı, gerçek malzeme dokuları, doğal renkler belgesel fotoğrafçılığı, National Geographic kalitesi, ultra gerçekçi, profesyonel DSLR fotoğrafı, 35mm lens, RAW fotoğraf, yüksek dinamik aralık, doğal renkler, gerçekçi ışıklandırma, keskin odak, yüksek ayrıntı, gerçekçi malzeme dokuları, doğal gölgeler, fotoğraf gerçekçiliği, yüksek çözünürlük Kesinlikle fantastik öğe bulunmamalıdır. Modern mimari kullanılmamalıdır. Yapay görünen nesneler bulunmamalıdır. Fotoğraf gerçek bir belgesel fotoğrafçısı tarafından çekilmiş hissi vermelidir.;Create an ultra realistic documentary style photograph captured in Cappadocia. Theme: Kapadokya taş mimarisi, geleneksel kaya evleri, taş yapılar, Anadolu mimarisi, korunmuş tarihi yapılar, otantik kültürel mimari Location: Kapadokya Main cultural elements: Hot Air Balloon Kapadokya doğal manzarası, geniş açık arazi, otantik doğa görünümü Season: parlak yaz sabahı The scene must faithfully represent the authentic cultural identity of Cappadocia. The foreground should clearly emphasize the main cultural elements. The middle ground should naturally continue with the historical environment. The background should preserve the real geography of Cappadocia. Ön planda ana kültürel motifler açık şekilde görünmelidir. Orta planda Kapadokya'nın doğal ve tarihi çevresi yer almalıdır. Arka planda bölgenin gerçek topoğrafyası korunmalıdır. Kompozisyon doğal perspektife sahip olmalıdır. Fotoğraf gerçek bir insan tarafından çekilmiş hissi vermelidir. gerçek belgesel fotoğrafı, National Geographic tarzı, fotoğraf gerçekçiliği, yüksek dinamik aralık, gerçekçi ışık, gerçekçi gölgeler, 35mm DSLR, RAW fotoğraf, yüksek çözünürlük, keskin odak, yüksek ayrıntı, gerçek malzeme dokuları, doğal renkler belgesel fotoğrafçılığı, National Geographic kalitesi, ultra gerçekçi, profesyonel DSLR fotoğrafı, 35mm lens, RAW fotoğraf, yüksek dinamik aralık, doğal renkler, gerçekçi ışıklandırma, keskin odak, yüksek ayrıntı, gerçekçi malzeme dokuları, doğal gölgeler, fotoğraf gerçekçiliği, yüksek çözünürlük No fantasy elements. No futuristic buildings. No modern architecture. No artificial looking objects. The final image should resemble a professional National Geographic documentary photograph.;197;211;197;211
CHRD_REAL_0097;CHRD_REAL_0097.jpeg;Local Architecture;Unknown;Cave House;Museum;Unknown;No;;High;;Kapadokya'da geçen son derece gerçekçi bir belgesel fotoğrafı oluştur. Tema: Kapadokya taş mimarisi, geleneksel kaya evleri, taş yapılar, Anadolu mimarisi, korunmuş tarihi yapılar, otantik kültürel mimari Konum: Kapadokya Ana kültürel motifler: volkanik kayalara oyulmuş geleneksel kaya evleri, Kapadokya mağara yerleşimleri, otantik kaya konutları yerel kültür müzesi, tarihi eser koleksiyonu, kültürel miras müzesi Mevsim: doğal gün ışığı Sahne tamamen Kapadokya'nın gerçek kültürel kimliğini yansıtmalıdır. Ön planda ana kültürel motifler açık şekilde görünmelidir. Orta planda tarihi çevre doğal şekilde devam etmelidir. Arka planda Kapadokya'nın gerçek topoğrafyası yer almalıdır. Ön planda ana kültürel motifler açık şekilde görünmelidir. Orta planda Kapadokya'nın doğal ve tarihi çevresi yer almalıdır. Arka planda bölgenin gerçek topoğrafyası korunmalıdır. Kompozisyon doğal perspektife sahip olmalıdır. Fotoğraf gerçek bir insan tarafından çekilmiş hissi vermelidir. gerçek belgesel fotoğrafı, National Geographic tarzı, fotoğraf gerçekçiliği, yüksek dinamik aralık, gerçekçi ışık, gerçekçi gölgeler, 35mm DSLR, RAW fotoğraf, yüksek çözünürlük, keskin odak, yüksek ayrıntı, gerçek malzeme dokuları, doğal renkler belgesel fotoğrafçılığı, National Geographic kalitesi, ultra gerçekçi, profesyonel DSLR fotoğrafı, 35mm lens, RAW fotoğraf, yüksek dinamik aralık, doğal renkler, gerçekçi ışıklandırma, keskin odak, yüksek ayrıntı, gerçekçi malzeme dokuları, doğal gölgeler, fotoğraf gerçekçiliği, yüksek çözünürlük Kesinlikle fantastik öğe bulunmamalıdır. Modern mimari kullanılmamalıdır. Yapay görünen nesneler bulunmamalıdır. Fotoğraf gerçek bir belgesel fotoğrafçısı tarafından çekilmiş hissi vermelidir.;Create an ultra realistic documentary style photograph captured in Cappadocia. Theme: Kapadokya taş mimarisi, geleneksel kaya evleri, taş yapılar, Anadolu mimarisi, korunmuş tarihi yapılar, otantik kültürel mimari Location: Kapadokya Main cultural elements: volkanik kayalara oyulmuş geleneksel kaya evleri, Kapadokya mağara yerleşimleri, otantik kaya konutları yerel kültür müzesi, tarihi eser koleksiyonu, kültürel miras müzesi Season: doğal gün ışığı The scene must faithfully represent the authentic cultural identity of Cappadocia. The foreground should clearly emphasize the main cultural elements. The middle ground should naturally continue with the historical environment. The background should preserve the real geography of Cappadocia. Ön planda ana kültürel motifler açık şekilde görünmelidir. Orta planda Kapadokya'nın doğal ve tarihi çevresi yer almalıdır. Arka planda bölgenin gerçek topoğrafyası korunmalıdır. Kompozisyon doğal perspektife sahip olmalıdır. Fotoğraf gerçek bir insan tarafından çekilmiş hissi vermelidir. gerçek belgesel fotoğrafı, National Geographic tarzı, fotoğraf gerçekçiliği, yüksek dinamik aralık, gerçekçi ışık, gerçekçi gölgeler, 35mm DSLR, RAW fotoğraf, yüksek çözünürlük, keskin odak, yüksek ayrıntı, gerçek malzeme dokuları, doğal renkler belgesel fotoğrafçılığı, National Geographic kalitesi, ultra gerçekçi, profesyonel DSLR fotoğrafı, 35mm lens, RAW fotoğraf, yüksek dinamik aralık, doğal renkler, gerçekçi ışıklandırma, keskin odak, yüksek ayrıntı, gerçekçi malzeme dokuları, doğal gölgeler, fotoğraf gerçekçiliği, yüksek çözünürlük No fantasy elements. No futuristic buildings. No modern architecture. No artificial looking objects. The final image should resemble a professional National Geographic documentary photograph.;206;220;206;220
CHRD_REAL_0098;CHRD_REAL_0098.jpeg;Local Architecture;Unknown;landscape;cave house;Unknown;No;;Medium;;Kapadokya'da geçen son derece gerçekçi bir belgesel fotoğrafı oluştur. Tema: Kapadokya taş mimarisi, geleneksel kaya evleri, taş yapılar, Anadolu mimarisi, korunmuş tarihi yapılar, otantik kültürel mimari Konum: Kapadokya Ana kültürel motifler: landscape cave house Mevsim: doğal gün ışığı Sahne tamamen Kapadokya'nın gerçek kültürel kimliğini yansıtmalıdır. Ön planda ana kültürel motifler açık şekilde görünmelidir. Orta planda tarihi çevre doğal şekilde devam etmelidir. Arka planda Kapadokya'nın gerçek topoğrafyası yer almalıdır. Ön planda ana kültürel motifler açık şekilde görünmelidir. Orta planda Kapadokya'nın doğal ve tarihi çevresi yer almalıdır. Arka planda bölgenin gerçek topoğrafyası korunmalıdır. Kompozisyon doğal perspektife sahip olmalıdır. Fotoğraf gerçek bir insan tarafından çekilmiş hissi vermelidir. gerçek belgesel fotoğrafı, National Geographic tarzı, fotoğraf gerçekçiliği, yüksek dinamik aralık, gerçekçi ışık, gerçekçi gölgeler, 35mm DSLR, RAW fotoğraf, yüksek çözünürlük, keskin odak, yüksek ayrıntı, gerçek malzeme dokuları, doğal renkler belgesel fotoğrafçılığı, National Geographic kalitesi, ultra gerçekçi, profesyonel DSLR fotoğrafı, 35mm lens, RAW fotoğraf, yüksek dinamik aralık, doğal renkler, gerçekçi ışıklandırma, keskin odak, yüksek ayrıntı, gerçekçi malzeme dokuları, doğal gölgeler, fotoğraf gerçekçiliği, yüksek çözünürlük Kesinlikle fantastik öğe bulunmamalıdır. Modern mimari kullanılmamalıdır. Yapay görünen nesneler bulunmamalıdır. Fotoğraf gerçek bir belgesel fotoğrafçısı tarafından çekilmiş hissi vermelidir.;Create an ultra realistic documentary style photograph captured in Cappadocia. Theme: Kapadokya taş mimarisi, geleneksel kaya evleri, taş yapılar, Anadolu mimarisi, korunmuş tarihi yapılar, otantik kültürel mimari Location: Kapadokya Main cultural elements: landscape cave house Season: doğal gün ışığı The scene must faithfully represent the authentic cultural identity of Cappadocia. The foreground should clearly emphasize the main cultural elements. The middle ground should naturally continue with the historical environment. The background should preserve the real geography of Cappadocia. Ön planda ana kültürel motifler açık şekilde görünmelidir. Orta planda Kapadokya'nın doğal ve tarihi çevresi yer almalıdır. Arka planda bölgenin gerçek topoğrafyası korunmalıdır. Kompozisyon doğal perspektife sahip olmalıdır. Fotoğraf gerçek bir insan tarafından çekilmiş hissi vermelidir. gerçek belgesel fotoğrafı, National Geographic tarzı, fotoğraf gerçekçiliği, yüksek dinamik aralık, gerçekçi ışık, gerçekçi gölgeler, 35mm DSLR, RAW fotoğraf, yüksek çözünürlük, keskin odak, yüksek ayrıntı, gerçek malzeme dokuları, doğal renkler belgesel fotoğrafçılığı, National Geographic kalitesi, ultra gerçekçi, profesyonel DSLR fotoğrafı, 35mm lens, RAW fotoğraf, yüksek dinamik aralık, doğal renkler, gerçekçi ışıklandırma, keskin odak, yüksek ayrıntı, gerçekçi malzeme dokuları, doğal gölgeler, fotoğraf gerçekçiliği, yüksek çözünürlük No fantasy elements. No futuristic buildings. No modern architecture. No artificial looking objects. The final image should resemble a professional National Geographic documentary photograph.;188;202;188;202
CHRD_REAL_0099;CHRD_REAL_0099.jpeg;Rock-cut Heritage;Unknown;landscape;Museum;Unknown;No;;Medium;;Kapadokya'da geçen son derece gerçekçi bir belgesel fotoğrafı oluştur. Tema: Kapadokya'nın tarihi kaya oyma mirası, UNESCO Dünya Mirası, volkanik tüf kayalara oyulmuş tarihi yapılar, antik kaya yerleşimleri, geleneksel Anadolu mimarisi, otantik tarihi doku, korunmuş kültürel miras Konum: Kapadokya Ana kültürel motifler: landscape yerel kültür müzesi, tarihi eser koleksiyonu, kültürel miras müzesi Mevsim: doğal gün ışığı Sahne tamamen Kapadokya'nın gerçek kültürel kimliğini yansıtmalıdır. Ön planda ana kültürel motifler açık şekilde görünmelidir. Orta planda tarihi çevre doğal şekilde devam etmelidir. Arka planda Kapadokya'nın gerçek topoğrafyası yer almalıdır. Ön planda ana kültürel motifler açık şekilde görünmelidir. Orta planda Kapadokya'nın doğal ve tarihi çevresi yer almalıdır. Arka planda bölgenin gerçek topoğrafyası korunmalıdır. Kompozisyon doğal perspektife sahip olmalıdır. Fotoğraf gerçek bir insan tarafından çekilmiş hissi vermelidir. gerçek belgesel fotoğrafı, National Geographic tarzı, fotoğraf gerçekçiliği, yüksek dinamik aralık, gerçekçi ışık, gerçekçi gölgeler, 35mm DSLR, RAW fotoğraf, yüksek çözünürlük, keskin odak, yüksek ayrıntı, gerçek malzeme dokuları, doğal renkler belgesel fotoğrafçılığı, National Geographic kalitesi, ultra gerçekçi, profesyonel DSLR fotoğrafı, 35mm lens, RAW fotoğraf, yüksek dinamik aralık, doğal renkler, gerçekçi ışıklandırma, keskin odak, yüksek ayrıntı, gerçekçi malzeme dokuları, doğal gölgeler, fotoğraf gerçekçiliği, yüksek çözünürlük Kesinlikle fantastik öğe bulunmamalıdır. Modern mimari kullanılmamalıdır. Yapay görünen nesneler bulunmamalıdır. Fotoğraf gerçek bir belgesel fotoğrafçısı tarafından çekilmiş hissi vermelidir.;Create an ultra realistic documentary style photograph captured in Cappadocia. Theme: Kapadokya'nın tarihi kaya oyma mirası, UNESCO Dünya Mirası, volkanik tüf kayalara oyulmuş tarihi yapılar, antik kaya yerleşimleri, geleneksel Anadolu mimarisi, otantik tarihi doku, korunmuş kültürel miras Location: Kapadokya Main cultural elements: landscape yerel kültür müzesi, tarihi eser koleksiyonu, kültürel miras müzesi Season: doğal gün ışığı The scene must faithfully represent the authentic cultural identity of Cappadocia. The foreground should clearly emphasize the main cultural elements. The middle ground should naturally continue with the historical environment. The background should preserve the real geography of Cappadocia. Ön planda ana kültürel motifler açık şekilde görünmelidir. Orta planda Kapadokya'nın doğal ve tarihi çevresi yer almalıdır. Arka planda bölgenin gerçek topoğrafyası korunmalıdır. Kompozisyon doğal perspektife sahip olmalıdır. Fotoğraf gerçek bir insan tarafından çekilmiş hissi vermelidir. gerçek belgesel fotoğrafı, National Geographic tarzı, fotoğraf gerçekçiliği, yüksek dinamik aralık, gerçekçi ışık, gerçekçi gölgeler, 35mm DSLR, RAW fotoğraf, yüksek çözünürlük, keskin odak, yüksek ayrıntı, gerçek malzeme dokuları, doğal renkler belgesel fotoğrafçılığı, National Geographic kalitesi, ultra gerçekçi, profesyonel DSLR fotoğrafı, 35mm lens, RAW fotoğraf, yüksek dinamik aralık, doğal renkler, gerçekçi ışıklandırma, keskin odak, yüksek ayrıntı, gerçekçi malzeme dokuları, doğal gölgeler, fotoğraf gerçekçiliği, yüksek çözünürlük No fantasy elements. No futuristic buildings. No modern architecture. No artificial looking objects. The final image should resemble a professional National Geographic documentary photograph.;205;219;205;219
CHRD_REAL_0101;CHRD_REAL_0101.jpeg;Local Architecture;Unknown;Fairy Chimney;Rock Formation;Unknown;No;;High;;Kapadokya'da geçen son derece gerçekçi bir belgesel fotoğrafı oluştur. Tema: Kapadokya taş mimarisi, geleneksel kaya evleri, taş yapılar, Anadolu mimarisi, korunmuş tarihi yapılar, otantik kültürel mimari Konum: Kapadokya Ana kültürel motifler: Kapadokya'ya özgü peri bacaları, volkanik kaya oluşumları, doğal jeolojik yapı, ikonik Kapadokya manzarası volkanik kaya oluşumları, doğal kaya yapıları, Kapadokya jeolojisi Mevsim: doğal gün ışığı Sahne tamamen Kapadokya'nın gerçek kültürel kimliğini yansıtmalıdır. Ön planda ana kültürel motifler açık şekilde görünmelidir. Orta planda tarihi çevre doğal şekilde devam etmelidir. Arka planda Kapadokya'nın gerçek topoğrafyası yer almalıdır. Ön planda ana kültürel motifler açık şekilde görünmelidir. Orta planda Kapadokya'nın doğal ve tarihi çevresi yer almalıdır. Arka planda bölgenin gerçek topoğrafyası korunmalıdır. Kompozisyon doğal perspektife sahip olmalıdır. Fotoğraf gerçek bir insan tarafından çekilmiş hissi vermelidir. gerçek belgesel fotoğrafı, National Geographic tarzı, fotoğraf gerçekçiliği, yüksek dinamik aralık, gerçekçi ışık, gerçekçi gölgeler, 35mm DSLR, RAW fotoğraf, yüksek çözünürlük, keskin odak, yüksek ayrıntı, gerçek malzeme dokuları, doğal renkler belgesel fotoğrafçılığı, National Geographic kalitesi, ultra gerçekçi, profesyonel DSLR fotoğrafı, 35mm lens, RAW fotoğraf, yüksek dinamik aralık, doğal renkler, gerçekçi ışıklandırma, keskin odak, yüksek ayrıntı, gerçekçi malzeme dokuları, doğal gölgeler, fotoğraf gerçekçiliği, yüksek çözünürlük Kesinlikle fantastik öğe bulunmamalıdır. Modern mimari kullanılmamalıdır. Yapay görünen nesneler bulunmamalıdır. Fotoğraf gerçek bir belgesel fotoğrafçısı tarafından çekilmiş hissi vermelidir.;Create an ultra realistic documentary style photograph captured in Cappadocia. Theme: Kapadokya taş mimarisi, geleneksel kaya evleri, taş yapılar, Anadolu mimarisi, korunmuş tarihi yapılar, otantik kültürel mimari Location: Kapadokya Main cultural elements: Kapadokya'ya özgü peri bacaları, volkanik kaya oluşumları, doğal jeolojik yapı, ikonik Kapadokya manzarası volkanik kaya oluşumları, doğal kaya yapıları, Kapadokya jeolojisi Season: doğal gün ışığı The scene must faithfully represent the authentic cultural identity of Cappadocia. The foreground should clearly emphasize the main cultural elements. The middle ground should naturally continue with the historical environment. The background should preserve the real geography of Cappadocia. Ön planda ana kültürel motifler açık şekilde görünmelidir. Orta planda Kapadokya'nın doğal ve tarihi çevresi yer almalıdır. Arka planda bölgenin gerçek topoğrafyası korunmalıdır. Kompozisyon doğal perspektife sahip olmalıdır. Fotoğraf gerçek bir insan tarafından çekilmiş hissi vermelidir. gerçek belgesel fotoğrafı, National Geographic tarzı, fotoğraf gerçekçiliği, yüksek dinamik aralık, gerçekçi ışık, gerçekçi gölgeler, 35mm DSLR, RAW fotoğraf, yüksek çözünürlük, keskin odak, yüksek ayrıntı, gerçek malzeme dokuları, doğal renkler belgesel fotoğrafçılığı, National Geographic kalitesi, ultra gerçekçi, profesyonel DSLR fotoğrafı, 35mm lens, RAW fotoğraf, yüksek dinamik aralık, doğal renkler, gerçekçi ışıklandırma, keskin odak, yüksek ayrıntı, gerçekçi malzeme dokuları, doğal gölgeler, fotoğraf gerçekçiliği, yüksek çözünürlük No fantasy elements. No futuristic buildings. No modern architecture. No artificial looking objects. The final image should resemble a professional National Geographic documentary photograph.;206;220;206;220
CHRD_REAL_0103;CHRD_REAL_0103.jpeg;Rock-cut Heritage;Unknown;Rock Formation;cave house;Unknown;No;;Medium;;Kapadokya'da geçen son derece gerçekçi bir belgesel fotoğrafı oluştur. Tema: Kapadokya'nın tarihi kaya oyma mirası, UNESCO Dünya Mirası, volkanik tüf kayalara oyulmuş tarihi yapılar, antik kaya yerleşimleri, geleneksel Anadolu mimarisi, otantik tarihi doku, korunmuş kültürel miras Konum: Kapadokya Ana kültürel motifler: volkanik kaya oluşumları, doğal kaya yapıları, Kapadokya jeolojisi cave house Mevsim: doğal gün ışığı Sahne tamamen Kapadokya'nın gerçek kültürel kimliğini yansıtmalıdır. Ön planda ana kültürel motifler açık şekilde görünmelidir. Orta planda tarihi çevre doğal şekilde devam etmelidir. Arka planda Kapadokya'nın gerçek topoğrafyası yer almalıdır. Ön planda ana kültürel motifler açık şekilde görünmelidir. Orta planda Kapadokya'nın doğal ve tarihi çevresi yer almalıdır. Arka planda bölgenin gerçek topoğrafyası korunmalıdır. Kompozisyon doğal perspektife sahip olmalıdır. Fotoğraf gerçek bir insan tarafından çekilmiş hissi vermelidir. gerçek belgesel fotoğrafı, National Geographic tarzı, fotoğraf gerçekçiliği, yüksek dinamik aralık, gerçekçi ışık, gerçekçi gölgeler, 35mm DSLR, RAW fotoğraf, yüksek çözünürlük, keskin odak, yüksek ayrıntı, gerçek malzeme dokuları, doğal renkler belgesel fotoğrafçılığı, National Geographic kalitesi, ultra gerçekçi, profesyonel DSLR fotoğrafı, 35mm lens, RAW fotoğraf, yüksek dinamik aralık, doğal renkler, gerçekçi ışıklandırma, keskin odak, yüksek ayrıntı, gerçekçi malzeme dokuları, doğal gölgeler, fotoğraf gerçekçiliği, yüksek çözünürlük Kesinlikle fantastik öğe bulunmamalıdır. Modern mimari kullanılmamalıdır. Yapay görünen nesneler bulunmamalıdır. Fotoğraf gerçek bir belgesel fotoğrafçısı tarafından çekilmiş hissi vermelidir.;Create an ultra realistic documentary style photograph captured in Cappadocia. Theme: Kapadokya'nın tarihi kaya oyma mirası, UNESCO Dünya Mirası, volkanik tüf kayalara oyulmuş tarihi yapılar, antik kaya yerleşimleri, geleneksel Anadolu mimarisi, otantik tarihi doku, korunmuş kültürel miras Location: Kapadokya Main cultural elements: volkanik kaya oluşumları, doğal kaya yapıları, Kapadokya jeolojisi cave house Season: doğal gün ışığı The scene must faithfully represent the authentic cultural identity of Cappadocia. The foreground should clearly emphasize the main cultural elements. The middle ground should naturally continue with the historical environment. The background should preserve the real geography of Cappadocia. Ön planda ana kültürel motifler açık şekilde görünmelidir. Orta planda Kapadokya'nın doğal ve tarihi çevresi yer almalıdır. Arka planda bölgenin gerçek topoğrafyası korunmalıdır. Kompozisyon doğal perspektife sahip olmalıdır. Fotoğraf gerçek bir insan tarafından çekilmiş hissi vermelidir. gerçek belgesel fotoğrafı, National Geographic tarzı, fotoğraf gerçekçiliği, yüksek dinamik aralık, gerçekçi ışık, gerçekçi gölgeler, 35mm DSLR, RAW fotoğraf, yüksek çözünürlük, keskin odak, yüksek ayrıntı, gerçek malzeme dokuları, doğal renkler belgesel fotoğrafçılığı, National Geographic kalitesi, ultra gerçekçi, profesyonel DSLR fotoğrafı, 35mm lens, RAW fotoğraf, yüksek dinamik aralık, doğal renkler, gerçekçi ışıklandırma, keskin odak, yüksek ayrıntı, gerçekçi malzeme dokuları, doğal gölgeler, fotoğraf gerçekçiliği, yüksek çözünürlük No fantasy elements. No futuristic buildings. No modern architecture. No artificial looking objects. The final image should resemble a professional National Geographic documentary photograph.;205;219;205;219
CHRD_REAL_0104;CHRD_REAL_0104.jpeg;Daily Life;Unknown;Cave House;Stone House;Unknown;No;;Medium;;Kapadokya'da geçen son derece gerçekçi bir belgesel fotoğrafı oluştur. Tema: Kapadokya'da yaşayan insanların doğal günlük yaşamı, yerel Anadolu kültürü, geleneksel yaşam biçimi, otantik sosyal ortam, gerçek yaşam sahnesi, yaşayan kültürel miras Konum: Kapadokya Ana kültürel motifler: volkanik kayalara oyulmuş geleneksel kaya evleri, Kapadokya mağara yerleşimleri, otantik kaya konutları geleneksel taş evler, Anadolu taş mimarisi, tarihi taş yapılar Mevsim: doğal gün ışığı Sahne tamamen Kapadokya'nın gerçek kültürel kimliğini yansıtmalıdır. Ön planda ana kültürel motifler açık şekilde görünmelidir. Orta planda tarihi çevre doğal şekilde devam etmelidir. Arka planda Kapadokya'nın gerçek topoğrafyası yer almalıdır. Ön planda ana kültürel motifler açık şekilde görünmelidir. Orta planda Kapadokya'nın doğal ve tarihi çevresi yer almalıdır. Arka planda bölgenin gerçek topoğrafyası korunmalıdır. Kompozisyon doğal perspektife sahip olmalıdır. Fotoğraf gerçek bir insan tarafından çekilmiş hissi vermelidir. gerçek belgesel fotoğrafı, National Geographic tarzı, fotoğraf gerçekçiliği, yüksek dinamik aralık, gerçekçi ışık, gerçekçi gölgeler, 35mm DSLR, RAW fotoğraf, yüksek çözünürlük, keskin odak, yüksek ayrıntı, gerçek malzeme dokuları, doğal renkler belgesel fotoğrafçılığı, National Geographic kalitesi, ultra gerçekçi, profesyonel DSLR fotoğrafı, 35mm lens, RAW fotoğraf, yüksek dinamik aralık, doğal renkler, gerçekçi ışıklandırma, keskin odak, yüksek ayrıntı, gerçekçi malzeme dokuları, doğal gölgeler, fotoğraf gerçekçiliği, yüksek çözünürlük Kesinlikle fantastik öğe bulunmamalıdır. Modern mimari kullanılmamalıdır. Yapay görünen nesneler bulunmamalıdır. Fotoğraf gerçek bir belgesel fotoğrafçısı tarafından çekilmiş hissi vermelidir.;Create an ultra realistic documentary style photograph captured in Cappadocia. Theme: Kapadokya'da yaşayan insanların doğal günlük yaşamı, yerel Anadolu kültürü, geleneksel yaşam biçimi, otantik sosyal ortam, gerçek yaşam sahnesi, yaşayan kültürel miras Location: Kapadokya Main cultural elements: volkanik kayalara oyulmuş geleneksel kaya evleri, Kapadokya mağara yerleşimleri, otantik kaya konutları geleneksel taş evler, Anadolu taş mimarisi, tarihi taş yapılar Season: doğal gün ışığı The scene must faithfully represent the authentic cultural identity of Cappadocia. The foreground should clearly emphasize the main cultural elements. The middle ground should naturally continue with the historical environment. The background should preserve the real geography of Cappadocia. Ön planda ana kültürel motifler açık şekilde görünmelidir. Orta planda Kapadokya'nın doğal ve tarihi çevresi yer almalıdır. Arka planda bölgenin gerçek topoğrafyası korunmalıdır. Kompozisyon doğal perspektife sahip olmalıdır. Fotoğraf gerçek bir insan tarafından çekilmiş hissi vermelidir. gerçek belgesel fotoğrafı, National Geographic tarzı, fotoğraf gerçekçiliği, yüksek dinamik aralık, gerçekçi ışık, gerçekçi gölgeler, 35mm DSLR, RAW fotoğraf, yüksek çözünürlük, keskin odak, yüksek ayrıntı, gerçek malzeme dokuları, doğal renkler belgesel fotoğrafçılığı, National Geographic kalitesi, ultra gerçekçi, profesyonel DSLR fotoğrafı, 35mm lens, RAW fotoğraf, yüksek dinamik aralık, doğal renkler, gerçekçi ışıklandırma, keskin odak, yüksek ayrıntı, gerçekçi malzeme dokuları, doğal gölgeler, fotoğraf gerçekçiliği, yüksek çözünürlük No fantasy elements. No futuristic buildings. No modern architecture. No artificial looking objects. The final image should resemble a professional National Geographic documentary photograph.;211;225;211;225
CHRD_REAL_0105;CHRD_REAL_0105.jpeg;Daily Life;Unknown;Cave House;Stone House;Unknown;No;;Medium;;Kapadokya'da geçen son derece gerçekçi bir belgesel fotoğrafı oluştur. Tema: Kapadokya'da yaşayan insanların doğal günlük yaşamı, yerel Anadolu kültürü, geleneksel yaşam biçimi, otantik sosyal ortam, gerçek yaşam sahnesi, yaşayan kültürel miras Konum: Kapadokya Ana kültürel motifler: volkanik kayalara oyulmuş geleneksel kaya evleri, Kapadokya mağara yerleşimleri, otantik kaya konutları geleneksel taş evler, Anadolu taş mimarisi, tarihi taş yapılar Mevsim: doğal gün ışığı Sahne tamamen Kapadokya'nın gerçek kültürel kimliğini yansıtmalıdır. Ön planda ana kültürel motifler açık şekilde görünmelidir. Orta planda tarihi çevre doğal şekilde devam etmelidir. Arka planda Kapadokya'nın gerçek topoğrafyası yer almalıdır. Ön planda ana kültürel motifler açık şekilde görünmelidir. Orta planda Kapadokya'nın doğal ve tarihi çevresi yer almalıdır. Arka planda bölgenin gerçek topoğrafyası korunmalıdır. Kompozisyon doğal perspektife sahip olmalıdır. Fotoğraf gerçek bir insan tarafından çekilmiş hissi vermelidir. gerçek belgesel fotoğrafı, National Geographic tarzı, fotoğraf gerçekçiliği, yüksek dinamik aralık, gerçekçi ışık, gerçekçi gölgeler, 35mm DSLR, RAW fotoğraf, yüksek çözünürlük, keskin odak, yüksek ayrıntı, gerçek malzeme dokuları, doğal renkler belgesel fotoğrafçılığı, National Geographic kalitesi, ultra gerçekçi, profesyonel DSLR fotoğrafı, 35mm lens, RAW fotoğraf, yüksek dinamik aralık, doğal renkler, gerçekçi ışıklandırma, keskin odak, yüksek ayrıntı, gerçekçi malzeme dokuları, doğal gölgeler, fotoğraf gerçekçiliği, yüksek çözünürlük Kesinlikle fantastik öğe bulunmamalıdır. Modern mimari kullanılmamalıdır. Yapay görünen nesneler bulunmamalıdır. Fotoğraf gerçek bir belgesel fotoğrafçısı tarafından çekilmiş hissi vermelidir.;Create an ultra realistic documentary style photograph captured in Cappadocia. Theme: Kapadokya'da yaşayan insanların doğal günlük yaşamı, yerel Anadolu kültürü, geleneksel yaşam biçimi, otantik sosyal ortam, gerçek yaşam sahnesi, yaşayan kültürel miras Location: Kapadokya Main cultural elements: volkanik kayalara oyulmuş geleneksel kaya evleri, Kapadokya mağara yerleşimleri, otantik kaya konutları geleneksel taş evler, Anadolu taş mimarisi, tarihi taş yapılar Season: doğal gün ışığı The scene must faithfully represent the authentic cultural identity of Cappadocia. The foreground should clearly emphasize the main cultural elements. The middle ground should naturally continue with the historical environment. The background should preserve the real geography of Cappadocia. Ön planda ana kültürel motifler açık şekilde görünmelidir. Orta planda Kapadokya'nın doğal ve tarihi çevresi yer almalıdır. Arka planda bölgenin gerçek topoğrafyası korunmalıdır. Kompozisyon doğal perspektife sahip olmalıdır. Fotoğraf gerçek bir insan tarafından çekilmiş hissi vermelidir. gerçek belgesel fotoğrafı, National Geographic tarzı, fotoğraf gerçekçiliği, yüksek dinamik aralık, gerçekçi ışık, gerçekçi gölgeler, 35mm DSLR, RAW fotoğraf, yüksek çözünürlük, keskin odak, yüksek ayrıntı, gerçek malzeme dokuları, doğal renkler belgesel fotoğrafçılığı, National Geographic kalitesi, ultra gerçekçi, profesyonel DSLR fotoğrafı, 35mm lens, RAW fotoğraf, yüksek dinamik aralık, doğal renkler, gerçekçi ışıklandırma, keskin odak, yüksek ayrıntı, gerçekçi malzeme dokuları, doğal gölgeler, fotoğraf gerçekçiliği, yüksek çözünürlük No fantasy elements. No futuristic buildings. No modern architecture. No artificial looking objects. The final image should resemble a professional National Geographic documentary photograph.;211;225;211;225
CHRD_REAL_0106;CHRD_REAL_0106.jpeg;Daily Life;Unknown;Cave House;Stone House;Unknown;No;;Medium;;Kapadokya'da geçen son derece gerçekçi bir belgesel fotoğrafı oluştur. Tema: Kapadokya'da yaşayan insanların doğal günlük yaşamı, yerel Anadolu kültürü, geleneksel yaşam biçimi, otantik sosyal ortam, gerçek yaşam sahnesi, yaşayan kültürel miras Konum: Kapadokya Ana kültürel motifler: volkanik kayalara oyulmuş geleneksel kaya evleri, Kapadokya mağara yerleşimleri, otantik kaya konutları geleneksel taş evler, Anadolu taş mimarisi, tarihi taş yapılar Mevsim: doğal gün ışığı Sahne tamamen Kapadokya'nın gerçek kültürel kimliğini yansıtmalıdır. Ön planda ana kültürel motifler açık şekilde görünmelidir. Orta planda tarihi çevre doğal şekilde devam etmelidir. Arka planda Kapadokya'nın gerçek topoğrafyası yer almalıdır. Ön planda ana kültürel motifler açık şekilde görünmelidir. Orta planda Kapadokya'nın doğal ve tarihi çevresi yer almalıdır. Arka planda bölgenin gerçek topoğrafyası korunmalıdır. Kompozisyon doğal perspektife sahip olmalıdır. Fotoğraf gerçek bir insan tarafından çekilmiş hissi vermelidir. gerçek belgesel fotoğrafı, National Geographic tarzı, fotoğraf gerçekçiliği, yüksek dinamik aralık, gerçekçi ışık, gerçekçi gölgeler, 35mm DSLR, RAW fotoğraf, yüksek çözünürlük, keskin odak, yüksek ayrıntı, gerçek malzeme dokuları, doğal renkler belgesel fotoğrafçılığı, National Geographic kalitesi, ultra gerçekçi, profesyonel DSLR fotoğrafı, 35mm lens, RAW fotoğraf, yüksek dinamik aralık, doğal renkler, gerçekçi ışıklandırma, keskin odak, yüksek ayrıntı, gerçekçi malzeme dokuları, doğal gölgeler, fotoğraf gerçekçiliği, yüksek çözünürlük Kesinlikle fantastik öğe bulunmamalıdır. Modern mimari kullanılmamalıdır. Yapay görünen nesneler bulunmamalıdır. Fotoğraf gerçek bir belgesel fotoğrafçısı tarafından çekilmiş hissi vermelidir.;Create an ultra realistic documentary style photograph captured in Cappadocia. Theme: Kapadokya'da yaşayan insanların doğal günlük yaşamı, yerel Anadolu kültürü, geleneksel yaşam biçimi, otantik sosyal ortam, gerçek yaşam sahnesi, yaşayan kültürel miras Location: Kapadokya Main cultural elements: volkanik kayalara oyulmuş geleneksel kaya evleri, Kapadokya mağara yerleşimleri, otantik kaya konutları geleneksel taş evler, Anadolu taş mimarisi, tarihi taş yapılar Season: doğal gün ışığı The scene must faithfully represent the authentic cultural identity of Cappadocia. The foreground should clearly emphasize the main cultural elements. The middle ground should naturally continue with the historical environment. The background should preserve the real geography of Cappadocia. Ön planda ana kültürel motifler açık şekilde görünmelidir. Orta planda Kapadokya'nın doğal ve tarihi çevresi yer almalıdır. Arka planda bölgenin gerçek topoğrafyası korunmalıdır. Kompozisyon doğal perspektife sahip olmalıdır. Fotoğraf gerçek bir insan tarafından çekilmiş hissi vermelidir. gerçek belgesel fotoğrafı, National Geographic tarzı, fotoğraf gerçekçiliği, yüksek dinamik aralık, gerçekçi ışık, gerçekçi gölgeler, 35mm DSLR, RAW fotoğraf, yüksek çözünürlük, keskin odak, yüksek ayrıntı, gerçek malzeme dokuları, doğal renkler belgesel fotoğrafçılığı, National Geographic kalitesi, ultra gerçekçi, profesyonel DSLR fotoğrafı, 35mm lens, RAW fotoğraf, yüksek dinamik aralık, doğal renkler, gerçekçi ışıklandırma, keskin odak, yüksek ayrıntı, gerçekçi malzeme dokuları, doğal gölgeler, fotoğraf gerçekçiliği, yüksek çözünürlük No fantasy elements. No futuristic buildings. No modern architecture. No artificial looking objects. The final image should resemble a professional National Geographic documentary photograph.;211;225;211;225
CHRD_REAL_0107;CHRD_REAL_0107.jpeg;Daily Life;Unknown;Cave House;sunset;Unknown;No;;Medium;;Kapadokya'da geçen son derece gerçekçi bir belgesel fotoğrafı oluştur. Tema: Kapadokya'da yaşayan insanların doğal günlük yaşamı, yerel Anadolu kültürü, geleneksel yaşam biçimi, otantik sosyal ortam, gerçek yaşam sahnesi, yaşayan kültürel miras Konum: Kapadokya Ana kültürel motifler: volkanik kayalara oyulmuş geleneksel kaya evleri, Kapadokya mağara yerleşimleri, otantik kaya konutları sunset Mevsim: doğal gün ışığı Sahne tamamen Kapadokya'nın gerçek kültürel kimliğini yansıtmalıdır. Ön planda ana kültürel motifler açık şekilde görünmelidir. Orta planda tarihi çevre doğal şekilde devam etmelidir. Arka planda Kapadokya'nın gerçek topoğrafyası yer almalıdır. Ön planda ana kültürel motifler açık şekilde görünmelidir. Orta planda Kapadokya'nın doğal ve tarihi çevresi yer almalıdır. Arka planda bölgenin gerçek topoğrafyası korunmalıdır. Kompozisyon doğal perspektife sahip olmalıdır. Fotoğraf gerçek bir insan tarafından çekilmiş hissi vermelidir. gerçek belgesel fotoğrafı, National Geographic tarzı, fotoğraf gerçekçiliği, yüksek dinamik aralık, gerçekçi ışık, gerçekçi gölgeler, 35mm DSLR, RAW fotoğraf, yüksek çözünürlük, keskin odak, yüksek ayrıntı, gerçek malzeme dokuları, doğal renkler belgesel fotoğrafçılığı, National Geographic kalitesi, ultra gerçekçi, profesyonel DSLR fotoğrafı, 35mm lens, RAW fotoğraf, yüksek dinamik aralık, doğal renkler, gerçekçi ışıklandırma, keskin odak, yüksek ayrıntı, gerçekçi malzeme dokuları, doğal gölgeler, fotoğraf gerçekçiliği, yüksek çözünürlük Kesinlikle fantastik öğe bulunmamalıdır. Modern mimari kullanılmamalıdır. Yapay görünen nesneler bulunmamalıdır. Fotoğraf gerçek bir belgesel fotoğrafçısı tarafından çekilmiş hissi vermelidir.;Create an ultra realistic documentary style photograph captured in Cappadocia. Theme: Kapadokya'da yaşayan insanların doğal günlük yaşamı, yerel Anadolu kültürü, geleneksel yaşam biçimi, otantik sosyal ortam, gerçek yaşam sahnesi, yaşayan kültürel miras Location: Kapadokya Main cultural elements: volkanik kayalara oyulmuş geleneksel kaya evleri, Kapadokya mağara yerleşimleri, otantik kaya konutları sunset Season: doğal gün ışığı The scene must faithfully represent the authentic cultural identity of Cappadocia. The foreground should clearly emphasize the main cultural elements. The middle ground should naturally continue with the historical environment. The background should preserve the real geography of Cappadocia. Ön planda ana kültürel motifler açık şekilde görünmelidir. Orta planda Kapadokya'nın doğal ve tarihi çevresi yer almalıdır. Arka planda bölgenin gerçek topoğrafyası korunmalıdır. Kompozisyon doğal perspektife sahip olmalıdır. Fotoğraf gerçek bir insan tarafından çekilmiş hissi vermelidir. gerçek belgesel fotoğrafı, National Geographic tarzı, fotoğraf gerçekçiliği, yüksek dinamik aralık, gerçekçi ışık, gerçekçi gölgeler, 35mm DSLR, RAW fotoğraf, yüksek çözünürlük, keskin odak, yüksek ayrıntı, gerçek malzeme dokuları, doğal renkler belgesel fotoğrafçılığı, National Geographic kalitesi, ultra gerçekçi, profesyonel DSLR fotoğrafı, 35mm lens, RAW fotoğraf, yüksek dinamik aralık, doğal renkler, gerçekçi ışıklandırma, keskin odak, yüksek ayrıntı, gerçekçi malzeme dokuları, doğal gölgeler, fotoğraf gerçekçiliği, yüksek çözünürlük No fantasy elements. No futuristic buildings. No modern architecture. No artificial looking objects. The final image should resemble a professional National Geographic documentary photograph.;203;217;203;217
CHRD_REAL_0108;CHRD_REAL_0108.jpeg;Village Square;Unknown;Cave House;sunset;Unknown;No;;Medium;;Kapadokya'da geçen son derece gerçekçi bir belgesel fotoğrafı oluştur. Tema: Kapadokya köy meydanı, tarihi taş sokaklar, yerel mahalle yaşamı, geleneksel Anadolu yerleşimi, otantik köy atmosferi, kültürel yaşam alanı Konum: Kapadokya Ana kültürel motifler: volkanik kayalara oyulmuş geleneksel kaya evleri, Kapadokya mağara yerleşimleri, otantik kaya konutları sunset Mevsim: doğal gün ışığı Sahne tamamen Kapadokya'nın gerçek kültürel kimliğini yansıtmalıdır. Ön planda ana kültürel motifler açık şekilde görünmelidir. Orta planda tarihi çevre doğal şekilde devam etmelidir. Arka planda Kapadokya'nın gerçek topoğrafyası yer almalıdır. Ön planda ana kültürel motifler açık şekilde görünmelidir. Orta planda Kapadokya'nın doğal ve tarihi çevresi yer almalıdır. Arka planda bölgenin gerçek topoğrafyası korunmalıdır. Kompozisyon doğal perspektife sahip olmalıdır. Fotoğraf gerçek bir insan tarafından çekilmiş hissi vermelidir. gerçek belgesel fotoğrafı, National Geographic tarzı, fotoğraf gerçekçiliği, yüksek dinamik aralık, gerçekçi ışık, gerçekçi gölgeler, 35mm DSLR, RAW fotoğraf, yüksek çözünürlük, keskin odak, yüksek ayrıntı, gerçek malzeme dokuları, doğal renkler belgesel fotoğrafçılığı, National Geographic kalitesi, ultra gerçekçi, profesyonel DSLR fotoğrafı, 35mm lens, RAW fotoğraf, yüksek dinamik aralık, doğal renkler, gerçekçi ışıklandırma, keskin odak, yüksek ayrıntı, gerçekçi malzeme dokuları, doğal gölgeler, fotoğraf gerçekçiliği, yüksek çözünürlük Kesinlikle fantastik öğe bulunmamalıdır. Modern mimari kullanılmamalıdır. Yapay görünen nesneler bulunmamalıdır. Fotoğraf gerçek bir belgesel fotoğrafçısı tarafından çekilmiş hissi vermelidir.;Create an ultra realistic documentary style photograph captured in Cappadocia. Theme: Kapadokya köy meydanı, tarihi taş sokaklar, yerel mahalle yaşamı, geleneksel Anadolu yerleşimi, otantik köy atmosferi, kültürel yaşam alanı Location: Kapadokya Main cultural elements: volkanik kayalara oyulmuş geleneksel kaya evleri, Kapadokya mağara yerleşimleri, otantik kaya konutları sunset Season: doğal gün ışığı The scene must faithfully represent the authentic cultural identity of Cappadocia. The foreground should clearly emphasize the main cultural elements. The middle ground should naturally continue with the historical environment. The background should preserve the real geography of Cappadocia. Ön planda ana kültürel motifler açık şekilde görünmelidir. Orta planda Kapadokya'nın doğal ve tarihi çevresi yer almalıdır. Arka planda bölgenin gerçek topoğrafyası korunmalıdır. Kompozisyon doğal perspektife sahip olmalıdır. Fotoğraf gerçek bir insan tarafından çekilmiş hissi vermelidir. gerçek belgesel fotoğrafı, National Geographic tarzı, fotoğraf gerçekçiliği, yüksek dinamik aralık, gerçekçi ışık, gerçekçi gölgeler, 35mm DSLR, RAW fotoğraf, yüksek çözünürlük, keskin odak, yüksek ayrıntı, gerçek malzeme dokuları, doğal renkler belgesel fotoğrafçılığı, National Geographic kalitesi, ultra gerçekçi, profesyonel DSLR fotoğrafı, 35mm lens, RAW fotoğraf, yüksek dinamik aralık, doğal renkler, gerçekçi ışıklandırma, keskin odak, yüksek ayrıntı, gerçekçi malzeme dokuları, doğal gölgeler, fotoğraf gerçekçiliği, yüksek çözünürlük No fantasy elements. No futuristic buildings. No modern architecture. No artificial looking objects. The final image should resemble a professional National Geographic documentary photograph.;200;214;200;214
CHRD_REAL_0109;CHRD_REAL_0109.jpeg;Natural Landscape;Unknown;landscape;sky;Unknown;No;;Low;;Kapadokya'da geçen son derece gerçekçi bir belgesel fotoğrafı oluştur. Tema: Kapadokya'nın doğal manzarası, vadiler, volkanik kaya oluşumları, peri bacaları, geniş gökyüzü, otantik doğal çevre Konum: Kapadokya Ana kültürel motifler: landscape sky Mevsim: doğal gün ışığı Sahne tamamen Kapadokya'nın gerçek kültürel kimliğini yansıtmalıdır. Ön planda ana kültürel motifler açık şekilde görünmelidir. Orta planda tarihi çevre doğal şekilde devam etmelidir. Arka planda Kapadokya'nın gerçek topoğrafyası yer almalıdır. Ön planda ana kültürel motifler açık şekilde görünmelidir. Orta planda Kapadokya'nın doğal ve tarihi çevresi yer almalıdır. Arka planda bölgenin gerçek topoğrafyası korunmalıdır. Kompozisyon doğal perspektife sahip olmalıdır. Fotoğraf gerçek bir insan tarafından çekilmiş hissi vermelidir. gerçek belgesel fotoğrafı, National Geographic tarzı, fotoğraf gerçekçiliği, yüksek dinamik aralık, gerçekçi ışık, gerçekçi gölgeler, 35mm DSLR, RAW fotoğraf, yüksek çözünürlük, keskin odak, yüksek ayrıntı, gerçek malzeme dokuları, doğal renkler belgesel fotoğrafçılığı, National Geographic kalitesi, ultra gerçekçi, profesyonel DSLR fotoğrafı, 35mm lens, RAW fotoğraf, yüksek dinamik aralık, doğal renkler, gerçekçi ışıklandırma, keskin odak, yüksek ayrıntı, gerçekçi malzeme dokuları, doğal gölgeler, fotoğraf gerçekçiliği, yüksek çözünürlük Kesinlikle fantastik öğe bulunmamalıdır. Modern mimari kullanılmamalıdır. Yapay görünen nesneler bulunmamalıdır. Fotoğraf gerçek bir belgesel fotoğrafçısı tarafından çekilmiş hissi vermelidir.;Create an ultra realistic documentary style photograph captured in Cappadocia. Theme: Kapadokya'nın doğal manzarası, vadiler, volkanik kaya oluşumları, peri bacaları, geniş gökyüzü, otantik doğal çevre Location: Kapadokya Main cultural elements: landscape sky Season: doğal gün ışığı The scene must faithfully represent the authentic cultural identity of Cappadocia. The foreground should clearly emphasize the main cultural elements. The middle ground should naturally continue with the historical environment. The background should preserve the real geography of Cappadocia. Ön planda ana kültürel motifler açık şekilde görünmelidir. Orta planda Kapadokya'nın doğal ve tarihi çevresi yer almalıdır. Arka planda bölgenin gerçek topoğrafyası korunmalıdır. Kompozisyon doğal perspektife sahip olmalıdır. Fotoğraf gerçek bir insan tarafından çekilmiş hissi vermelidir. gerçek belgesel fotoğrafı, National Geographic tarzı, fotoğraf gerçekçiliği, yüksek dinamik aralık, gerçekçi ışık, gerçekçi gölgeler, 35mm DSLR, RAW fotoğraf, yüksek çözünürlük, keskin odak, yüksek ayrıntı, gerçek malzeme dokuları, doğal renkler belgesel fotoğrafçılığı, National Geographic kalitesi, ultra gerçekçi, profesyonel DSLR fotoğrafı, 35mm lens, RAW fotoğraf, yüksek dinamik aralık, doğal renkler, gerçekçi ışıklandırma, keskin odak, yüksek ayrıntı, gerçekçi malzeme dokuları, doğal gölgeler, fotoğraf gerçekçiliği, yüksek çözünürlük No fantasy elements. No futuristic buildings. No modern architecture. No artificial looking objects. The final image should resemble a professional National Geographic documentary photograph.;185;199;185;199
CHRD_REAL_0110;CHRD_REAL_0110.jpeg;Village Square;Unknown;Stone House;Street;Unknown;No;;Medium;;Kapadokya'da geçen son derece gerçekçi bir belgesel fotoğrafı oluştur. Tema: Kapadokya köy meydanı, tarihi taş sokaklar, yerel mahalle yaşamı, geleneksel Anadolu yerleşimi, otantik köy atmosferi, kültürel yaşam alanı Konum: Kapadokya Ana kültürel motifler: geleneksel taş evler, Anadolu taş mimarisi, tarihi taş yapılar tarihi taş sokak, otantik Kapadokya yolu, geleneksel mahalle yolu Mevsim: doğal gün ışığı Sahne tamamen Kapadokya'nın gerçek kültürel kimliğini yansıtmalıdır. Ön planda ana kültürel motifler açık şekilde görünmelidir. Orta planda tarihi çevre doğal şekilde devam etmelidir. Arka planda Kapadokya'nın gerçek topoğrafyası yer almalıdır. Ön planda ana kültürel motifler açık şekilde görünmelidir. Orta planda Kapadokya'nın doğal ve tarihi çevresi yer almalıdır. Arka planda bölgenin gerçek topoğrafyası korunmalıdır. Kompozisyon doğal perspektife sahip olmalıdır. Fotoğraf gerçek bir insan tarafından çekilmiş hissi vermelidir. gerçek belgesel fotoğrafı, National Geographic tarzı, fotoğraf gerçekçiliği, yüksek dinamik aralık, gerçekçi ışık, gerçekçi gölgeler, 35mm DSLR, RAW fotoğraf, yüksek çözünürlük, keskin odak, yüksek ayrıntı, gerçek malzeme dokuları, doğal renkler belgesel fotoğrafçılığı, National Geographic kalitesi, ultra gerçekçi, profesyonel DSLR fotoğrafı, 35mm lens, RAW fotoğraf, yüksek dinamik aralık, doğal renkler, gerçekçi ışıklandırma, keskin odak, yüksek ayrıntı, gerçekçi malzeme dokuları, doğal gölgeler, fotoğraf gerçekçiliği, yüksek çözünürlük Kesinlikle fantastik öğe bulunmamalıdır. Modern mimari kullanılmamalıdır. Yapay görünen nesneler bulunmamalıdır. Fotoğraf gerçek bir belgesel fotoğrafçısı tarafından çekilmiş hissi vermelidir.;Create an ultra realistic documentary style photograph captured in Cappadocia. Theme: Kapadokya köy meydanı, tarihi taş sokaklar, yerel mahalle yaşamı, geleneksel Anadolu yerleşimi, otantik köy atmosferi, kültürel yaşam alanı Location: Kapadokya Main cultural elements: geleneksel taş evler, Anadolu taş mimarisi, tarihi taş yapılar tarihi taş sokak, otantik Kapadokya yolu, geleneksel mahalle yolu Season: doğal gün ışığı The scene must faithfully represent the authentic cultural identity of Cappadocia. The foreground should clearly emphasize the main cultural elements. The middle ground should naturally continue with the historical environment. The background should preserve the real geography of Cappadocia. Ön planda ana kültürel motifler açık şekilde görünmelidir. Orta planda Kapadokya'nın doğal ve tarihi çevresi yer almalıdır. Arka planda bölgenin gerçek topoğrafyası korunmalıdır. Kompozisyon doğal perspektife sahip olmalıdır. Fotoğraf gerçek bir insan tarafından çekilmiş hissi vermelidir. gerçek belgesel fotoğrafı, National Geographic tarzı, fotoğraf gerçekçiliği, yüksek dinamik aralık, gerçekçi ışık, gerçekçi gölgeler, 35mm DSLR, RAW fotoğraf, yüksek çözünürlük, keskin odak, yüksek ayrıntı, gerçek malzeme dokuları, doğal renkler belgesel fotoğrafçılığı, National Geographic kalitesi, ultra gerçekçi, profesyonel DSLR fotoğrafı, 35mm lens, RAW fotoğraf, yüksek dinamik aralık, doğal renkler, gerçekçi ışıklandırma, keskin odak, yüksek ayrıntı, gerçekçi malzeme dokuları, doğal gölgeler, fotoğraf gerçekçiliği, yüksek çözünürlük No fantasy elements. No futuristic buildings. No modern architecture. No artificial looking objects. The final image should resemble a professional National Geographic documentary photograph.;205;219;205;219
CHRD_REAL_0111;CHRD_REAL_0111.jpeg;Daily Life;Unknown;Stone House;Street;Unknown;No;;Medium;;Kapadokya'da geçen son derece gerçekçi bir belgesel fotoğrafı oluştur. Tema: Kapadokya'da yaşayan insanların doğal günlük yaşamı, yerel Anadolu kültürü, geleneksel yaşam biçimi, otantik sosyal ortam, gerçek yaşam sahnesi, yaşayan kültürel miras Konum: Kapadokya Ana kültürel motifler: geleneksel taş evler, Anadolu taş mimarisi, tarihi taş yapılar tarihi taş sokak, otantik Kapadokya yolu, geleneksel mahalle yolu Mevsim: doğal gün ışığı Sahne tamamen Kapadokya'nın gerçek kültürel kimliğini yansıtmalıdır. Ön planda ana kültürel motifler açık şekilde görünmelidir. Orta planda tarihi çevre doğal şekilde devam etmelidir. Arka planda Kapadokya'nın gerçek topoğrafyası yer almalıdır. Ön planda ana kültürel motifler açık şekilde görünmelidir. Orta planda Kapadokya'nın doğal ve tarihi çevresi yer almalıdır. Arka planda bölgenin gerçek topoğrafyası korunmalıdır. Kompozisyon doğal perspektife sahip olmalıdır. Fotoğraf gerçek bir insan tarafından çekilmiş hissi vermelidir. gerçek belgesel fotoğrafı, National Geographic tarzı, fotoğraf gerçekçiliği, yüksek dinamik aralık, gerçekçi ışık, gerçekçi gölgeler, 35mm DSLR, RAW fotoğraf, yüksek çözünürlük, keskin odak, yüksek ayrıntı, gerçek malzeme dokuları, doğal renkler belgesel fotoğrafçılığı, National Geographic kalitesi, ultra gerçekçi, profesyonel DSLR fotoğrafı, 35mm lens, RAW fotoğraf, yüksek dinamik aralık, doğal renkler, gerçekçi ışıklandırma, keskin odak, yüksek ayrıntı, gerçekçi malzeme dokuları, doğal gölgeler, fotoğraf gerçekçiliği, yüksek çözünürlük Kesinlikle fantastik öğe bulunmamalıdır. Modern mimari kullanılmamalıdır. Yapay görünen nesneler bulunmamalıdır. Fotoğraf gerçek bir belgesel fotoğrafçısı tarafından çekilmiş hissi vermelidir.;Create an ultra realistic documentary style photograph captured in Cappadocia. Theme: Kapadokya'da yaşayan insanların doğal günlük yaşamı, yerel Anadolu kültürü, geleneksel yaşam biçimi, otantik sosyal ortam, gerçek yaşam sahnesi, yaşayan kültürel miras Location: Kapadokya Main cultural elements: geleneksel taş evler, Anadolu taş mimarisi, tarihi taş yapılar tarihi taş sokak, otantik Kapadokya yolu, geleneksel mahalle yolu Season: doğal gün ışığı The scene must faithfully represent the authentic cultural identity of Cappadocia. The foreground should clearly emphasize the main cultural elements. The middle ground should naturally continue with the historical environment. The background should preserve the real geography of Cappadocia. Ön planda ana kültürel motifler açık şekilde görünmelidir. Orta planda Kapadokya'nın doğal ve tarihi çevresi yer almalıdır. Arka planda bölgenin gerçek topoğrafyası korunmalıdır. Kompozisyon doğal perspektife sahip olmalıdır. Fotoğraf gerçek bir insan tarafından çekilmiş hissi vermelidir. gerçek belgesel fotoğrafı, National Geographic tarzı, fotoğraf gerçekçiliği, yüksek dinamik aralık, gerçekçi ışık, gerçekçi gölgeler, 35mm DSLR, RAW fotoğraf, yüksek çözünürlük, keskin odak, yüksek ayrıntı, gerçek malzeme dokuları, doğal renkler belgesel fotoğrafçılığı, National Geographic kalitesi, ultra gerçekçi, profesyonel DSLR fotoğrafı, 35mm lens, RAW fotoğraf, yüksek dinamik aralık, doğal renkler, gerçekçi ışıklandırma, keskin odak, yüksek ayrıntı, gerçekçi malzeme dokuları, doğal gölgeler, fotoğraf gerçekçiliği, yüksek çözünürlük No fantasy elements. No futuristic buildings. No modern architecture. No artificial looking objects. The final image should resemble a professional National Geographic documentary photograph.;208;222;208;222
CHRD_REAL_0112;CHRD_REAL_0112.jpeg;Daily Life;Unknown;Stone House;Unknown;Unknown;No;;Low;;Kapadokya'da geçen son derece gerçekçi bir belgesel fotoğrafı oluştur. Tema: Kapadokya'da yaşayan insanların doğal günlük yaşamı, yerel Anadolu kültürü, geleneksel yaşam biçimi, otantik sosyal ortam, gerçek yaşam sahnesi, yaşayan kültürel miras Konum: Kapadokya Ana kültürel motifler: geleneksel taş evler, Anadolu taş mimarisi, tarihi taş yapılar Unknown Mevsim: doğal gün ışığı Sahne tamamen Kapadokya'nın gerçek kültürel kimliğini yansıtmalıdır. Ön planda ana kültürel motifler açık şekilde görünmelidir. Orta planda tarihi çevre doğal şekilde devam etmelidir. Arka planda Kapadokya'nın gerçek topoğrafyası yer almalıdır. Ön planda ana kültürel motifler açık şekilde görünmelidir. Orta planda Kapadokya'nın doğal ve tarihi çevresi yer almalıdır. Arka planda bölgenin gerçek topoğrafyası korunmalıdır. Kompozisyon doğal perspektife sahip olmalıdır. Fotoğraf gerçek bir insan tarafından çekilmiş hissi vermelidir. gerçek belgesel fotoğrafı, National Geographic tarzı, fotoğraf gerçekçiliği, yüksek dinamik aralık, gerçekçi ışık, gerçekçi gölgeler, 35mm DSLR, RAW fotoğraf, yüksek çözünürlük, keskin odak, yüksek ayrıntı, gerçek malzeme dokuları, doğal renkler belgesel fotoğrafçılığı, National Geographic kalitesi, ultra gerçekçi, profesyonel DSLR fotoğrafı, 35mm lens, RAW fotoğraf, yüksek dinamik aralık, doğal renkler, gerçekçi ışıklandırma, keskin odak, yüksek ayrıntı, gerçekçi malzeme dokuları, doğal gölgeler, fotoğraf gerçekçiliği, yüksek çözünürlük Kesinlikle fantastik öğe bulunmamalıdır. Modern mimari kullanılmamalıdır. Yapay görünen nesneler bulunmamalıdır. Fotoğraf gerçek bir belgesel fotoğrafçısı tarafından çekilmiş hissi vermelidir.;Create an ultra realistic documentary style photograph captured in Cappadocia. Theme: Kapadokya'da yaşayan insanların doğal günlük yaşamı, yerel Anadolu kültürü, geleneksel yaşam biçimi, otantik sosyal ortam, gerçek yaşam sahnesi, yaşayan kültürel miras Location: Kapadokya Main cultural elements: geleneksel taş evler, Anadolu taş mimarisi, tarihi taş yapılar Unknown Season: doğal gün ışığı The scene must faithfully represent the authentic cultural identity of Cappadocia. The foreground should clearly emphasize the main cultural elements. The middle ground should naturally continue with the historical environment. The background should preserve the real geography of Cappadocia. Ön planda ana kültürel motifler açık şekilde görünmelidir. Orta planda Kapadokya'nın doğal ve tarihi çevresi yer almalıdır. Arka planda bölgenin gerçek topoğrafyası korunmalıdır. Kompozisyon doğal perspektife sahip olmalıdır. Fotoğraf gerçek bir insan tarafından çekilmiş hissi vermelidir. gerçek belgesel fotoğrafı, National Geographic tarzı, fotoğraf gerçekçiliği, yüksek dinamik aralık, gerçekçi ışık, gerçekçi gölgeler, 35mm DSLR, RAW fotoğraf, yüksek çözünürlük, keskin odak, yüksek ayrıntı, gerçek malzeme dokuları, doğal renkler belgesel fotoğrafçılığı, National Geographic kalitesi, ultra gerçekçi, profesyonel DSLR fotoğrafı, 35mm lens, RAW fotoğraf, yüksek dinamik aralık, doğal renkler, gerçekçi ışıklandırma, keskin odak, yüksek ayrıntı, gerçekçi malzeme dokuları, doğal gölgeler, fotoğraf gerçekçiliği, yüksek çözünürlük No fantasy elements. No futuristic buildings. No modern architecture. No artificial looking objects. The final image should resemble a professional National Geographic documentary photograph.;200;214;200;214
CHRD_REAL_0113;CHRD_REAL_0113.jpeg;Local Architecture;Unknown;Church;Museum;Unknown;No;;Low;;Kapadokya'da geçen son derece gerçekçi bir belgesel fotoğrafı oluştur. Tema: Kapadokya taş mimarisi, geleneksel kaya evleri, taş yapılar, Anadolu mimarisi, korunmuş tarihi yapılar, otantik kültürel mimari Konum: Kapadokya Ana kültürel motifler: tarihi kaya kilisesi, Bizans dönemi kaya kilisesi, otantik dini mimari yerel kültür müzesi, tarihi eser koleksiyonu, kültürel miras müzesi Mevsim: doğal gün ışığı Sahne tamamen Kapadokya'nın gerçek kültürel kimliğini yansıtmalıdır. Ön planda ana kültürel motifler açık şekilde görünmelidir. Orta planda tarihi çevre doğal şekilde devam etmelidir. Arka planda Kapadokya'nın gerçek topoğrafyası yer almalıdır. Ön planda ana kültürel motifler açık şekilde görünmelidir. Orta planda Kapadokya'nın doğal ve tarihi çevresi yer almalıdır. Arka planda bölgenin gerçek topoğrafyası korunmalıdır. Kompozisyon doğal perspektife sahip olmalıdır. Fotoğraf gerçek bir insan tarafından çekilmiş hissi vermelidir. gerçek belgesel fotoğrafı, National Geographic tarzı, fotoğraf gerçekçiliği, yüksek dinamik aralık, gerçekçi ışık, gerçekçi gölgeler, 35mm DSLR, RAW fotoğraf, yüksek çözünürlük, keskin odak, yüksek ayrıntı, gerçek malzeme dokuları, doğal renkler belgesel fotoğrafçılığı, National Geographic kalitesi, ultra gerçekçi, profesyonel DSLR fotoğrafı, 35mm lens, RAW fotoğraf, yüksek dinamik aralık, doğal renkler, gerçekçi ışıklandırma, keskin odak, yüksek ayrıntı, gerçekçi malzeme dokuları, doğal gölgeler, fotoğraf gerçekçiliği, yüksek çözünürlük Kesinlikle fantastik öğe bulunmamalıdır. Modern mimari kullanılmamalıdır. Yapay görünen nesneler bulunmamalıdır. Fotoğraf gerçek bir belgesel fotoğrafçısı tarafından çekilmiş hissi vermelidir.;Create an ultra realistic documentary style photograph captured in Cappadocia. Theme: Kapadokya taş mimarisi, geleneksel kaya evleri, taş yapılar, Anadolu mimarisi, korunmuş tarihi yapılar, otantik kültürel mimari Location: Kapadokya Main cultural elements: tarihi kaya kilisesi, Bizans dönemi kaya kilisesi, otantik dini mimari yerel kültür müzesi, tarihi eser koleksiyonu, kültürel miras müzesi Season: doğal gün ışığı The scene must faithfully represent the authentic cultural identity of Cappadocia. The foreground should clearly emphasize the main cultural elements. The middle ground should naturally continue with the historical environment. The background should preserve the real geography of Cappadocia. Ön planda ana kültürel motifler açık şekilde görünmelidir. Orta planda Kapadokya'nın doğal ve tarihi çevresi yer almalıdır. Arka planda bölgenin gerçek topoğrafyası korunmalıdır. Kompozisyon doğal perspektife sahip olmalıdır. Fotoğraf gerçek bir insan tarafından çekilmiş hissi vermelidir. gerçek belgesel fotoğrafı, National Geographic tarzı, fotoğraf gerçekçiliği, yüksek dinamik aralık, gerçekçi ışık, gerçekçi gölgeler, 35mm DSLR, RAW fotoğraf, yüksek çözünürlük, keskin odak, yüksek ayrıntı, gerçek malzeme dokuları, doğal renkler belgesel fotoğrafçılığı, National Geographic kalitesi, ultra gerçekçi, profesyonel DSLR fotoğrafı, 35mm lens, RAW fotoğraf, yüksek dinamik aralık, doğal renkler, gerçekçi ışıklandırma, keskin odak, yüksek ayrıntı, gerçekçi malzeme dokuları, doğal gölgeler, fotoğraf gerçekçiliği, yüksek çözünürlük No fantasy elements. No futuristic buildings. No modern architecture. No artificial looking objects. The final image should resemble a professional National Geographic documentary photograph.;204;218;204;218
CHRD_REAL_0114;CHRD_REAL_0114.jpeg;Daily Life;Unknown;Stone House;Unknown;Unknown;No;;Medium;;Kapadokya'da geçen son derece gerçekçi bir belgesel fotoğrafı oluştur. Tema: Kapadokya'da yaşayan insanların doğal günlük yaşamı, yerel Anadolu kültürü, geleneksel yaşam biçimi, otantik sosyal ortam, gerçek yaşam sahnesi, yaşayan kültürel miras Konum: Kapadokya Ana kültürel motifler: geleneksel taş evler, Anadolu taş mimarisi, tarihi taş yapılar Unknown Mevsim: doğal gün ışığı Sahne tamamen Kapadokya'nın gerçek kültürel kimliğini yansıtmalıdır. Ön planda ana kültürel motifler açık şekilde görünmelidir. Orta planda tarihi çevre doğal şekilde devam etmelidir. Arka planda Kapadokya'nın gerçek topoğrafyası yer almalıdır. Ön planda ana kültürel motifler açık şekilde görünmelidir. Orta planda Kapadokya'nın doğal ve tarihi çevresi yer almalıdır. Arka planda bölgenin gerçek topoğrafyası korunmalıdır. Kompozisyon doğal perspektife sahip olmalıdır. Fotoğraf gerçek bir insan tarafından çekilmiş hissi vermelidir. gerçek belgesel fotoğrafı, National Geographic tarzı, fotoğraf gerçekçiliği, yüksek dinamik aralık, gerçekçi ışık, gerçekçi gölgeler, 35mm DSLR, RAW fotoğraf, yüksek çözünürlük, keskin odak, yüksek ayrıntı, gerçek malzeme dokuları, doğal renkler belgesel fotoğrafçılığı, National Geographic kalitesi, ultra gerçekçi, profesyonel DSLR fotoğrafı, 35mm lens, RAW fotoğraf, yüksek dinamik aralık, doğal renkler, gerçekçi ışıklandırma, keskin odak, yüksek ayrıntı, gerçekçi malzeme dokuları, doğal gölgeler, fotoğraf gerçekçiliği, yüksek çözünürlük Kesinlikle fantastik öğe bulunmamalıdır. Modern mimari kullanılmamalıdır. Yapay görünen nesneler bulunmamalıdır. Fotoğraf gerçek bir belgesel fotoğrafçısı tarafından çekilmiş hissi vermelidir.;Create an ultra realistic documentary style photograph captured in Cappadocia. Theme: Kapadokya'da yaşayan insanların doğal günlük yaşamı, yerel Anadolu kültürü, geleneksel yaşam biçimi, otantik sosyal ortam, gerçek yaşam sahnesi, yaşayan kültürel miras Location: Kapadokya Main cultural elements: geleneksel taş evler, Anadolu taş mimarisi, tarihi taş yapılar Unknown Season: doğal gün ışığı The scene must faithfully represent the authentic cultural identity of Cappadocia. The foreground should clearly emphasize the main cultural elements. The middle ground should naturally continue with the historical environment. The background should preserve the real geography of Cappadocia. Ön planda ana kültürel motifler açık şekilde görünmelidir. Orta planda Kapadokya'nın doğal ve tarihi çevresi yer almalıdır. Arka planda bölgenin gerçek topoğrafyası korunmalıdır. Kompozisyon doğal perspektife sahip olmalıdır. Fotoğraf gerçek bir insan tarafından çekilmiş hissi vermelidir. gerçek belgesel fotoğrafı, National Geographic tarzı, fotoğraf gerçekçiliği, yüksek dinamik aralık, gerçekçi ışık, gerçekçi gölgeler, 35mm DSLR, RAW fotoğraf, yüksek çözünürlük, keskin odak, yüksek ayrıntı, gerçek malzeme dokuları, doğal renkler belgesel fotoğrafçılığı, National Geographic kalitesi, ultra gerçekçi, profesyonel DSLR fotoğrafı, 35mm lens, RAW fotoğraf, yüksek dinamik aralık, doğal renkler, gerçekçi ışıklandırma, keskin odak, yüksek ayrıntı, gerçekçi malzeme dokuları, doğal gölgeler, fotoğraf gerçekçiliği, yüksek çözünürlük No fantasy elements. No futuristic buildings. No modern architecture. No artificial looking objects. The final image should resemble a professional National Geographic documentary photograph.;200;214;200;214
CHRD_REAL_0115;CHRD_REAL_0115.jpeg;Daily Life;Unknown;Stone House;Unknown;Unknown;No;;Medium;;Kapadokya'da geçen son derece gerçekçi bir belgesel fotoğrafı oluştur. Tema: Kapadokya'da yaşayan insanların doğal günlük yaşamı, yerel Anadolu kültürü, geleneksel yaşam biçimi, otantik sosyal ortam, gerçek yaşam sahnesi, yaşayan kültürel miras Konum: Kapadokya Ana kültürel motifler: geleneksel taş evler, Anadolu taş mimarisi, tarihi taş yapılar Unknown Mevsim: doğal gün ışığı Sahne tamamen Kapadokya'nın gerçek kültürel kimliğini yansıtmalıdır. Ön planda ana kültürel motifler açık şekilde görünmelidir. Orta planda tarihi çevre doğal şekilde devam etmelidir. Arka planda Kapadokya'nın gerçek topoğrafyası yer almalıdır. Ön planda ana kültürel motifler açık şekilde görünmelidir. Orta planda Kapadokya'nın doğal ve tarihi çevresi yer almalıdır. Arka planda bölgenin gerçek topoğrafyası korunmalıdır. Kompozisyon doğal perspektife sahip olmalıdır. Fotoğraf gerçek bir insan tarafından çekilmiş hissi vermelidir. gerçek belgesel fotoğrafı, National Geographic tarzı, fotoğraf gerçekçiliği, yüksek dinamik aralık, gerçekçi ışık, gerçekçi gölgeler, 35mm DSLR, RAW fotoğraf, yüksek çözünürlük, keskin odak, yüksek ayrıntı, gerçek malzeme dokuları, doğal renkler belgesel fotoğrafçılığı, National Geographic kalitesi, ultra gerçekçi, profesyonel DSLR fotoğrafı, 35mm lens, RAW fotoğraf, yüksek dinamik aralık, doğal renkler, gerçekçi ışıklandırma, keskin odak, yüksek ayrıntı, gerçekçi malzeme dokuları, doğal gölgeler, fotoğraf gerçekçiliği, yüksek çözünürlük Kesinlikle fantastik öğe bulunmamalıdır. Modern mimari kullanılmamalıdır. Yapay görünen nesneler bulunmamalıdır. Fotoğraf gerçek bir belgesel fotoğrafçısı tarafından çekilmiş hissi vermelidir.;Create an ultra realistic documentary style photograph captured in Cappadocia. Theme: Kapadokya'da yaşayan insanların doğal günlük yaşamı, yerel Anadolu kültürü, geleneksel yaşam biçimi, otantik sosyal ortam, gerçek yaşam sahnesi, yaşayan kültürel miras Location: Kapadokya Main cultural elements: geleneksel taş evler, Anadolu taş mimarisi, tarihi taş yapılar Unknown Season: doğal gün ışığı The scene must faithfully represent the authentic cultural identity of Cappadocia. The foreground should clearly emphasize the main cultural elements. The middle ground should naturally continue with the historical environment. The background should preserve the real geography of Cappadocia. Ön planda ana kültürel motifler açık şekilde görünmelidir. Orta planda Kapadokya'nın doğal ve tarihi çevresi yer almalıdır. Arka planda bölgenin gerçek topoğrafyası korunmalıdır. Kompozisyon doğal perspektife sahip olmalıdır. Fotoğraf gerçek bir insan tarafından çekilmiş hissi vermelidir. gerçek belgesel fotoğrafı, National Geographic tarzı, fotoğraf gerçekçiliği, yüksek dinamik aralık, gerçekçi ışık, gerçekçi gölgeler, 35mm DSLR, RAW fotoğraf, yüksek çözünürlük, keskin odak, yüksek ayrıntı, gerçek malzeme dokuları, doğal renkler belgesel fotoğrafçılığı, National Geographic kalitesi, ultra gerçekçi, profesyonel DSLR fotoğrafı, 35mm lens, RAW fotoğraf, yüksek dinamik aralık, doğal renkler, gerçekçi ışıklandırma, keskin odak, yüksek ayrıntı, gerçekçi malzeme dokuları, doğal gölgeler, fotoğraf gerçekçiliği, yüksek çözünürlük No fantasy elements. No futuristic buildings. No modern architecture. No artificial looking objects. The final image should resemble a professional National Geographic documentary photograph.;200;214;200;214
CHRD_REAL_0116;CHRD_REAL_0116.jpeg;Local Architecture;Unknown;Fairy Chimney;Landscape;Unknown;No;;Medium;;Kapadokya'da geçen son derece gerçekçi bir belgesel fotoğrafı oluştur. Tema: Kapadokya taş mimarisi, geleneksel kaya evleri, taş yapılar, Anadolu mimarisi, korunmuş tarihi yapılar, otantik kültürel mimari Konum: Kapadokya Ana kültürel motifler: Kapadokya'ya özgü peri bacaları, volkanik kaya oluşumları, doğal jeolojik yapı, ikonik Kapadokya manzarası Kapadokya doğal manzarası, geniş açık arazi, otantik doğa görünümü Mevsim: doğal gün ışığı Sahne tamamen Kapadokya'nın gerçek kültürel kimliğini yansıtmalıdır. Ön planda ana kültürel motifler açık şekilde görünmelidir. Orta planda tarihi çevre doğal şekilde devam etmelidir. Arka planda Kapadokya'nın gerçek topoğrafyası yer almalıdır. Ön planda ana kültürel motifler açık şekilde görünmelidir. Orta planda Kapadokya'nın doğal ve tarihi çevresi yer almalıdır. Arka planda bölgenin gerçek topoğrafyası korunmalıdır. Kompozisyon doğal perspektife sahip olmalıdır. Fotoğraf gerçek bir insan tarafından çekilmiş hissi vermelidir. gerçek belgesel fotoğrafı, National Geographic tarzı, fotoğraf gerçekçiliği, yüksek dinamik aralık, gerçekçi ışık, gerçekçi gölgeler, 35mm DSLR, RAW fotoğraf, yüksek çözünürlük, keskin odak, yüksek ayrıntı, gerçek malzeme dokuları, doğal renkler belgesel fotoğrafçılığı, National Geographic kalitesi, ultra gerçekçi, profesyonel DSLR fotoğrafı, 35mm lens, RAW fotoğraf, yüksek dinamik aralık, doğal renkler, gerçekçi ışıklandırma, keskin odak, yüksek ayrıntı, gerçekçi malzeme dokuları, doğal gölgeler, fotoğraf gerçekçiliği, yüksek çözünürlük Kesinlikle fantastik öğe bulunmamalıdır. Modern mimari kullanılmamalıdır. Yapay görünen nesneler bulunmamalıdır. Fotoğraf gerçek bir belgesel fotoğrafçısı tarafından çekilmiş hissi vermelidir.;Create an ultra realistic documentary style photograph captured in Cappadocia. Theme: Kapadokya taş mimarisi, geleneksel kaya evleri, taş yapılar, Anadolu mimarisi, korunmuş tarihi yapılar, otantik kültürel mimari Location: Kapadokya Main cultural elements: Kapadokya'ya özgü peri bacaları, volkanik kaya oluşumları, doğal jeolojik yapı, ikonik Kapadokya manzarası Kapadokya doğal manzarası, geniş açık arazi, otantik doğa görünümü Season: doğal gün ışığı The scene must faithfully represent the authentic cultural identity of Cappadocia. The foreground should clearly emphasize the main cultural elements. The middle ground should naturally continue with the historical environment. The background should preserve the real geography of Cappadocia. Ön planda ana kültürel motifler açık şekilde görünmelidir. Orta planda Kapadokya'nın doğal ve tarihi çevresi yer almalıdır. Arka planda bölgenin gerçek topoğrafyası korunmalıdır. Kompozisyon doğal perspektife sahip olmalıdır. Fotoğraf gerçek bir insan tarafından çekilmiş hissi vermelidir. gerçek belgesel fotoğrafı, National Geographic tarzı, fotoğraf gerçekçiliği, yüksek dinamik aralık, gerçekçi ışık, gerçekçi gölgeler, 35mm DSLR, RAW fotoğraf, yüksek çözünürlük, keskin odak, yüksek ayrıntı, gerçek malzeme dokuları, doğal renkler belgesel fotoğrafçılığı, National Geographic kalitesi, ultra gerçekçi, profesyonel DSLR fotoğrafı, 35mm lens, RAW fotoğraf, yüksek dinamik aralık, doğal renkler, gerçekçi ışıklandırma, keskin odak, yüksek ayrıntı, gerçekçi malzeme dokuları, doğal gölgeler, fotoğraf gerçekçiliği, yüksek çözünürlük No fantasy elements. No futuristic buildings. No modern architecture. No artificial looking objects. The final image should resemble a professional National Geographic documentary photograph.;207;221;207;221
CHRD_REAL_0117;CHRD_REAL_0117.jpeg;Daily Life;Ürgüp Öğretmen Evi;Stone House;Unknown;Unknown;No;;Low;;Kapadokya'da geçen son derece gerçekçi bir belgesel fotoğrafı oluştur. Tema: Kapadokya'da yaşayan insanların doğal günlük yaşamı, yerel Anadolu kültürü, geleneksel yaşam biçimi, otantik sosyal ortam, gerçek yaşam sahnesi, yaşayan kültürel miras Konum: Ürgüp Öğretmen Evi Ana kültürel motifler: geleneksel taş evler, Anadolu taş mimarisi, tarihi taş yapılar Unknown Mevsim: doğal gün ışığı Sahne tamamen Kapadokya'nın gerçek kültürel kimliğini yansıtmalıdır. Ön planda ana kültürel motifler açık şekilde görünmelidir. Orta planda tarihi çevre doğal şekilde devam etmelidir. Arka planda Kapadokya'nın gerçek topoğrafyası yer almalıdır. Ön planda ana kültürel motifler açık şekilde görünmelidir. Orta planda Kapadokya'nın doğal ve tarihi çevresi yer almalıdır. Arka planda bölgenin gerçek topoğrafyası korunmalıdır. Kompozisyon doğal perspektife sahip olmalıdır. Fotoğraf gerçek bir insan tarafından çekilmiş hissi vermelidir. gerçek belgesel fotoğrafı, National Geographic tarzı, fotoğraf gerçekçiliği, yüksek dinamik aralık, gerçekçi ışık, gerçekçi gölgeler, 35mm DSLR, RAW fotoğraf, yüksek çözünürlük, keskin odak, yüksek ayrıntı, gerçek malzeme dokuları, doğal renkler belgesel fotoğrafçılığı, National Geographic kalitesi, ultra gerçekçi, profesyonel DSLR fotoğrafı, 35mm lens, RAW fotoğraf, yüksek dinamik aralık, doğal renkler, gerçekçi ışıklandırma, keskin odak, yüksek ayrıntı, gerçekçi malzeme dokuları, doğal gölgeler, fotoğraf gerçekçiliği, yüksek çözünürlük Kesinlikle fantastik öğe bulunmamalıdır. Modern mimari kullanılmamalıdır. Yapay görünen nesneler bulunmamalıdır. Fotoğraf gerçek bir belgesel fotoğrafçısı tarafından çekilmiş hissi vermelidir.;Create an ultra realistic documentary style photograph captured in Cappadocia. Theme: Kapadokya'da yaşayan insanların doğal günlük yaşamı, yerel Anadolu kültürü, geleneksel yaşam biçimi, otantik sosyal ortam, gerçek yaşam sahnesi, yaşayan kültürel miras Location: Ürgüp Öğretmen Evi Main cultural elements: geleneksel taş evler, Anadolu taş mimarisi, tarihi taş yapılar Unknown Season: doğal gün ışığı The scene must faithfully represent the authentic cultural identity of Cappadocia. The foreground should clearly emphasize the main cultural elements. The middle ground should naturally continue with the historical environment. The background should preserve the real geography of Cappadocia. Ön planda ana kültürel motifler açık şekilde görünmelidir. Orta planda Kapadokya'nın doğal ve tarihi çevresi yer almalıdır. Arka planda bölgenin gerçek topoğrafyası korunmalıdır. Kompozisyon doğal perspektife sahip olmalıdır. Fotoğraf gerçek bir insan tarafından çekilmiş hissi vermelidir. gerçek belgesel fotoğrafı, National Geographic tarzı, fotoğraf gerçekçiliği, yüksek dinamik aralık, gerçekçi ışık, gerçekçi gölgeler, 35mm DSLR, RAW fotoğraf, yüksek çözünürlük, keskin odak, yüksek ayrıntı, gerçek malzeme dokuları, doğal renkler belgesel fotoğrafçılığı, National Geographic kalitesi, ultra gerçekçi, profesyonel DSLR fotoğrafı, 35mm lens, RAW fotoğraf, yüksek dinamik aralık, doğal renkler, gerçekçi ışıklandırma, keskin odak, yüksek ayrıntı, gerçekçi malzeme dokuları, doğal gölgeler, fotoğraf gerçekçiliği, yüksek çözünürlük No fantasy elements. No futuristic buildings. No modern architecture. No artificial looking objects. The final image should resemble a professional National Geographic documentary photograph.;202;216;202;216
CHRD_REAL_0118;CHRD_REAL_0118.jpeg;Natural Landscape;Unknown;trees;Landscape;Summer;No;;Low;;Kapadokya'da geçen son derece gerçekçi bir belgesel fotoğrafı oluştur. Tema: Kapadokya'nın doğal manzarası, vadiler, volkanik kaya oluşumları, peri bacaları, geniş gökyüzü, otantik doğal çevre Konum: Kapadokya Ana kültürel motifler: trees Kapadokya doğal manzarası, geniş açık arazi, otantik doğa görünümü Mevsim: parlak yaz sabahı Sahne tamamen Kapadokya'nın gerçek kültürel kimliğini yansıtmalıdır. Ön planda ana kültürel motifler açık şekilde görünmelidir. Orta planda tarihi çevre doğal şekilde devam etmelidir. Arka planda Kapadokya'nın gerçek topoğrafyası yer almalıdır. Ön planda ana kültürel motifler açık şekilde görünmelidir. Orta planda Kapadokya'nın doğal ve tarihi çevresi yer almalıdır. Arka planda bölgenin gerçek topoğrafyası korunmalıdır. Kompozisyon doğal perspektife sahip olmalıdır. Fotoğraf gerçek bir insan tarafından çekilmiş hissi vermelidir. gerçek belgesel fotoğrafı, National Geographic tarzı, fotoğraf gerçekçiliği, yüksek dinamik aralık, gerçekçi ışık, gerçekçi gölgeler, 35mm DSLR, RAW fotoğraf, yüksek çözünürlük, keskin odak, yüksek ayrıntı, gerçek malzeme dokuları, doğal renkler belgesel fotoğrafçılığı, National Geographic kalitesi, ultra gerçekçi, profesyonel DSLR fotoğrafı, 35mm lens, RAW fotoğraf, yüksek dinamik aralık, doğal renkler, gerçekçi ışıklandırma, keskin odak, yüksek ayrıntı, gerçekçi malzeme dokuları, doğal gölgeler, fotoğraf gerçekçiliği, yüksek çözünürlük Kesinlikle fantastik öğe bulunmamalıdır. Modern mimari kullanılmamalıdır. Yapay görünen nesneler bulunmamalıdır. Fotoğraf gerçek bir belgesel fotoğrafçısı tarafından çekilmiş hissi vermelidir.;Create an ultra realistic documentary style photograph captured in Cappadocia. Theme: Kapadokya'nın doğal manzarası, vadiler, volkanik kaya oluşumları, peri bacaları, geniş gökyüzü, otantik doğal çevre Location: Kapadokya Main cultural elements: trees Kapadokya doğal manzarası, geniş açık arazi, otantik doğa görünümü Season: parlak yaz sabahı The scene must faithfully represent the authentic cultural identity of Cappadocia. The foreground should clearly emphasize the main cultural elements. The middle ground should naturally continue with the historical environment. The background should preserve the real geography of Cappadocia. Ön planda ana kültürel motifler açık şekilde görünmelidir. Orta planda Kapadokya'nın doğal ve tarihi çevresi yer almalıdır. Arka planda bölgenin gerçek topoğrafyası korunmalıdır. Kompozisyon doğal perspektife sahip olmalıdır. Fotoğraf gerçek bir insan tarafından çekilmiş hissi vermelidir. gerçek belgesel fotoğrafı, National Geographic tarzı, fotoğraf gerçekçiliği, yüksek dinamik aralık, gerçekçi ışık, gerçekçi gölgeler, 35mm DSLR, RAW fotoğraf, yüksek çözünürlük, keskin odak, yüksek ayrıntı, gerçek malzeme dokuları, doğal renkler belgesel fotoğrafçılığı, National Geographic kalitesi, ultra gerçekçi, profesyonel DSLR fotoğrafı, 35mm lens, RAW fotoğraf, yüksek dinamik aralık, doğal renkler, gerçekçi ışıklandırma, keskin odak, yüksek ayrıntı, gerçekçi malzeme dokuları, doğal gölgeler, fotoğraf gerçekçiliği, yüksek çözünürlük No fantasy elements. No futuristic buildings. No modern architecture. No artificial looking objects. The final image should resemble a professional National Geographic documentary photograph.;193;207;193;207
CHRD_REAL_0120;CHRD_REAL_0120.jpeg;Natural Landscape;Unknown;Valley;Sunrise;Unknown;No;;Low;;Kapadokya'da geçen son derece gerçekçi bir belgesel fotoğrafı oluştur. Tema: Kapadokya'nın doğal manzarası, vadiler, volkanik kaya oluşumları, peri bacaları, geniş gökyüzü, otantik doğal çevre Konum: Kapadokya Ana kültürel motifler: Kapadokya vadisi, geniş kaya vadisi, doğal arazi gün doğumu, altın saat ışıkları, doğal sabah ışığı Mevsim: doğal gün ışığı Sahne tamamen Kapadokya'nın gerçek kültürel kimliğini yansıtmalıdır. Ön planda ana kültürel motifler açık şekilde görünmelidir. Orta planda tarihi çevre doğal şekilde devam etmelidir. Arka planda Kapadokya'nın gerçek topoğrafyası yer almalıdır. Ön planda ana kültürel motifler açık şekilde görünmelidir. Orta planda Kapadokya'nın doğal ve tarihi çevresi yer almalıdır. Arka planda bölgenin gerçek topoğrafyası korunmalıdır. Kompozisyon doğal perspektife sahip olmalıdır. Fotoğraf gerçek bir insan tarafından çekilmiş hissi vermelidir. gerçek belgesel fotoğrafı, National Geographic tarzı, fotoğraf gerçekçiliği, yüksek dinamik aralık, gerçekçi ışık, gerçekçi gölgeler, 35mm DSLR, RAW fotoğraf, yüksek çözünürlük, keskin odak, yüksek ayrıntı, gerçek malzeme dokuları, doğal renkler belgesel fotoğrafçılığı, National Geographic kalitesi, ultra gerçekçi, profesyonel DSLR fotoğrafı, 35mm lens, RAW fotoğraf, yüksek dinamik aralık, doğal renkler, gerçekçi ışıklandırma, keskin odak, yüksek ayrıntı, gerçekçi malzeme dokuları, doğal gölgeler, fotoğraf gerçekçiliği, yüksek çözünürlük Kesinlikle fantastik öğe bulunmamalıdır. Modern mimari kullanılmamalıdır. Yapay görünen nesneler bulunmamalıdır. Fotoğraf gerçek bir belgesel fotoğrafçısı tarafından çekilmiş hissi vermelidir.;Create an ultra realistic documentary style photograph captured in Cappadocia. Theme: Kapadokya'nın doğal manzarası, vadiler, volkanik kaya oluşumları, peri bacaları, geniş gökyüzü, otantik doğal çevre Location: Kapadokya Main cultural elements: Kapadokya vadisi, geniş kaya vadisi, doğal arazi gün doğumu, altın saat ışıkları, doğal sabah ışığı Season: doğal gün ışığı The scene must faithfully represent the authentic cultural identity of Cappadocia. The foreground should clearly emphasize the main cultural elements. The middle ground should naturally continue with the historical environment. The background should preserve the real geography of Cappadocia. Ön planda ana kültürel motifler açık şekilde görünmelidir. Orta planda Kapadokya'nın doğal ve tarihi çevresi yer almalıdır. Arka planda bölgenin gerçek topoğrafyası korunmalıdır. Kompozisyon doğal perspektife sahip olmalıdır. Fotoğraf gerçek bir insan tarafından çekilmiş hissi vermelidir. gerçek belgesel fotoğrafı, National Geographic tarzı, fotoğraf gerçekçiliği, yüksek dinamik aralık, gerçekçi ışık, gerçekçi gölgeler, 35mm DSLR, RAW fotoğraf, yüksek çözünürlük, keskin odak, yüksek ayrıntı, gerçek malzeme dokuları, doğal renkler belgesel fotoğrafçılığı, National Geographic kalitesi, ultra gerçekçi, profesyonel DSLR fotoğrafı, 35mm lens, RAW fotoğraf, yüksek dinamik aralık, doğal renkler, gerçekçi ışıklandırma, keskin odak, yüksek ayrıntı, gerçekçi malzeme dokuları, doğal gölgeler, fotoğraf gerçekçiliği, yüksek çözünürlük No fantasy elements. No futuristic buildings. No modern architecture. No artificial looking objects. The final image should resemble a professional National Geographic documentary photograph.;198;212;198;212
CHRD_REAL_0121;CHRD_REAL_0121.jpeg;Fairy Chimney;Unknown;Fairy Chimney;cave house;Unknown;No;;High;;Kapadokya'da geçen son derece gerçekçi bir belgesel fotoğrafı oluştur. Tema: Fairy Chimney Konum: Kapadokya Ana kültürel motifler: Kapadokya'ya özgü peri bacaları, volkanik kaya oluşumları, doğal jeolojik yapı, ikonik Kapadokya manzarası cave house Mevsim: doğal gün ışığı Sahne tamamen Kapadokya'nın gerçek kültürel kimliğini yansıtmalıdır. Ön planda ana kültürel motifler açık şekilde görünmelidir. Orta planda tarihi çevre doğal şekilde devam etmelidir. Arka planda Kapadokya'nın gerçek topoğrafyası yer almalıdır. Ön planda ana kültürel motifler açık şekilde görünmelidir. Orta planda Kapadokya'nın doğal ve tarihi çevresi yer almalıdır. Arka planda bölgenin gerçek topoğrafyası korunmalıdır. Kompozisyon doğal perspektife sahip olmalıdır. Fotoğraf gerçek bir insan tarafından çekilmiş hissi vermelidir. gerçek belgesel fotoğrafı, National Geographic tarzı, fotoğraf gerçekçiliği, yüksek dinamik aralık, gerçekçi ışık, gerçekçi gölgeler, 35mm DSLR, RAW fotoğraf, yüksek çözünürlük, keskin odak, yüksek ayrıntı, gerçek malzeme dokuları, doğal renkler belgesel fotoğrafçılığı, National Geographic kalitesi, ultra gerçekçi, profesyonel DSLR fotoğrafı, 35mm lens, RAW fotoğraf, yüksek dinamik aralık, doğal renkler, gerçekçi ışıklandırma, keskin odak, yüksek ayrıntı, gerçekçi malzeme dokuları, doğal gölgeler, fotoğraf gerçekçiliği, yüksek çözünürlük Kesinlikle fantastik öğe bulunmamalıdır. Modern mimari kullanılmamalıdır. Yapay görünen nesneler bulunmamalıdır. Fotoğraf gerçek bir belgesel fotoğrafçısı tarafından çekilmiş hissi vermelidir.;Create an ultra realistic documentary style photograph captured in Cappadocia. Theme: Fairy Chimney Location: Kapadokya Main cultural elements: Kapadokya'ya özgü peri bacaları, volkanik kaya oluşumları, doğal jeolojik yapı, ikonik Kapadokya manzarası cave house Season: doğal gün ışığı The scene must faithfully represent the authentic cultural identity of Cappadocia. The foreground should clearly emphasize the main cultural elements. The middle ground should naturally continue with the historical environment. The background should preserve the real geography of Cappadocia. Ön planda ana kültürel motifler açık şekilde görünmelidir. Orta planda Kapadokya'nın doğal ve tarihi çevresi yer almalıdır. Arka planda bölgenin gerçek topoğrafyası korunmalıdır. Kompozisyon doğal perspektife sahip olmalıdır. Fotoğraf gerçek bir insan tarafından çekilmiş hissi vermelidir. gerçek belgesel fotoğrafı, National Geographic tarzı, fotoğraf gerçekçiliği, yüksek dinamik aralık, gerçekçi ışık, gerçekçi gölgeler, 35mm DSLR, RAW fotoğraf, yüksek çözünürlük, keskin odak, yüksek ayrıntı, gerçek malzeme dokuları, doğal renkler belgesel fotoğrafçılığı, National Geographic kalitesi, ultra gerçekçi, profesyonel DSLR fotoğrafı, 35mm lens, RAW fotoğraf, yüksek dinamik aralık, doğal renkler, gerçekçi ışıklandırma, keskin odak, yüksek ayrıntı, gerçekçi malzeme dokuları, doğal gölgeler, fotoğraf gerçekçiliği, yüksek çözünürlük No fantasy elements. No futuristic buildings. No modern architecture. No artificial looking objects. The final image should resemble a professional National Geographic documentary photograph.;186;200;186;200
CHRD_REAL_0122;CHRD_REAL_0122.jpeg;Village Square;Ürgüp;snow;Street;winter;No;;Low;;Kapadokya'da geçen son derece gerçekçi bir belgesel fotoğrafı oluştur. Tema: Kapadokya köy meydanı, tarihi taş sokaklar, yerel mahalle yaşamı, geleneksel Anadolu yerleşimi, otantik köy atmosferi, kültürel yaşam alanı Konum: Ürgüp, tarihi taş evler, geleneksel Kapadokya yerleşimi, dar taş sokaklar, otantik Anadolu mimarisi Ana kültürel motifler: snow tarihi taş sokak, otantik Kapadokya yolu, geleneksel mahalle yolu Mevsim: Sahne tamamen Kapadokya'nın gerçek kültürel kimliğini yansıtmalıdır. Ön planda ana kültürel motifler açık şekilde görünmelidir. Orta planda tarihi çevre doğal şekilde devam etmelidir. Arka planda Kapadokya'nın gerçek topoğrafyası yer almalıdır. Ön planda ana kültürel motifler açık şekilde görünmelidir. Orta planda Kapadokya'nın doğal ve tarihi çevresi yer almalıdır. Arka planda bölgenin gerçek topoğrafyası korunmalıdır. Kompozisyon doğal perspektife sahip olmalıdır. Fotoğraf gerçek bir insan tarafından çekilmiş hissi vermelidir. gerçek belgesel fotoğrafı, National Geographic tarzı, fotoğraf gerçekçiliği, yüksek dinamik aralık, gerçekçi ışık, gerçekçi gölgeler, 35mm DSLR, RAW fotoğraf, yüksek çözünürlük, keskin odak, yüksek ayrıntı, gerçek malzeme dokuları, doğal renkler belgesel fotoğrafçılığı, National Geographic kalitesi, ultra gerçekçi, profesyonel DSLR fotoğrafı, 35mm lens, RAW fotoğraf, yüksek dinamik aralık, doğal renkler, gerçekçi ışıklandırma, keskin odak, yüksek ayrıntı, gerçekçi malzeme dokuları, doğal gölgeler, fotoğraf gerçekçiliği, yüksek çözünürlük Kesinlikle fantastik öğe bulunmamalıdır. Modern mimari kullanılmamalıdır. Yapay görünen nesneler bulunmamalıdır. Fotoğraf gerçek bir belgesel fotoğrafçısı tarafından çekilmiş hissi vermelidir.;Create an ultra realistic documentary style photograph captured in Cappadocia. Theme: Kapadokya köy meydanı, tarihi taş sokaklar, yerel mahalle yaşamı, geleneksel Anadolu yerleşimi, otantik köy atmosferi, kültürel yaşam alanı Location: Ürgüp, tarihi taş evler, geleneksel Kapadokya yerleşimi, dar taş sokaklar, otantik Anadolu mimarisi Main cultural elements: snow tarihi taş sokak, otantik Kapadokya yolu, geleneksel mahalle yolu Season: The scene must faithfully represent the authentic cultural identity of Cappadocia. The foreground should clearly emphasize the main cultural elements. The middle ground should naturally continue with the historical environment. The background should preserve the real geography of Cappadocia. Ön planda ana kültürel motifler açık şekilde görünmelidir. Orta planda Kapadokya'nın doğal ve tarihi çevresi yer almalıdır. Arka planda bölgenin gerçek topoğrafyası korunmalıdır. Kompozisyon doğal perspektife sahip olmalıdır. Fotoğraf gerçek bir insan tarafından çekilmiş hissi vermelidir. gerçek belgesel fotoğrafı, National Geographic tarzı, fotoğraf gerçekçiliği, yüksek dinamik aralık, gerçekçi ışık, gerçekçi gölgeler, 35mm DSLR, RAW fotoğraf, yüksek çözünürlük, keskin odak, yüksek ayrıntı, gerçek malzeme dokuları, doğal renkler belgesel fotoğrafçılığı, National Geographic kalitesi, ultra gerçekçi, profesyonel DSLR fotoğrafı, 35mm lens, RAW fotoğraf, yüksek dinamik aralık, doğal renkler, gerçekçi ışıklandırma, keskin odak, yüksek ayrıntı, gerçekçi malzeme dokuları, doğal gölgeler, fotoğraf gerçekçiliği, yüksek çözünürlük No fantasy elements. No futuristic buildings. No modern architecture. No artificial looking objects. The final image should resemble a professional National Geographic documentary photograph.;206;220;206;220
CHRD_REAL_0123;CHRD_REAL_0123.jpeg;Local Architecture;Derinkuyu;Church;Museum;Unknown;No;;Low;;Kapadokya'da geçen son derece gerçekçi bir belgesel fotoğrafı oluştur. Tema: Kapadokya taş mimarisi, geleneksel kaya evleri, taş yapılar, Anadolu mimarisi, korunmuş tarihi yapılar, otantik kültürel mimari Konum: Derinkuyu, yeraltı şehri, tarihi kaya yapıları, antik yaşam alanları Ana kültürel motifler: tarihi kaya kilisesi, Bizans dönemi kaya kilisesi, otantik dini mimari yerel kültür müzesi, tarihi eser koleksiyonu, kültürel miras müzesi Mevsim: doğal gün ışığı Sahne tamamen Kapadokya'nın gerçek kültürel kimliğini yansıtmalıdır. Ön planda ana kültürel motifler açık şekilde görünmelidir. Orta planda tarihi çevre doğal şekilde devam etmelidir. Arka planda Kapadokya'nın gerçek topoğrafyası yer almalıdır. Ön planda ana kültürel motifler açık şekilde görünmelidir. Orta planda Kapadokya'nın doğal ve tarihi çevresi yer almalıdır. Arka planda bölgenin gerçek topoğrafyası korunmalıdır. Kompozisyon doğal perspektife sahip olmalıdır. Fotoğraf gerçek bir insan tarafından çekilmiş hissi vermelidir. gerçek belgesel fotoğrafı, National Geographic tarzı, fotoğraf gerçekçiliği, yüksek dinamik aralık, gerçekçi ışık, gerçekçi gölgeler, 35mm DSLR, RAW fotoğraf, yüksek çözünürlük, keskin odak, yüksek ayrıntı, gerçek malzeme dokuları, doğal renkler belgesel fotoğrafçılığı, National Geographic kalitesi, ultra gerçekçi, profesyonel DSLR fotoğrafı, 35mm lens, RAW fotoğraf, yüksek dinamik aralık, doğal renkler, gerçekçi ışıklandırma, keskin odak, yüksek ayrıntı, gerçekçi malzeme dokuları, doğal gölgeler, fotoğraf gerçekçiliği, yüksek çözünürlük Kesinlikle fantastik öğe bulunmamalıdır. Modern mimari kullanılmamalıdır. Yapay görünen nesneler bulunmamalıdır. Fotoğraf gerçek bir belgesel fotoğrafçısı tarafından çekilmiş hissi vermelidir.;Create an ultra realistic documentary style photograph captured in Cappadocia. Theme: Kapadokya taş mimarisi, geleneksel kaya evleri, taş yapılar, Anadolu mimarisi, korunmuş tarihi yapılar, otantik kültürel mimari Location: Derinkuyu, yeraltı şehri, tarihi kaya yapıları, antik yaşam alanları Main cultural elements: tarihi kaya kilisesi, Bizans dönemi kaya kilisesi, otantik dini mimari yerel kültür müzesi, tarihi eser koleksiyonu, kültürel miras müzesi Season: doğal gün ışığı The scene must faithfully represent the authentic cultural identity of Cappadocia. The foreground should clearly emphasize the main cultural elements. The middle ground should naturally continue with the historical environment. The background should preserve the real geography of Cappadocia. Ön planda ana kültürel motifler açık şekilde görünmelidir. Orta planda Kapadokya'nın doğal ve tarihi çevresi yer almalıdır. Arka planda bölgenin gerçek topoğrafyası korunmalıdır. Kompozisyon doğal perspektife sahip olmalıdır. Fotoğraf gerçek bir insan tarafından çekilmiş hissi vermelidir. gerçek belgesel fotoğrafı, National Geographic tarzı, fotoğraf gerçekçiliği, yüksek dinamik aralık, gerçekçi ışık, gerçekçi gölgeler, 35mm DSLR, RAW fotoğraf, yüksek çözünürlük, keskin odak, yüksek ayrıntı, gerçek malzeme dokuları, doğal renkler belgesel fotoğrafçılığı, National Geographic kalitesi, ultra gerçekçi, profesyonel DSLR fotoğrafı, 35mm lens, RAW fotoğraf, yüksek dinamik aralık, doğal renkler, gerçekçi ışıklandırma, keskin odak, yüksek ayrıntı, gerçekçi malzeme dokuları, doğal gölgeler, fotoğraf gerçekçiliği, yüksek çözünürlük No fantasy elements. No futuristic buildings. No modern architecture. No artificial looking objects. The final image should resemble a professional National Geographic documentary photograph.;212;226;212;226
CHRD_REAL_0124;CHRD_REAL_0124.jpeg;Local Architecture;Mustafapaşa;Stone House;Unknown;Unknown;No;;Low;;Kapadokya'da geçen son derece gerçekçi bir belgesel fotoğrafı oluştur. Tema: Kapadokya taş mimarisi, geleneksel kaya evleri, taş yapılar, Anadolu mimarisi, korunmuş tarihi yapılar, otantik kültürel mimari Konum: Mustafapaşa, eski Rum taş konakları, tarihi sokaklar, geleneksel Kapadokya mimarisi Ana kültürel motifler: geleneksel taş evler, Anadolu taş mimarisi, tarihi taş yapılar Unknown Mevsim: doğal gün ışığı Sahne tamamen Kapadokya'nın gerçek kültürel kimliğini yansıtmalıdır. Ön planda ana kültürel motifler açık şekilde görünmelidir. Orta planda tarihi çevre doğal şekilde devam etmelidir. Arka planda Kapadokya'nın gerçek topoğrafyası yer almalıdır. Ön planda ana kültürel motifler açık şekilde görünmelidir. Orta planda Kapadokya'nın doğal ve tarihi çevresi yer almalıdır. Arka planda bölgenin gerçek topoğrafyası korunmalıdır. Kompozisyon doğal perspektife sahip olmalıdır. Fotoğraf gerçek bir insan tarafından çekilmiş hissi vermelidir. gerçek belgesel fotoğrafı, National Geographic tarzı, fotoğraf gerçekçiliği, yüksek dinamik aralık, gerçekçi ışık, gerçekçi gölgeler, 35mm DSLR, RAW fotoğraf, yüksek çözünürlük, keskin odak, yüksek ayrıntı, gerçek malzeme dokuları, doğal renkler belgesel fotoğrafçılığı, National Geographic kalitesi, ultra gerçekçi, profesyonel DSLR fotoğrafı, 35mm lens, RAW fotoğraf, yüksek dinamik aralık, doğal renkler, gerçekçi ışıklandırma, keskin odak, yüksek ayrıntı, gerçekçi malzeme dokuları, doğal gölgeler, fotoğraf gerçekçiliği, yüksek çözünürlük Kesinlikle fantastik öğe bulunmamalıdır. Modern mimari kullanılmamalıdır. Yapay görünen nesneler bulunmamalıdır. Fotoğraf gerçek bir belgesel fotoğrafçısı tarafından çekilmiş hissi vermelidir.;Create an ultra realistic documentary style photograph captured in Cappadocia. Theme: Kapadokya taş mimarisi, geleneksel kaya evleri, taş yapılar, Anadolu mimarisi, korunmuş tarihi yapılar, otantik kültürel mimari Location: Mustafapaşa, eski Rum taş konakları, tarihi sokaklar, geleneksel Kapadokya mimarisi Main cultural elements: geleneksel taş evler, Anadolu taş mimarisi, tarihi taş yapılar Unknown Season: doğal gün ışığı The scene must faithfully represent the authentic cultural identity of Cappadocia. The foreground should clearly emphasize the main cultural elements. The middle ground should naturally continue with the historical environment. The background should preserve the real geography of Cappadocia. Ön planda ana kültürel motifler açık şekilde görünmelidir. Orta planda Kapadokya'nın doğal ve tarihi çevresi yer almalıdır. Arka planda bölgenin gerçek topoğrafyası korunmalıdır. Kompozisyon doğal perspektife sahip olmalıdır. Fotoğraf gerçek bir insan tarafından çekilmiş hissi vermelidir. gerçek belgesel fotoğrafı, National Geographic tarzı, fotoğraf gerçekçiliği, yüksek dinamik aralık, gerçekçi ışık, gerçekçi gölgeler, 35mm DSLR, RAW fotoğraf, yüksek çözünürlük, keskin odak, yüksek ayrıntı, gerçek malzeme dokuları, doğal renkler belgesel fotoğrafçılığı, National Geographic kalitesi, ultra gerçekçi, profesyonel DSLR fotoğrafı, 35mm lens, RAW fotoğraf, yüksek dinamik aralık, doğal renkler, gerçekçi ışıklandırma, keskin odak, yüksek ayrıntı, gerçekçi malzeme dokuları, doğal gölgeler, fotoğraf gerçekçiliği, yüksek çözünürlük No fantasy elements. No futuristic buildings. No modern architecture. No artificial looking objects. The final image should resemble a professional National Geographic documentary photograph.;204;218;204;218
CHRD_REAL_0125;CHRD_REAL_0125.jpeg;Local Architecture;Mustafapaşa;Stone House;Unknown;Unknown;No;;Medium;;Kapadokya'da geçen son derece gerçekçi bir belgesel fotoğrafı oluştur. Tema: Kapadokya taş mimarisi, geleneksel kaya evleri, taş yapılar, Anadolu mimarisi, korunmuş tarihi yapılar, otantik kültürel mimari Konum: Mustafapaşa, eski Rum taş konakları, tarihi sokaklar, geleneksel Kapadokya mimarisi Ana kültürel motifler: geleneksel taş evler, Anadolu taş mimarisi, tarihi taş yapılar Unknown Mevsim: doğal gün ışığı Sahne tamamen Kapadokya'nın gerçek kültürel kimliğini yansıtmalıdır. Ön planda ana kültürel motifler açık şekilde görünmelidir. Orta planda tarihi çevre doğal şekilde devam etmelidir. Arka planda Kapadokya'nın gerçek topoğrafyası yer almalıdır. Ön planda ana kültürel motifler açık şekilde görünmelidir. Orta planda Kapadokya'nın doğal ve tarihi çevresi yer almalıdır. Arka planda bölgenin gerçek topoğrafyası korunmalıdır. Kompozisyon doğal perspektife sahip olmalıdır. Fotoğraf gerçek bir insan tarafından çekilmiş hissi vermelidir. gerçek belgesel fotoğrafı, National Geographic tarzı, fotoğraf gerçekçiliği, yüksek dinamik aralık, gerçekçi ışık, gerçekçi gölgeler, 35mm DSLR, RAW fotoğraf, yüksek çözünürlük, keskin odak, yüksek ayrıntı, gerçek malzeme dokuları, doğal renkler belgesel fotoğrafçılığı, National Geographic kalitesi, ultra gerçekçi, profesyonel DSLR fotoğrafı, 35mm lens, RAW fotoğraf, yüksek dinamik aralık, doğal renkler, gerçekçi ışıklandırma, keskin odak, yüksek ayrıntı, gerçekçi malzeme dokuları, doğal gölgeler, fotoğraf gerçekçiliği, yüksek çözünürlük Kesinlikle fantastik öğe bulunmamalıdır. Modern mimari kullanılmamalıdır. Yapay görünen nesneler bulunmamalıdır. Fotoğraf gerçek bir belgesel fotoğrafçısı tarafından çekilmiş hissi vermelidir.;Create an ultra realistic documentary style photograph captured in Cappadocia. Theme: Kapadokya taş mimarisi, geleneksel kaya evleri, taş yapılar, Anadolu mimarisi, korunmuş tarihi yapılar, otantik kültürel mimari Location: Mustafapaşa, eski Rum taş konakları, tarihi sokaklar, geleneksel Kapadokya mimarisi Main cultural elements: geleneksel taş evler, Anadolu taş mimarisi, tarihi taş yapılar Unknown Season: doğal gün ışığı The scene must faithfully represent the authentic cultural identity of Cappadocia. The foreground should clearly emphasize the main cultural elements. The middle ground should naturally continue with the historical environment. The background should preserve the real geography of Cappadocia. Ön planda ana kültürel motifler açık şekilde görünmelidir. Orta planda Kapadokya'nın doğal ve tarihi çevresi yer almalıdır. Arka planda bölgenin gerçek topoğrafyası korunmalıdır. Kompozisyon doğal perspektife sahip olmalıdır. Fotoğraf gerçek bir insan tarafından çekilmiş hissi vermelidir. gerçek belgesel fotoğrafı, National Geographic tarzı, fotoğraf gerçekçiliği, yüksek dinamik aralık, gerçekçi ışık, gerçekçi gölgeler, 35mm DSLR, RAW fotoğraf, yüksek çözünürlük, keskin odak, yüksek ayrıntı, gerçek malzeme dokuları, doğal renkler belgesel fotoğrafçılığı, National Geographic kalitesi, ultra gerçekçi, profesyonel DSLR fotoğrafı, 35mm lens, RAW fotoğraf, yüksek dinamik aralık, doğal renkler, gerçekçi ışıklandırma, keskin odak, yüksek ayrıntı, gerçekçi malzeme dokuları, doğal gölgeler, fotoğraf gerçekçiliği, yüksek çözünürlük No fantasy elements. No futuristic buildings. No modern architecture. No artificial looking objects. The final image should resemble a professional National Geographic documentary photograph.;204;218;204;218
CHRD_REAL_0126;CHRD_REAL_0126.jpeg;Daily Life;Ürgüp;Stone House;cave hotel;Unknown;No;;Medium;;Kapadokya'da geçen son derece gerçekçi bir belgesel fotoğrafı oluştur. Tema: Kapadokya'da yaşayan insanların doğal günlük yaşamı, yerel Anadolu kültürü, geleneksel yaşam biçimi, otantik sosyal ortam, gerçek yaşam sahnesi, yaşayan kültürel miras Konum: Ürgüp, tarihi taş evler, geleneksel Kapadokya yerleşimi, dar taş sokaklar, otantik Anadolu mimarisi Ana kültürel motifler: geleneksel taş evler, Anadolu taş mimarisi, tarihi taş yapılar cave hotel Mevsim: doğal gün ışığı Sahne tamamen Kapadokya'nın gerçek kültürel kimliğini yansıtmalıdır. Ön planda ana kültürel motifler açık şekilde görünmelidir. Orta planda tarihi çevre doğal şekilde devam etmelidir. Arka planda Kapadokya'nın gerçek topoğrafyası yer almalıdır. Ön planda ana kültürel motifler açık şekilde görünmelidir. Orta planda Kapadokya'nın doğal ve tarihi çevresi yer almalıdır. Arka planda bölgenin gerçek topoğrafyası korunmalıdır. Kompozisyon doğal perspektife sahip olmalıdır. Fotoğraf gerçek bir insan tarafından çekilmiş hissi vermelidir. gerçek belgesel fotoğrafı, National Geographic tarzı, fotoğraf gerçekçiliği, yüksek dinamik aralık, gerçekçi ışık, gerçekçi gölgeler, 35mm DSLR, RAW fotoğraf, yüksek çözünürlük, keskin odak, yüksek ayrıntı, gerçek malzeme dokuları, doğal renkler belgesel fotoğrafçılığı, National Geographic kalitesi, ultra gerçekçi, profesyonel DSLR fotoğrafı, 35mm lens, RAW fotoğraf, yüksek dinamik aralık, doğal renkler, gerçekçi ışıklandırma, keskin odak, yüksek ayrıntı, gerçekçi malzeme dokuları, doğal gölgeler, fotoğraf gerçekçiliği, yüksek çözünürlük Kesinlikle fantastik öğe bulunmamalıdır. Modern mimari kullanılmamalıdır. Yapay görünen nesneler bulunmamalıdır. Fotoğraf gerçek bir belgesel fotoğrafçısı tarafından çekilmiş hissi vermelidir.;Create an ultra realistic documentary style photograph captured in Cappadocia. Theme: Kapadokya'da yaşayan insanların doğal günlük yaşamı, yerel Anadolu kültürü, geleneksel yaşam biçimi, otantik sosyal ortam, gerçek yaşam sahnesi, yaşayan kültürel miras Location: Ürgüp, tarihi taş evler, geleneksel Kapadokya yerleşimi, dar taş sokaklar, otantik Anadolu mimarisi Main cultural elements: geleneksel taş evler, Anadolu taş mimarisi, tarihi taş yapılar cave hotel Season: doğal gün ışığı The scene must faithfully represent the authentic cultural identity of Cappadocia. The foreground should clearly emphasize the main cultural elements. The middle ground should naturally continue with the historical environment. The background should preserve the real geography of Cappadocia. Ön planda ana kültürel motifler açık şekilde görünmelidir. Orta planda Kapadokya'nın doğal ve tarihi çevresi yer almalıdır. Arka planda bölgenin gerçek topoğrafyası korunmalıdır. Kompozisyon doğal perspektife sahip olmalıdır. Fotoğraf gerçek bir insan tarafından çekilmiş hissi vermelidir. gerçek belgesel fotoğrafı, National Geographic tarzı, fotoğraf gerçekçiliği, yüksek dinamik aralık, gerçekçi ışık, gerçekçi gölgeler, 35mm DSLR, RAW fotoğraf, yüksek çözünürlük, keskin odak, yüksek ayrıntı, gerçek malzeme dokuları, doğal renkler belgesel fotoğrafçılığı, National Geographic kalitesi, ultra gerçekçi, profesyonel DSLR fotoğrafı, 35mm lens, RAW fotoğraf, yüksek dinamik aralık, doğal renkler, gerçekçi ışıklandırma, keskin odak, yüksek ayrıntı, gerçekçi malzeme dokuları, doğal gölgeler, fotoğraf gerçekçiliği, yüksek çözünürlük No fantasy elements. No futuristic buildings. No modern architecture. No artificial looking objects. The final image should resemble a professional National Geographic documentary photograph.;213;227;213;227
CHRD_REAL_0127;CHRD_REAL_0127.jpeg;Local Architecture;Ürgüp;Stone House;cave hotel;Unknown;No;;High;;Kapadokya'da geçen son derece gerçekçi bir belgesel fotoğrafı oluştur. Tema: Kapadokya taş mimarisi, geleneksel kaya evleri, taş yapılar, Anadolu mimarisi, korunmuş tarihi yapılar, otantik kültürel mimari Konum: Ürgüp, tarihi taş evler, geleneksel Kapadokya yerleşimi, dar taş sokaklar, otantik Anadolu mimarisi Ana kültürel motifler: geleneksel taş evler, Anadolu taş mimarisi, tarihi taş yapılar cave hotel Mevsim: doğal gün ışığı Sahne tamamen Kapadokya'nın gerçek kültürel kimliğini yansıtmalıdır. Ön planda ana kültürel motifler açık şekilde görünmelidir. Orta planda tarihi çevre doğal şekilde devam etmelidir. Arka planda Kapadokya'nın gerçek topoğrafyası yer almalıdır. Ön planda ana kültürel motifler açık şekilde görünmelidir. Orta planda Kapadokya'nın doğal ve tarihi çevresi yer almalıdır. Arka planda bölgenin gerçek topoğrafyası korunmalıdır. Kompozisyon doğal perspektife sahip olmalıdır. Fotoğraf gerçek bir insan tarafından çekilmiş hissi vermelidir. gerçek belgesel fotoğrafı, National Geographic tarzı, fotoğraf gerçekçiliği, yüksek dinamik aralık, gerçekçi ışık, gerçekçi gölgeler, 35mm DSLR, RAW fotoğraf, yüksek çözünürlük, keskin odak, yüksek ayrıntı, gerçek malzeme dokuları, doğal renkler belgesel fotoğrafçılığı, National Geographic kalitesi, ultra gerçekçi, profesyonel DSLR fotoğrafı, 35mm lens, RAW fotoğraf, yüksek dinamik aralık, doğal renkler, gerçekçi ışıklandırma, keskin odak, yüksek ayrıntı, gerçekçi malzeme dokuları, doğal gölgeler, fotoğraf gerçekçiliği, yüksek çözünürlük Kesinlikle fantastik öğe bulunmamalıdır. Modern mimari kullanılmamalıdır. Yapay görünen nesneler bulunmamalıdır. Fotoğraf gerçek bir belgesel fotoğrafçısı tarafından çekilmiş hissi vermelidir.;Create an ultra realistic documentary style photograph captured in Cappadocia. Theme: Kapadokya taş mimarisi, geleneksel kaya evleri, taş yapılar, Anadolu mimarisi, korunmuş tarihi yapılar, otantik kültürel mimari Location: Ürgüp, tarihi taş evler, geleneksel Kapadokya yerleşimi, dar taş sokaklar, otantik Anadolu mimarisi Main cultural elements: geleneksel taş evler, Anadolu taş mimarisi, tarihi taş yapılar cave hotel Season: doğal gün ışığı The scene must faithfully represent the authentic cultural identity of Cappadocia. The foreground should clearly emphasize the main cultural elements. The middle ground should naturally continue with the historical environment. The background should preserve the real geography of Cappadocia. Ön planda ana kültürel motifler açık şekilde görünmelidir. Orta planda Kapadokya'nın doğal ve tarihi çevresi yer almalıdır. Arka planda bölgenin gerçek topoğrafyası korunmalıdır. Kompozisyon doğal perspektife sahip olmalıdır. Fotoğraf gerçek bir insan tarafından çekilmiş hissi vermelidir. gerçek belgesel fotoğrafı, National Geographic tarzı, fotoğraf gerçekçiliği, yüksek dinamik aralık, gerçekçi ışık, gerçekçi gölgeler, 35mm DSLR, RAW fotoğraf, yüksek çözünürlük, keskin odak, yüksek ayrıntı, gerçek malzeme dokuları, doğal renkler belgesel fotoğrafçılığı, National Geographic kalitesi, ultra gerçekçi, profesyonel DSLR fotoğrafı, 35mm lens, RAW fotoğraf, yüksek dinamik aralık, doğal renkler, gerçekçi ışıklandırma, keskin odak, yüksek ayrıntı, gerçekçi malzeme dokuları, doğal gölgeler, fotoğraf gerçekçiliği, yüksek çözünürlük No fantasy elements. No futuristic buildings. No modern architecture. No artificial looking objects. The final image should resemble a professional National Geographic documentary photograph.;208;222;208;222
CHRD_REAL_0128;CHRD_REAL_0128.jpeg;Local Architecture;Ürgüp;Stone House;Landscape;Unknown;No;;Low;;Kapadokya'da geçen son derece gerçekçi bir belgesel fotoğrafı oluştur. Tema: Kapadokya taş mimarisi, geleneksel kaya evleri, taş yapılar, Anadolu mimarisi, korunmuş tarihi yapılar, otantik kültürel mimari Konum: Ürgüp, tarihi taş evler, geleneksel Kapadokya yerleşimi, dar taş sokaklar, otantik Anadolu mimarisi Ana kültürel motifler: geleneksel taş evler, Anadolu taş mimarisi, tarihi taş yapılar Kapadokya doğal manzarası, geniş açık arazi, otantik doğa görünümü Mevsim: doğal gün ışığı Sahne tamamen Kapadokya'nın gerçek kültürel kimliğini yansıtmalıdır. Ön planda ana kültürel motifler açık şekilde görünmelidir. Orta planda tarihi çevre doğal şekilde devam etmelidir. Arka planda Kapadokya'nın gerçek topoğrafyası yer almalıdır. Ön planda ana kültürel motifler açık şekilde görünmelidir. Orta planda Kapadokya'nın doğal ve tarihi çevresi yer almalıdır. Arka planda bölgenin gerçek topoğrafyası korunmalıdır. Kompozisyon doğal perspektife sahip olmalıdır. Fotoğraf gerçek bir insan tarafından çekilmiş hissi vermelidir. gerçek belgesel fotoğrafı, National Geographic tarzı, fotoğraf gerçekçiliği, yüksek dinamik aralık, gerçekçi ışık, gerçekçi gölgeler, 35mm DSLR, RAW fotoğraf, yüksek çözünürlük, keskin odak, yüksek ayrıntı, gerçek malzeme dokuları, doğal renkler belgesel fotoğrafçılığı, National Geographic kalitesi, ultra gerçekçi, profesyonel DSLR fotoğrafı, 35mm lens, RAW fotoğraf, yüksek dinamik aralık, doğal renkler, gerçekçi ışıklandırma, keskin odak, yüksek ayrıntı, gerçekçi malzeme dokuları, doğal gölgeler, fotoğraf gerçekçiliği, yüksek çözünürlük Kesinlikle fantastik öğe bulunmamalıdır. Modern mimari kullanılmamalıdır. Yapay görünen nesneler bulunmamalıdır. Fotoğraf gerçek bir belgesel fotoğrafçısı tarafından çekilmiş hissi vermelidir.;Create an ultra realistic documentary style photograph captured in Cappadocia. Theme: Kapadokya taş mimarisi, geleneksel kaya evleri, taş yapılar, Anadolu mimarisi, korunmuş tarihi yapılar, otantik kültürel mimari Location: Ürgüp, tarihi taş evler, geleneksel Kapadokya yerleşimi, dar taş sokaklar, otantik Anadolu mimarisi Main cultural elements: geleneksel taş evler, Anadolu taş mimarisi, tarihi taş yapılar Kapadokya doğal manzarası, geniş açık arazi, otantik doğa görünümü Season: doğal gün ışığı The scene must faithfully represent the authentic cultural identity of Cappadocia. The foreground should clearly emphasize the main cultural elements. The middle ground should naturally continue with the historical environment. The background should preserve the real geography of Cappadocia. Ön planda ana kültürel motifler açık şekilde görünmelidir. Orta planda Kapadokya'nın doğal ve tarihi çevresi yer almalıdır. Arka planda bölgenin gerçek topoğrafyası korunmalıdır. Kompozisyon doğal perspektife sahip olmalıdır. Fotoğraf gerçek bir insan tarafından çekilmiş hissi vermelidir. gerçek belgesel fotoğrafı, National Geographic tarzı, fotoğraf gerçekçiliği, yüksek dinamik aralık, gerçekçi ışık, gerçekçi gölgeler, 35mm DSLR, RAW fotoğraf, yüksek çözünürlük, keskin odak, yüksek ayrıntı, gerçek malzeme dokuları, doğal renkler belgesel fotoğrafçılığı, National Geographic kalitesi, ultra gerçekçi, profesyonel DSLR fotoğrafı, 35mm lens, RAW fotoğraf, yüksek dinamik aralık, doğal renkler, gerçekçi ışıklandırma, keskin odak, yüksek ayrıntı, gerçekçi malzeme dokuları, doğal gölgeler, fotoğraf gerçekçiliği, yüksek çözünürlük No fantasy elements. No futuristic buildings. No modern architecture. No artificial looking objects. The final image should resemble a professional National Geographic documentary photograph.;215;229;215;229
CHRD_REAL_0129;CHRD_REAL_0129.jpeg;Local Architecture;Ürgüp;Stone House;Street;Unknown;No;;Medium;;Kapadokya'da geçen son derece gerçekçi bir belgesel fotoğrafı oluştur. Tema: Kapadokya taş mimarisi, geleneksel kaya evleri, taş yapılar, Anadolu mimarisi, korunmuş tarihi yapılar, otantik kültürel mimari Konum: Ürgüp, tarihi taş evler, geleneksel Kapadokya yerleşimi, dar taş sokaklar, otantik Anadolu mimarisi Ana kültürel motifler: geleneksel taş evler, Anadolu taş mimarisi, tarihi taş yapılar tarihi taş sokak, otantik Kapadokya yolu, geleneksel mahalle yolu Mevsim: doğal gün ışığı Sahne tamamen Kapadokya'nın gerçek kültürel kimliğini yansıtmalıdır. Ön planda ana kültürel motifler açık şekilde görünmelidir. Orta planda tarihi çevre doğal şekilde devam etmelidir. Arka planda Kapadokya'nın gerçek topoğrafyası yer almalıdır. Ön planda ana kültürel motifler açık şekilde görünmelidir. Orta planda Kapadokya'nın doğal ve tarihi çevresi yer almalıdır. Arka planda bölgenin gerçek topoğrafyası korunmalıdır. Kompozisyon doğal perspektife sahip olmalıdır. Fotoğraf gerçek bir insan tarafından çekilmiş hissi vermelidir. gerçek belgesel fotoğrafı, National Geographic tarzı, fotoğraf gerçekçiliği, yüksek dinamik aralık, gerçekçi ışık, gerçekçi gölgeler, 35mm DSLR, RAW fotoğraf, yüksek çözünürlük, keskin odak, yüksek ayrıntı, gerçek malzeme dokuları, doğal renkler belgesel fotoğrafçılığı, National Geographic kalitesi, ultra gerçekçi, profesyonel DSLR fotoğrafı, 35mm lens, RAW fotoğraf, yüksek dinamik aralık, doğal renkler, gerçekçi ışıklandırma, keskin odak, yüksek ayrıntı, gerçekçi malzeme dokuları, doğal gölgeler, fotoğraf gerçekçiliği, yüksek çözünürlük Kesinlikle fantastik öğe bulunmamalıdır. Modern mimari kullanılmamalıdır. Yapay görünen nesneler bulunmamalıdır. Fotoğraf gerçek bir belgesel fotoğrafçısı tarafından çekilmiş hissi vermelidir.;Create an ultra realistic documentary style photograph captured in Cappadocia. Theme: Kapadokya taş mimarisi, geleneksel kaya evleri, taş yapılar, Anadolu mimarisi, korunmuş tarihi yapılar, otantik kültürel mimari Location: Ürgüp, tarihi taş evler, geleneksel Kapadokya yerleşimi, dar taş sokaklar, otantik Anadolu mimarisi Main cultural elements: geleneksel taş evler, Anadolu taş mimarisi, tarihi taş yapılar tarihi taş sokak, otantik Kapadokya yolu, geleneksel mahalle yolu Season: doğal gün ışığı The scene must faithfully represent the authentic cultural identity of Cappadocia. The foreground should clearly emphasize the main cultural elements. The middle ground should naturally continue with the historical environment. The background should preserve the real geography of Cappadocia. Ön planda ana kültürel motifler açık şekilde görünmelidir. Orta planda Kapadokya'nın doğal ve tarihi çevresi yer almalıdır. Arka planda bölgenin gerçek topoğrafyası korunmalıdır. Kompozisyon doğal perspektife sahip olmalıdır. Fotoğraf gerçek bir insan tarafından çekilmiş hissi vermelidir. gerçek belgesel fotoğrafı, National Geographic tarzı, fotoğraf gerçekçiliği, yüksek dinamik aralık, gerçekçi ışık, gerçekçi gölgeler, 35mm DSLR, RAW fotoğraf, yüksek çözünürlük, keskin odak, yüksek ayrıntı, gerçek malzeme dokuları, doğal renkler belgesel fotoğrafçılığı, National Geographic kalitesi, ultra gerçekçi, profesyonel DSLR fotoğrafı, 35mm lens, RAW fotoğraf, yüksek dinamik aralık, doğal renkler, gerçekçi ışıklandırma, keskin odak, yüksek ayrıntı, gerçekçi malzeme dokuları, doğal gölgeler, fotoğraf gerçekçiliği, yüksek çözünürlük No fantasy elements. No futuristic buildings. No modern architecture. No artificial looking objects. The final image should resemble a professional National Geographic documentary photograph.;215;229;215;229
CHRD_REAL_0130;CHRD_REAL_0130.jpeg;Local Architecture;Ürgüp;Stone House;Street;Unknown;No;;Low;;Kapadokya'da geçen son derece gerçekçi bir belgesel fotoğrafı oluştur. Tema: Kapadokya taş mimarisi, geleneksel kaya evleri, taş yapılar, Anadolu mimarisi, korunmuş tarihi yapılar, otantik kültürel mimari Konum: Ürgüp, tarihi taş evler, geleneksel Kapadokya yerleşimi, dar taş sokaklar, otantik Anadolu mimarisi Ana kültürel motifler: geleneksel taş evler, Anadolu taş mimarisi, tarihi taş yapılar tarihi taş sokak, otantik Kapadokya yolu, geleneksel mahalle yolu Mevsim: doğal gün ışığı Sahne tamamen Kapadokya'nın gerçek kültürel kimliğini yansıtmalıdır. Ön planda ana kültürel motifler açık şekilde görünmelidir. Orta planda tarihi çevre doğal şekilde devam etmelidir. Arka planda Kapadokya'nın gerçek topoğrafyası yer almalıdır. Ön planda ana kültürel motifler açık şekilde görünmelidir. Orta planda Kapadokya'nın doğal ve tarihi çevresi yer almalıdır. Arka planda bölgenin gerçek topoğrafyası korunmalıdır. Kompozisyon doğal perspektife sahip olmalıdır. Fotoğraf gerçek bir insan tarafından çekilmiş hissi vermelidir. gerçek belgesel fotoğrafı, National Geographic tarzı, fotoğraf gerçekçiliği, yüksek dinamik aralık, gerçekçi ışık, gerçekçi gölgeler, 35mm DSLR, RAW fotoğraf, yüksek çözünürlük, keskin odak, yüksek ayrıntı, gerçek malzeme dokuları, doğal renkler belgesel fotoğrafçılığı, National Geographic kalitesi, ultra gerçekçi, profesyonel DSLR fotoğrafı, 35mm lens, RAW fotoğraf, yüksek dinamik aralık, doğal renkler, gerçekçi ışıklandırma, keskin odak, yüksek ayrıntı, gerçekçi malzeme dokuları, doğal gölgeler, fotoğraf gerçekçiliği, yüksek çözünürlük Kesinlikle fantastik öğe bulunmamalıdır. Modern mimari kullanılmamalıdır. Yapay görünen nesneler bulunmamalıdır. Fotoğraf gerçek bir belgesel fotoğrafçısı tarafından çekilmiş hissi vermelidir.;Create an ultra realistic documentary style photograph captured in Cappadocia. Theme: Kapadokya taş mimarisi, geleneksel kaya evleri, taş yapılar, Anadolu mimarisi, korunmuş tarihi yapılar, otantik kültürel mimari Location: Ürgüp, tarihi taş evler, geleneksel Kapadokya yerleşimi, dar taş sokaklar, otantik Anadolu mimarisi Main cultural elements: geleneksel taş evler, Anadolu taş mimarisi, tarihi taş yapılar tarihi taş sokak, otantik Kapadokya yolu, geleneksel mahalle yolu Season: doğal gün ışığı The scene must faithfully represent the authentic cultural identity of Cappadocia. The foreground should clearly emphasize the main cultural elements. The middle ground should naturally continue with the historical environment. The background should preserve the real geography of Cappadocia. Ön planda ana kültürel motifler açık şekilde görünmelidir. Orta planda Kapadokya'nın doğal ve tarihi çevresi yer almalıdır. Arka planda bölgenin gerçek topoğrafyası korunmalıdır. Kompozisyon doğal perspektife sahip olmalıdır. Fotoğraf gerçek bir insan tarafından çekilmiş hissi vermelidir. gerçek belgesel fotoğrafı, National Geographic tarzı, fotoğraf gerçekçiliği, yüksek dinamik aralık, gerçekçi ışık, gerçekçi gölgeler, 35mm DSLR, RAW fotoğraf, yüksek çözünürlük, keskin odak, yüksek ayrıntı, gerçek malzeme dokuları, doğal renkler belgesel fotoğrafçılığı, National Geographic kalitesi, ultra gerçekçi, profesyonel DSLR fotoğrafı, 35mm lens, RAW fotoğraf, yüksek dinamik aralık, doğal renkler, gerçekçi ışıklandırma, keskin odak, yüksek ayrıntı, gerçekçi malzeme dokuları, doğal gölgeler, fotoğraf gerçekçiliği, yüksek çözünürlük No fantasy elements. No futuristic buildings. No modern architecture. No artificial looking objects. The final image should resemble a professional National Geographic documentary photograph.;215;229;215;229
CHRD_REAL_0131;CHRD_REAL_0131.jpeg;Village Square;Ürgüp;Stone House;Street;Unknown;No;;low;;Kapadokya'da geçen son derece gerçekçi bir belgesel fotoğrafı oluştur. Tema: Kapadokya köy meydanı, tarihi taş sokaklar, yerel mahalle yaşamı, geleneksel Anadolu yerleşimi, otantik köy atmosferi, kültürel yaşam alanı Konum: Ürgüp, tarihi taş evler, geleneksel Kapadokya yerleşimi, dar taş sokaklar, otantik Anadolu mimarisi Ana kültürel motifler: geleneksel taş evler, Anadolu taş mimarisi, tarihi taş yapılar tarihi taş sokak, otantik Kapadokya yolu, geleneksel mahalle yolu Mevsim: doğal gün ışığı Sahne tamamen Kapadokya'nın gerçek kültürel kimliğini yansıtmalıdır. Ön planda ana kültürel motifler açık şekilde görünmelidir. Orta planda tarihi çevre doğal şekilde devam etmelidir. Arka planda Kapadokya'nın gerçek topoğrafyası yer almalıdır. Ön planda ana kültürel motifler açık şekilde görünmelidir. Orta planda Kapadokya'nın doğal ve tarihi çevresi yer almalıdır. Arka planda bölgenin gerçek topoğrafyası korunmalıdır. Kompozisyon doğal perspektife sahip olmalıdır. Fotoğraf gerçek bir insan tarafından çekilmiş hissi vermelidir. gerçek belgesel fotoğrafı, National Geographic tarzı, fotoğraf gerçekçiliği, yüksek dinamik aralık, gerçekçi ışık, gerçekçi gölgeler, 35mm DSLR, RAW fotoğraf, yüksek çözünürlük, keskin odak, yüksek ayrıntı, gerçek malzeme dokuları, doğal renkler belgesel fotoğrafçılığı, National Geographic kalitesi, ultra gerçekçi, profesyonel DSLR fotoğrafı, 35mm lens, RAW fotoğraf, yüksek dinamik aralık, doğal renkler, gerçekçi ışıklandırma, keskin odak, yüksek ayrıntı, gerçekçi malzeme dokuları, doğal gölgeler, fotoğraf gerçekçiliği, yüksek çözünürlük Kesinlikle fantastik öğe bulunmamalıdır. Modern mimari kullanılmamalıdır. Yapay görünen nesneler bulunmamalıdır. Fotoğraf gerçek bir belgesel fotoğrafçısı tarafından çekilmiş hissi vermelidir.;Create an ultra realistic documentary style photograph captured in Cappadocia. Theme: Kapadokya köy meydanı, tarihi taş sokaklar, yerel mahalle yaşamı, geleneksel Anadolu yerleşimi, otantik köy atmosferi, kültürel yaşam alanı Location: Ürgüp, tarihi taş evler, geleneksel Kapadokya yerleşimi, dar taş sokaklar, otantik Anadolu mimarisi Main cultural elements: geleneksel taş evler, Anadolu taş mimarisi, tarihi taş yapılar tarihi taş sokak, otantik Kapadokya yolu, geleneksel mahalle yolu Season: doğal gün ışığı The scene must faithfully represent the authentic cultural identity of Cappadocia. The foreground should clearly emphasize the main cultural elements. The middle ground should naturally continue with the historical environment. The background should preserve the real geography of Cappadocia. Ön planda ana kültürel motifler açık şekilde görünmelidir. Orta planda Kapadokya'nın doğal ve tarihi çevresi yer almalıdır. Arka planda bölgenin gerçek topoğrafyası korunmalıdır. Kompozisyon doğal perspektife sahip olmalıdır. Fotoğraf gerçek bir insan tarafından çekilmiş hissi vermelidir. gerçek belgesel fotoğrafı, National Geographic tarzı, fotoğraf gerçekçiliği, yüksek dinamik aralık, gerçekçi ışık, gerçekçi gölgeler, 35mm DSLR, RAW fotoğraf, yüksek çözünürlük, keskin odak, yüksek ayrıntı, gerçek malzeme dokuları, doğal renkler belgesel fotoğrafçılığı, National Geographic kalitesi, ultra gerçekçi, profesyonel DSLR fotoğrafı, 35mm lens, RAW fotoğraf, yüksek dinamik aralık, doğal renkler, gerçekçi ışıklandırma, keskin odak, yüksek ayrıntı, gerçekçi malzeme dokuları, doğal gölgeler, fotoğraf gerçekçiliği, yüksek çözünürlük No fantasy elements. No futuristic buildings. No modern architecture. No artificial looking objects. The final image should resemble a professional National Geographic documentary photograph.;217;231;217;231
CHRD_REAL_0133;CHRD_REAL_0133.jpeg;Local Architecture;Mustafapaşa;Stone House;cave hotel;Unknown;No;;Low;;Kapadokya'da geçen son derece gerçekçi bir belgesel fotoğrafı oluştur. Tema: Kapadokya taş mimarisi, geleneksel kaya evleri, taş yapılar, Anadolu mimarisi, korunmuş tarihi yapılar, otantik kültürel mimari Konum: Mustafapaşa, eski Rum taş konakları, tarihi sokaklar, geleneksel Kapadokya mimarisi Ana kültürel motifler: geleneksel taş evler, Anadolu taş mimarisi, tarihi taş yapılar cave hotel Mevsim: doğal gün ışığı Sahne tamamen Kapadokya'nın gerçek kültürel kimliğini yansıtmalıdır. Ön planda ana kültürel motifler açık şekilde görünmelidir. Orta planda tarihi çevre doğal şekilde devam etmelidir. Arka planda Kapadokya'nın gerçek topoğrafyası yer almalıdır. Ön planda ana kültürel motifler açık şekilde görünmelidir. Orta planda Kapadokya'nın doğal ve tarihi çevresi yer almalıdır. Arka planda bölgenin gerçek topoğrafyası korunmalıdır. Kompozisyon doğal perspektife sahip olmalıdır. Fotoğraf gerçek bir insan tarafından çekilmiş hissi vermelidir. gerçek belgesel fotoğrafı, National Geographic tarzı, fotoğraf gerçekçiliği, yüksek dinamik aralık, gerçekçi ışık, gerçekçi gölgeler, 35mm DSLR, RAW fotoğraf, yüksek çözünürlük, keskin odak, yüksek ayrıntı, gerçek malzeme dokuları, doğal renkler belgesel fotoğrafçılığı, National Geographic kalitesi, ultra gerçekçi, profesyonel DSLR fotoğrafı, 35mm lens, RAW fotoğraf, yüksek dinamik aralık, doğal renkler, gerçekçi ışıklandırma, keskin odak, yüksek ayrıntı, gerçekçi malzeme dokuları, doğal gölgeler, fotoğraf gerçekçiliği, yüksek çözünürlük Kesinlikle fantastik öğe bulunmamalıdır. Modern mimari kullanılmamalıdır. Yapay görünen nesneler bulunmamalıdır. Fotoğraf gerçek bir belgesel fotoğrafçısı tarafından çekilmiş hissi vermelidir.;Create an ultra realistic documentary style photograph captured in Cappadocia. Theme: Kapadokya taş mimarisi, geleneksel kaya evleri, taş yapılar, Anadolu mimarisi, korunmuş tarihi yapılar, otantik kültürel mimari Location: Mustafapaşa, eski Rum taş konakları, tarihi sokaklar, geleneksel Kapadokya mimarisi Main cultural elements: geleneksel taş evler, Anadolu taş mimarisi, tarihi taş yapılar cave hotel Season: doğal gün ışığı The scene must faithfully represent the authentic cultural identity of Cappadocia. The foreground should clearly emphasize the main cultural elements. The middle ground should naturally continue with the historical environment. The background should preserve the real geography of Cappadocia. Ön planda ana kültürel motifler açık şekilde görünmelidir. Orta planda Kapadokya'nın doğal ve tarihi çevresi yer almalıdır. Arka planda bölgenin gerçek topoğrafyası korunmalıdır. Kompozisyon doğal perspektife sahip olmalıdır. Fotoğraf gerçek bir insan tarafından çekilmiş hissi vermelidir. gerçek belgesel fotoğrafı, National Geographic tarzı, fotoğraf gerçekçiliği, yüksek dinamik aralık, gerçekçi ışık, gerçekçi gölgeler, 35mm DSLR, RAW fotoğraf, yüksek çözünürlük, keskin odak, yüksek ayrıntı, gerçek malzeme dokuları, doğal renkler belgesel fotoğrafçılığı, National Geographic kalitesi, ultra gerçekçi, profesyonel DSLR fotoğrafı, 35mm lens, RAW fotoğraf, yüksek dinamik aralık, doğal renkler, gerçekçi ışıklandırma, keskin odak, yüksek ayrıntı, gerçekçi malzeme dokuları, doğal gölgeler, fotoğraf gerçekçiliği, yüksek çözünürlük No fantasy elements. No futuristic buildings. No modern architecture. No artificial looking objects. The final image should resemble a professional National Geographic documentary photograph.;205;219;205;219
CHRD_REAL_0135;CHRD_REAL_0135.jpeg;Village Square;Ürgüp;Stone House;Street;Unknown;No;;Low;;Kapadokya'da geçen son derece gerçekçi bir belgesel fotoğrafı oluştur. Tema: Kapadokya köy meydanı, tarihi taş sokaklar, yerel mahalle yaşamı, geleneksel Anadolu yerleşimi, otantik köy atmosferi, kültürel yaşam alanı Konum: Ürgüp, tarihi taş evler, geleneksel Kapadokya yerleşimi, dar taş sokaklar, otantik Anadolu mimarisi Ana kültürel motifler: geleneksel taş evler, Anadolu taş mimarisi, tarihi taş yapılar tarihi taş sokak, otantik Kapadokya yolu, geleneksel mahalle yolu Mevsim: doğal gün ışığı Sahne tamamen Kapadokya'nın gerçek kültürel kimliğini yansıtmalıdır. Ön planda ana kültürel motifler açık şekilde görünmelidir. Orta planda tarihi çevre doğal şekilde devam etmelidir. Arka planda Kapadokya'nın gerçek topoğrafyası yer almalıdır. Ön planda ana kültürel motifler açık şekilde görünmelidir. Orta planda Kapadokya'nın doğal ve tarihi çevresi yer almalıdır. Arka planda bölgenin gerçek topoğrafyası korunmalıdır. Kompozisyon doğal perspektife sahip olmalıdır. Fotoğraf gerçek bir insan tarafından çekilmiş hissi vermelidir. gerçek belgesel fotoğrafı, National Geographic tarzı, fotoğraf gerçekçiliği, yüksek dinamik aralık, gerçekçi ışık, gerçekçi gölgeler, 35mm DSLR, RAW fotoğraf, yüksek çözünürlük, keskin odak, yüksek ayrıntı, gerçek malzeme dokuları, doğal renkler belgesel fotoğrafçılığı, National Geographic kalitesi, ultra gerçekçi, profesyonel DSLR fotoğrafı, 35mm lens, RAW fotoğraf, yüksek dinamik aralık, doğal renkler, gerçekçi ışıklandırma, keskin odak, yüksek ayrıntı, gerçekçi malzeme dokuları, doğal gölgeler, fotoğraf gerçekçiliği, yüksek çözünürlük Kesinlikle fantastik öğe bulunmamalıdır. Modern mimari kullanılmamalıdır. Yapay görünen nesneler bulunmamalıdır. Fotoğraf gerçek bir belgesel fotoğrafçısı tarafından çekilmiş hissi vermelidir.;Create an ultra realistic documentary style photograph captured in Cappadocia. Theme: Kapadokya köy meydanı, tarihi taş sokaklar, yerel mahalle yaşamı, geleneksel Anadolu yerleşimi, otantik köy atmosferi, kültürel yaşam alanı Location: Ürgüp, tarihi taş evler, geleneksel Kapadokya yerleşimi, dar taş sokaklar, otantik Anadolu mimarisi Main cultural elements: geleneksel taş evler, Anadolu taş mimarisi, tarihi taş yapılar tarihi taş sokak, otantik Kapadokya yolu, geleneksel mahalle yolu Season: doğal gün ışığı The scene must faithfully represent the authentic cultural identity of Cappadocia. The foreground should clearly emphasize the main cultural elements. The middle ground should naturally continue with the historical environment. The background should preserve the real geography of Cappadocia. Ön planda ana kültürel motifler açık şekilde görünmelidir. Orta planda Kapadokya'nın doğal ve tarihi çevresi yer almalıdır. Arka planda bölgenin gerçek topoğrafyası korunmalıdır. Kompozisyon doğal perspektife sahip olmalıdır. Fotoğraf gerçek bir insan tarafından çekilmiş hissi vermelidir. gerçek belgesel fotoğrafı, National Geographic tarzı, fotoğraf gerçekçiliği, yüksek dinamik aralık, gerçekçi ışık, gerçekçi gölgeler, 35mm DSLR, RAW fotoğraf, yüksek çözünürlük, keskin odak, yüksek ayrıntı, gerçek malzeme dokuları, doğal renkler belgesel fotoğrafçılığı, National Geographic kalitesi, ultra gerçekçi, profesyonel DSLR fotoğrafı, 35mm lens, RAW fotoğraf, yüksek dinamik aralık, doğal renkler, gerçekçi ışıklandırma, keskin odak, yüksek ayrıntı, gerçekçi malzeme dokuları, doğal gölgeler, fotoğraf gerçekçiliği, yüksek çözünürlük No fantasy elements. No futuristic buildings. No modern architecture. No artificial looking objects. The final image should resemble a professional National Geographic documentary photograph.;217;231;217;231
CHRD_REAL_0136;CHRD_REAL_0136.jpeg;Local Architecture;Mustafapaşa;Stone House;Unknown;Unknown;No;;Medium;;Kapadokya'da geçen son derece gerçekçi bir belgesel fotoğrafı oluştur. Tema: Kapadokya taş mimarisi, geleneksel kaya evleri, taş yapılar, Anadolu mimarisi, korunmuş tarihi yapılar, otantik kültürel mimari Konum: Mustafapaşa, eski Rum taş konakları, tarihi sokaklar, geleneksel Kapadokya mimarisi Ana kültürel motifler: geleneksel taş evler, Anadolu taş mimarisi, tarihi taş yapılar Unknown Mevsim: doğal gün ışığı Sahne tamamen Kapadokya'nın gerçek kültürel kimliğini yansıtmalıdır. Ön planda ana kültürel motifler açık şekilde görünmelidir. Orta planda tarihi çevre doğal şekilde devam etmelidir. Arka planda Kapadokya'nın gerçek topoğrafyası yer almalıdır. Ön planda ana kültürel motifler açık şekilde görünmelidir. Orta planda Kapadokya'nın doğal ve tarihi çevresi yer almalıdır. Arka planda bölgenin gerçek topoğrafyası korunmalıdır. Kompozisyon doğal perspektife sahip olmalıdır. Fotoğraf gerçek bir insan tarafından çekilmiş hissi vermelidir. gerçek belgesel fotoğrafı, National Geographic tarzı, fotoğraf gerçekçiliği, yüksek dinamik aralık, gerçekçi ışık, gerçekçi gölgeler, 35mm DSLR, RAW fotoğraf, yüksek çözünürlük, keskin odak, yüksek ayrıntı, gerçek malzeme dokuları, doğal renkler belgesel fotoğrafçılığı, National Geographic kalitesi, ultra gerçekçi, profesyonel DSLR fotoğrafı, 35mm lens, RAW fotoğraf, yüksek dinamik aralık, doğal renkler, gerçekçi ışıklandırma, keskin odak, yüksek ayrıntı, gerçekçi malzeme dokuları, doğal gölgeler, fotoğraf gerçekçiliği, yüksek çözünürlük Kesinlikle fantastik öğe bulunmamalıdır. Modern mimari kullanılmamalıdır. Yapay görünen nesneler bulunmamalıdır. Fotoğraf gerçek bir belgesel fotoğrafçısı tarafından çekilmiş hissi vermelidir.;Create an ultra realistic documentary style photograph captured in Cappadocia. Theme: Kapadokya taş mimarisi, geleneksel kaya evleri, taş yapılar, Anadolu mimarisi, korunmuş tarihi yapılar, otantik kültürel mimari Location: Mustafapaşa, eski Rum taş konakları, tarihi sokaklar, geleneksel Kapadokya mimarisi Main cultural elements: geleneksel taş evler, Anadolu taş mimarisi, tarihi taş yapılar Unknown Season: doğal gün ışığı The scene must faithfully represent the authentic cultural identity of Cappadocia. The foreground should clearly emphasize the main cultural elements. The middle ground should naturally continue with the historical environment. The background should preserve the real geography of Cappadocia. Ön planda ana kültürel motifler açık şekilde görünmelidir. Orta planda Kapadokya'nın doğal ve tarihi çevresi yer almalıdır. Arka planda bölgenin gerçek topoğrafyası korunmalıdır. Kompozisyon doğal perspektife sahip olmalıdır. Fotoğraf gerçek bir insan tarafından çekilmiş hissi vermelidir. gerçek belgesel fotoğrafı, National Geographic tarzı, fotoğraf gerçekçiliği, yüksek dinamik aralık, gerçekçi ışık, gerçekçi gölgeler, 35mm DSLR, RAW fotoğraf, yüksek çözünürlük, keskin odak, yüksek ayrıntı, gerçek malzeme dokuları, doğal renkler belgesel fotoğrafçılığı, National Geographic kalitesi, ultra gerçekçi, profesyonel DSLR fotoğrafı, 35mm lens, RAW fotoğraf, yüksek dinamik aralık, doğal renkler, gerçekçi ışıklandırma, keskin odak, yüksek ayrıntı, gerçekçi malzeme dokuları, doğal gölgeler, fotoğraf gerçekçiliği, yüksek çözünürlük No fantasy elements. No futuristic buildings. No modern architecture. No artificial looking objects. The final image should resemble a professional National Geographic documentary photograph.;204;218;204;218
CHRD_REAL_0137;CHRD_REAL_0137.jpeg;Local Architecture;Ürgüp;Ballon;Street;Unknown;No;;High;;Kapadokya'da geçen son derece gerçekçi bir belgesel fotoğrafı oluştur. Tema: Kapadokya taş mimarisi, geleneksel kaya evleri, taş yapılar, Anadolu mimarisi, korunmuş tarihi yapılar, otantik kültürel mimari Konum: Ürgüp, tarihi taş evler, geleneksel Kapadokya yerleşimi, dar taş sokaklar, otantik Anadolu mimarisi Ana kültürel motifler: Ballon tarihi taş sokak, otantik Kapadokya yolu, geleneksel mahalle yolu Mevsim: doğal gün ışığı Sahne tamamen Kapadokya'nın gerçek kültürel kimliğini yansıtmalıdır. Ön planda ana kültürel motifler açık şekilde görünmelidir. Orta planda tarihi çevre doğal şekilde devam etmelidir. Arka planda Kapadokya'nın gerçek topoğrafyası yer almalıdır. Ön planda ana kültürel motifler açık şekilde görünmelidir. Orta planda Kapadokya'nın doğal ve tarihi çevresi yer almalıdır. Arka planda bölgenin gerçek topoğrafyası korunmalıdır. Kompozisyon doğal perspektife sahip olmalıdır. Fotoğraf gerçek bir insan tarafından çekilmiş hissi vermelidir. gerçek belgesel fotoğrafı, National Geographic tarzı, fotoğraf gerçekçiliği, yüksek dinamik aralık, gerçekçi ışık, gerçekçi gölgeler, 35mm DSLR, RAW fotoğraf, yüksek çözünürlük, keskin odak, yüksek ayrıntı, gerçek malzeme dokuları, doğal renkler belgesel fotoğrafçılığı, National Geographic kalitesi, ultra gerçekçi, profesyonel DSLR fotoğrafı, 35mm lens, RAW fotoğraf, yüksek dinamik aralık, doğal renkler, gerçekçi ışıklandırma, keskin odak, yüksek ayrıntı, gerçekçi malzeme dokuları, doğal gölgeler, fotoğraf gerçekçiliği, yüksek çözünürlük Kesinlikle fantastik öğe bulunmamalıdır. Modern mimari kullanılmamalıdır. Yapay görünen nesneler bulunmamalıdır. Fotoğraf gerçek bir belgesel fotoğrafçısı tarafından çekilmiş hissi vermelidir.;Create an ultra realistic documentary style photograph captured in Cappadocia. Theme: Kapadokya taş mimarisi, geleneksel kaya evleri, taş yapılar, Anadolu mimarisi, korunmuş tarihi yapılar, otantik kültürel mimari Location: Ürgüp, tarihi taş evler, geleneksel Kapadokya yerleşimi, dar taş sokaklar, otantik Anadolu mimarisi Main cultural elements: Ballon tarihi taş sokak, otantik Kapadokya yolu, geleneksel mahalle yolu Season: doğal gün ışığı The scene must faithfully represent the authentic cultural identity of Cappadocia. The foreground should clearly emphasize the main cultural elements. The middle ground should naturally continue with the historical environment. The background should preserve the real geography of Cappadocia. Ön planda ana kültürel motifler açık şekilde görünmelidir. Orta planda Kapadokya'nın doğal ve tarihi çevresi yer almalıdır. Arka planda bölgenin gerçek topoğrafyası korunmalıdır. Kompozisyon doğal perspektife sahip olmalıdır. Fotoğraf gerçek bir insan tarafından çekilmiş hissi vermelidir. gerçek belgesel fotoğrafı, National Geographic tarzı, fotoğraf gerçekçiliği, yüksek dinamik aralık, gerçekçi ışık, gerçekçi gölgeler, 35mm DSLR, RAW fotoğraf, yüksek çözünürlük, keskin odak, yüksek ayrıntı, gerçek malzeme dokuları, doğal renkler belgesel fotoğrafçılığı, National Geographic kalitesi, ultra gerçekçi, profesyonel DSLR fotoğrafı, 35mm lens, RAW fotoğraf, yüksek dinamik aralık, doğal renkler, gerçekçi ışıklandırma, keskin odak, yüksek ayrıntı, gerçekçi malzeme dokuları, doğal gölgeler, fotoğraf gerçekçiliği, yüksek çözünürlük No fantasy elements. No futuristic buildings. No modern architecture. No artificial looking objects. The final image should resemble a professional National Geographic documentary photograph.;207;221;207;221
CHRD_REAL_0138;CHRD_REAL_0138.jpeg;Village Square;Ürgüp;Street;Landscape;Unknown;No;;Low;;Kapadokya'da geçen son derece gerçekçi bir belgesel fotoğrafı oluştur. Tema: Kapadokya köy meydanı, tarihi taş sokaklar, yerel mahalle yaşamı, geleneksel Anadolu yerleşimi, otantik köy atmosferi, kültürel yaşam alanı Konum: Ürgüp, tarihi taş evler, geleneksel Kapadokya yerleşimi, dar taş sokaklar, otantik Anadolu mimarisi Ana kültürel motifler: tarihi taş sokak, otantik Kapadokya yolu, geleneksel mahalle yolu Kapadokya doğal manzarası, geniş açık arazi, otantik doğa görünümü Mevsim: doğal gün ışığı Sahne tamamen Kapadokya'nın gerçek kültürel kimliğini yansıtmalıdır. Ön planda ana kültürel motifler açık şekilde görünmelidir. Orta planda tarihi çevre doğal şekilde devam etmelidir. Arka planda Kapadokya'nın gerçek topoğrafyası yer almalıdır. Ön planda ana kültürel motifler açık şekilde görünmelidir. Orta planda Kapadokya'nın doğal ve tarihi çevresi yer almalıdır. Arka planda bölgenin gerçek topoğrafyası korunmalıdır. Kompozisyon doğal perspektife sahip olmalıdır. Fotoğraf gerçek bir insan tarafından çekilmiş hissi vermelidir. gerçek belgesel fotoğrafı, National Geographic tarzı, fotoğraf gerçekçiliği, yüksek dinamik aralık, gerçekçi ışık, gerçekçi gölgeler, 35mm DSLR, RAW fotoğraf, yüksek çözünürlük, keskin odak, yüksek ayrıntı, gerçek malzeme dokuları, doğal renkler belgesel fotoğrafçılığı, National Geographic kalitesi, ultra gerçekçi, profesyonel DSLR fotoğrafı, 35mm lens, RAW fotoğraf, yüksek dinamik aralık, doğal renkler, gerçekçi ışıklandırma, keskin odak, yüksek ayrıntı, gerçekçi malzeme dokuları, doğal gölgeler, fotoğraf gerçekçiliği, yüksek çözünürlük Kesinlikle fantastik öğe bulunmamalıdır. Modern mimari kullanılmamalıdır. Yapay görünen nesneler bulunmamalıdır. Fotoğraf gerçek bir belgesel fotoğrafçısı tarafından çekilmiş hissi vermelidir.;Create an ultra realistic documentary style photograph captured in Cappadocia. Theme: Kapadokya köy meydanı, tarihi taş sokaklar, yerel mahalle yaşamı, geleneksel Anadolu yerleşimi, otantik köy atmosferi, kültürel yaşam alanı Location: Ürgüp, tarihi taş evler, geleneksel Kapadokya yerleşimi, dar taş sokaklar, otantik Anadolu mimarisi Main cultural elements: tarihi taş sokak, otantik Kapadokya yolu, geleneksel mahalle yolu Kapadokya doğal manzarası, geniş açık arazi, otantik doğa görünümü Season: doğal gün ışığı The scene must faithfully represent the authentic cultural identity of Cappadocia. The foreground should clearly emphasize the main cultural elements. The middle ground should naturally continue with the historical environment. The background should preserve the real geography of Cappadocia. Ön planda ana kültürel motifler açık şekilde görünmelidir. Orta planda Kapadokya'nın doğal ve tarihi çevresi yer almalıdır. Arka planda bölgenin gerçek topoğrafyası korunmalıdır. Kompozisyon doğal perspektife sahip olmalıdır. Fotoğraf gerçek bir insan tarafından çekilmiş hissi vermelidir. gerçek belgesel fotoğrafı, National Geographic tarzı, fotoğraf gerçekçiliği, yüksek dinamik aralık, gerçekçi ışık, gerçekçi gölgeler, 35mm DSLR, RAW fotoğraf, yüksek çözünürlük, keskin odak, yüksek ayrıntı, gerçek malzeme dokuları, doğal renkler belgesel fotoğrafçılığı, National Geographic kalitesi, ultra gerçekçi, profesyonel DSLR fotoğrafı, 35mm lens, RAW fotoğraf, yüksek dinamik aralık, doğal renkler, gerçekçi ışıklandırma, keskin odak, yüksek ayrıntı, gerçekçi malzeme dokuları, doğal gölgeler, fotoğraf gerçekçiliği, yüksek çözünürlük No fantasy elements. No futuristic buildings. No modern architecture. No artificial looking objects. The final image should resemble a professional National Geographic documentary photograph.;217;231;217;231
CHRD_REAL_0139;CHRD_REAL_0139.jpeg;Local Architecture;Mustafapaşa;Stone House;Unknown;Unknown;No;;Medium;;Kapadokya'da geçen son derece gerçekçi bir belgesel fotoğrafı oluştur. Tema: Kapadokya taş mimarisi, geleneksel kaya evleri, taş yapılar, Anadolu mimarisi, korunmuş tarihi yapılar, otantik kültürel mimari Konum: Mustafapaşa, eski Rum taş konakları, tarihi sokaklar, geleneksel Kapadokya mimarisi Ana kültürel motifler: geleneksel taş evler, Anadolu taş mimarisi, tarihi taş yapılar Unknown Mevsim: doğal gün ışığı Sahne tamamen Kapadokya'nın gerçek kültürel kimliğini yansıtmalıdır. Ön planda ana kültürel motifler açık şekilde görünmelidir. Orta planda tarihi çevre doğal şekilde devam etmelidir. Arka planda Kapadokya'nın gerçek topoğrafyası yer almalıdır. Ön planda ana kültürel motifler açık şekilde görünmelidir. Orta planda Kapadokya'nın doğal ve tarihi çevresi yer almalıdır. Arka planda bölgenin gerçek topoğrafyası korunmalıdır. Kompozisyon doğal perspektife sahip olmalıdır. Fotoğraf gerçek bir insan tarafından çekilmiş hissi vermelidir. gerçek belgesel fotoğrafı, National Geographic tarzı, fotoğraf gerçekçiliği, yüksek dinamik aralık, gerçekçi ışık, gerçekçi gölgeler, 35mm DSLR, RAW fotoğraf, yüksek çözünürlük, keskin odak, yüksek ayrıntı, gerçek malzeme dokuları, doğal renkler belgesel fotoğrafçılığı, National Geographic kalitesi, ultra gerçekçi, profesyonel DSLR fotoğrafı, 35mm lens, RAW fotoğraf, yüksek dinamik aralık, doğal renkler, gerçekçi ışıklandırma, keskin odak, yüksek ayrıntı, gerçekçi malzeme dokuları, doğal gölgeler, fotoğraf gerçekçiliği, yüksek çözünürlük Kesinlikle fantastik öğe bulunmamalıdır. Modern mimari kullanılmamalıdır. Yapay görünen nesneler bulunmamalıdır. Fotoğraf gerçek bir belgesel fotoğrafçısı tarafından çekilmiş hissi vermelidir.;Create an ultra realistic documentary style photograph captured in Cappadocia. Theme: Kapadokya taş mimarisi, geleneksel kaya evleri, taş yapılar, Anadolu mimarisi, korunmuş tarihi yapılar, otantik kültürel mimari Location: Mustafapaşa, eski Rum taş konakları, tarihi sokaklar, geleneksel Kapadokya mimarisi Main cultural elements: geleneksel taş evler, Anadolu taş mimarisi, tarihi taş yapılar Unknown Season: doğal gün ışığı The scene must faithfully represent the authentic cultural identity of Cappadocia. The foreground should clearly emphasize the main cultural elements. The middle ground should naturally continue with the historical environment. The background should preserve the real geography of Cappadocia. Ön planda ana kültürel motifler açık şekilde görünmelidir. Orta planda Kapadokya'nın doğal ve tarihi çevresi yer almalıdır. Arka planda bölgenin gerçek topoğrafyası korunmalıdır. Kompozisyon doğal perspektife sahip olmalıdır. Fotoğraf gerçek bir insan tarafından çekilmiş hissi vermelidir. gerçek belgesel fotoğrafı, National Geographic tarzı, fotoğraf gerçekçiliği, yüksek dinamik aralık, gerçekçi ışık, gerçekçi gölgeler, 35mm DSLR, RAW fotoğraf, yüksek çözünürlük, keskin odak, yüksek ayrıntı, gerçek malzeme dokuları, doğal renkler belgesel fotoğrafçılığı, National Geographic kalitesi, ultra gerçekçi, profesyonel DSLR fotoğrafı, 35mm lens, RAW fotoğraf, yüksek dinamik aralık, doğal renkler, gerçekçi ışıklandırma, keskin odak, yüksek ayrıntı, gerçekçi malzeme dokuları, doğal gölgeler, fotoğraf gerçekçiliği, yüksek çözünürlük No fantasy elements. No futuristic buildings. No modern architecture. No artificial looking objects. The final image should resemble a professional National Geographic documentary photograph.;204;218;204;218
CHRD_REAL_0140;CHRD_REAL_0140.jpeg;Local Architecture;Unknown;cave hotel;Stone House;Unknown;No;;Medium;;Kapadokya'da geçen son derece gerçekçi bir belgesel fotoğrafı oluştur. Tema: Kapadokya taş mimarisi, geleneksel kaya evleri, taş yapılar, Anadolu mimarisi, korunmuş tarihi yapılar, otantik kültürel mimari Konum: Kapadokya Ana kültürel motifler: cave hotel geleneksel taş evler, Anadolu taş mimarisi, tarihi taş yapılar Mevsim: doğal gün ışığı Sahne tamamen Kapadokya'nın gerçek kültürel kimliğini yansıtmalıdır. Ön planda ana kültürel motifler açık şekilde görünmelidir. Orta planda tarihi çevre doğal şekilde devam etmelidir. Arka planda Kapadokya'nın gerçek topoğrafyası yer almalıdır. Ön planda ana kültürel motifler açık şekilde görünmelidir. Orta planda Kapadokya'nın doğal ve tarihi çevresi yer almalıdır. Arka planda bölgenin gerçek topoğrafyası korunmalıdır. Kompozisyon doğal perspektife sahip olmalıdır. Fotoğraf gerçek bir insan tarafından çekilmiş hissi vermelidir. gerçek belgesel fotoğrafı, National Geographic tarzı, fotoğraf gerçekçiliği, yüksek dinamik aralık, gerçekçi ışık, gerçekçi gölgeler, 35mm DSLR, RAW fotoğraf, yüksek çözünürlük, keskin odak, yüksek ayrıntı, gerçek malzeme dokuları, doğal renkler belgesel fotoğrafçılığı, National Geographic kalitesi, ultra gerçekçi, profesyonel DSLR fotoğrafı, 35mm lens, RAW fotoğraf, yüksek dinamik aralık, doğal renkler, gerçekçi ışıklandırma, keskin odak, yüksek ayrıntı, gerçekçi malzeme dokuları, doğal gölgeler, fotoğraf gerçekçiliği, yüksek çözünürlük Kesinlikle fantastik öğe bulunmamalıdır. Modern mimari kullanılmamalıdır. Yapay görünen nesneler bulunmamalıdır. Fotoğraf gerçek bir belgesel fotoğrafçısı tarafından çekilmiş hissi vermelidir.;Create an ultra realistic documentary style photograph captured in Cappadocia. Theme: Kapadokya taş mimarisi, geleneksel kaya evleri, taş yapılar, Anadolu mimarisi, korunmuş tarihi yapılar, otantik kültürel mimari Location: Kapadokya Main cultural elements: cave hotel geleneksel taş evler, Anadolu taş mimarisi, tarihi taş yapılar Season: doğal gün ışığı The scene must faithfully represent the authentic cultural identity of Cappadocia. The foreground should clearly emphasize the main cultural elements. The middle ground should naturally continue with the historical environment. The background should preserve the real geography of Cappadocia. Ön planda ana kültürel motifler açık şekilde görünmelidir. Orta planda Kapadokya'nın doğal ve tarihi çevresi yer almalıdır. Arka planda bölgenin gerçek topoğrafyası korunmalıdır. Kompozisyon doğal perspektife sahip olmalıdır. Fotoğraf gerçek bir insan tarafından çekilmiş hissi vermelidir. gerçek belgesel fotoğrafı, National Geographic tarzı, fotoğraf gerçekçiliği, yüksek dinamik aralık, gerçekçi ışık, gerçekçi gölgeler, 35mm DSLR, RAW fotoğraf, yüksek çözünürlük, keskin odak, yüksek ayrıntı, gerçek malzeme dokuları, doğal renkler belgesel fotoğrafçılığı, National Geographic kalitesi, ultra gerçekçi, profesyonel DSLR fotoğrafı, 35mm lens, RAW fotoğraf, yüksek dinamik aralık, doğal renkler, gerçekçi ışıklandırma, keskin odak, yüksek ayrıntı, gerçekçi malzeme dokuları, doğal gölgeler, fotoğraf gerçekçiliği, yüksek çözünürlük No fantasy elements. No futuristic buildings. No modern architecture. No artificial looking objects. The final image should resemble a professional National Geographic documentary photograph.;196;210;196;210
CHRD_REAL_0141;CHRD_REAL_0141.jpeg;Natural Landscape;Unknown;Fairy Chimney;Valley;Unknown;No;;Medium;;Kapadokya'da geçen son derece gerçekçi bir belgesel fotoğrafı oluştur. Tema: Kapadokya'nın doğal manzarası, vadiler, volkanik kaya oluşumları, peri bacaları, geniş gökyüzü, otantik doğal çevre Konum: Kapadokya Ana kültürel motifler: Kapadokya'ya özgü peri bacaları, volkanik kaya oluşumları, doğal jeolojik yapı, ikonik Kapadokya manzarası Kapadokya vadisi, geniş kaya vadisi, doğal arazi Mevsim: doğal gün ışığı Sahne tamamen Kapadokya'nın gerçek kültürel kimliğini yansıtmalıdır. Ön planda ana kültürel motifler açık şekilde görünmelidir. Orta planda tarihi çevre doğal şekilde devam etmelidir. Arka planda Kapadokya'nın gerçek topoğrafyası yer almalıdır. Ön planda ana kültürel motifler açık şekilde görünmelidir. Orta planda Kapadokya'nın doğal ve tarihi çevresi yer almalıdır. Arka planda bölgenin gerçek topoğrafyası korunmalıdır. Kompozisyon doğal perspektife sahip olmalıdır. Fotoğraf gerçek bir insan tarafından çekilmiş hissi vermelidir. gerçek belgesel fotoğrafı, National Geographic tarzı, fotoğraf gerçekçiliği, yüksek dinamik aralık, gerçekçi ışık, gerçekçi gölgeler, 35mm DSLR, RAW fotoğraf, yüksek çözünürlük, keskin odak, yüksek ayrıntı, gerçek malzeme dokuları, doğal renkler belgesel fotoğrafçılığı, National Geographic kalitesi, ultra gerçekçi, profesyonel DSLR fotoğrafı, 35mm lens, RAW fotoğraf, yüksek dinamik aralık, doğal renkler, gerçekçi ışıklandırma, keskin odak, yüksek ayrıntı, gerçekçi malzeme dokuları, doğal gölgeler, fotoğraf gerçekçiliği, yüksek çözünürlük Kesinlikle fantastik öğe bulunmamalıdır. Modern mimari kullanılmamalıdır. Yapay görünen nesneler bulunmamalıdır. Fotoğraf gerçek bir belgesel fotoğrafçısı tarafından çekilmiş hissi vermelidir.;Create an ultra realistic documentary style photograph captured in Cappadocia. Theme: Kapadokya'nın doğal manzarası, vadiler, volkanik kaya oluşumları, peri bacaları, geniş gökyüzü, otantik doğal çevre Location: Kapadokya Main cultural elements: Kapadokya'ya özgü peri bacaları, volkanik kaya oluşumları, doğal jeolojik yapı, ikonik Kapadokya manzarası Kapadokya vadisi, geniş kaya vadisi, doğal arazi Season: doğal gün ışığı The scene must faithfully represent the authentic cultural identity of Cappadocia. The foreground should clearly emphasize the main cultural elements. The middle ground should naturally continue with the historical environment. The background should preserve the real geography of Cappadocia. Ön planda ana kültürel motifler açık şekilde görünmelidir. Orta planda Kapadokya'nın doğal ve tarihi çevresi yer almalıdır. Arka planda bölgenin gerçek topoğrafyası korunmalıdır. Kompozisyon doğal perspektife sahip olmalıdır. Fotoğraf gerçek bir insan tarafından çekilmiş hissi vermelidir. gerçek belgesel fotoğrafı, National Geographic tarzı, fotoğraf gerçekçiliği, yüksek dinamik aralık, gerçekçi ışık, gerçekçi gölgeler, 35mm DSLR, RAW fotoğraf, yüksek çözünürlük, keskin odak, yüksek ayrıntı, gerçek malzeme dokuları, doğal renkler belgesel fotoğrafçılığı, National Geographic kalitesi, ultra gerçekçi, profesyonel DSLR fotoğrafı, 35mm lens, RAW fotoğraf, yüksek dinamik aralık, doğal renkler, gerçekçi ışıklandırma, keskin odak, yüksek ayrıntı, gerçekçi malzeme dokuları, doğal gölgeler, fotoğraf gerçekçiliği, yüksek çözünürlük No fantasy elements. No futuristic buildings. No modern architecture. No artificial looking objects. The final image should resemble a professional National Geographic documentary photograph.;203;217;203;217
CHRD_REAL_0142;CHRD_REAL_0142.jpeg;Local Architecture;Unknown;cave house;Unknown;Unknown;No;;Medium;;Kapadokya'da geçen son derece gerçekçi bir belgesel fotoğrafı oluştur. Tema: Kapadokya taş mimarisi, geleneksel kaya evleri, taş yapılar, Anadolu mimarisi, korunmuş tarihi yapılar, otantik kültürel mimari Konum: Kapadokya Ana kültürel motifler: cave house Unknown Mevsim: doğal gün ışığı Sahne tamamen Kapadokya'nın gerçek kültürel kimliğini yansıtmalıdır. Ön planda ana kültürel motifler açık şekilde görünmelidir. Orta planda tarihi çevre doğal şekilde devam etmelidir. Arka planda Kapadokya'nın gerçek topoğrafyası yer almalıdır. Ön planda ana kültürel motifler açık şekilde görünmelidir. Orta planda Kapadokya'nın doğal ve tarihi çevresi yer almalıdır. Arka planda bölgenin gerçek topoğrafyası korunmalıdır. Kompozisyon doğal perspektife sahip olmalıdır. Fotoğraf gerçek bir insan tarafından çekilmiş hissi vermelidir. gerçek belgesel fotoğrafı, National Geographic tarzı, fotoğraf gerçekçiliği, yüksek dinamik aralık, gerçekçi ışık, gerçekçi gölgeler, 35mm DSLR, RAW fotoğraf, yüksek çözünürlük, keskin odak, yüksek ayrıntı, gerçek malzeme dokuları, doğal renkler belgesel fotoğrafçılığı, National Geographic kalitesi, ultra gerçekçi, profesyonel DSLR fotoğrafı, 35mm lens, RAW fotoğraf, yüksek dinamik aralık, doğal renkler, gerçekçi ışıklandırma, keskin odak, yüksek ayrıntı, gerçekçi malzeme dokuları, doğal gölgeler, fotoğraf gerçekçiliği, yüksek çözünürlük Kesinlikle fantastik öğe bulunmamalıdır. Modern mimari kullanılmamalıdır. Yapay görünen nesneler bulunmamalıdır. Fotoğraf gerçek bir belgesel fotoğrafçısı tarafından çekilmiş hissi vermelidir.;Create an ultra realistic documentary style photograph captured in Cappadocia. Theme: Kapadokya taş mimarisi, geleneksel kaya evleri, taş yapılar, Anadolu mimarisi, korunmuş tarihi yapılar, otantik kültürel mimari Location: Kapadokya Main cultural elements: cave house Unknown Season: doğal gün ışığı The scene must faithfully represent the authentic cultural identity of Cappadocia. The foreground should clearly emphasize the main cultural elements. The middle ground should naturally continue with the historical environment. The background should preserve the real geography of Cappadocia. Ön planda ana kültürel motifler açık şekilde görünmelidir. Orta planda Kapadokya'nın doğal ve tarihi çevresi yer almalıdır. Arka planda bölgenin gerçek topoğrafyası korunmalıdır. Kompozisyon doğal perspektife sahip olmalıdır. Fotoğraf gerçek bir insan tarafından çekilmiş hissi vermelidir. gerçek belgesel fotoğrafı, National Geographic tarzı, fotoğraf gerçekçiliği, yüksek dinamik aralık, gerçekçi ışık, gerçekçi gölgeler, 35mm DSLR, RAW fotoğraf, yüksek çözünürlük, keskin odak, yüksek ayrıntı, gerçek malzeme dokuları, doğal renkler belgesel fotoğrafçılığı, National Geographic kalitesi, ultra gerçekçi, profesyonel DSLR fotoğrafı, 35mm lens, RAW fotoğraf, yüksek dinamik aralık, doğal renkler, gerçekçi ışıklandırma, keskin odak, yüksek ayrıntı, gerçekçi malzeme dokuları, doğal gölgeler, fotoğraf gerçekçiliği, yüksek çözünürlük No fantasy elements. No futuristic buildings. No modern architecture. No artificial looking objects. The final image should resemble a professional National Geographic documentary photograph.;188;202;188;202
CHRD_REAL_0143;CHRD_REAL_0143.jpeg;Natural Landscape;Unknown;Sunrise;Landscape;Unknown;No;;Low;;Kapadokya'da geçen son derece gerçekçi bir belgesel fotoğrafı oluştur. Tema: Kapadokya'nın doğal manzarası, vadiler, volkanik kaya oluşumları, peri bacaları, geniş gökyüzü, otantik doğal çevre Konum: Kapadokya Ana kültürel motifler: gün doğumu, altın saat ışıkları, doğal sabah ışığı Kapadokya doğal manzarası, geniş açık arazi, otantik doğa görünümü Mevsim: doğal gün ışığı Sahne tamamen Kapadokya'nın gerçek kültürel kimliğini yansıtmalıdır. Ön planda ana kültürel motifler açık şekilde görünmelidir. Orta planda tarihi çevre doğal şekilde devam etmelidir. Arka planda Kapadokya'nın gerçek topoğrafyası yer almalıdır. Ön planda ana kültürel motifler açık şekilde görünmelidir. Orta planda Kapadokya'nın doğal ve tarihi çevresi yer almalıdır. Arka planda bölgenin gerçek topoğrafyası korunmalıdır. Kompozisyon doğal perspektife sahip olmalıdır. Fotoğraf gerçek bir insan tarafından çekilmiş hissi vermelidir. gerçek belgesel fotoğrafı, National Geographic tarzı, fotoğraf gerçekçiliği, yüksek dinamik aralık, gerçekçi ışık, gerçekçi gölgeler, 35mm DSLR, RAW fotoğraf, yüksek çözünürlük, keskin odak, yüksek ayrıntı, gerçek malzeme dokuları, doğal renkler belgesel fotoğrafçılığı, National Geographic kalitesi, ultra gerçekçi, profesyonel DSLR fotoğrafı, 35mm lens, RAW fotoğraf, yüksek dinamik aralık, doğal renkler, gerçekçi ışıklandırma, keskin odak, yüksek ayrıntı, gerçekçi malzeme dokuları, doğal gölgeler, fotoğraf gerçekçiliği, yüksek çözünürlük Kesinlikle fantastik öğe bulunmamalıdır. Modern mimari kullanılmamalıdır. Yapay görünen nesneler bulunmamalıdır. Fotoğraf gerçek bir belgesel fotoğrafçısı tarafından çekilmiş hissi vermelidir.;Create an ultra realistic documentary style photograph captured in Cappadocia. Theme: Kapadokya'nın doğal manzarası, vadiler, volkanik kaya oluşumları, peri bacaları, geniş gökyüzü, otantik doğal çevre Location: Kapadokya Main cultural elements: gün doğumu, altın saat ışıkları, doğal sabah ışığı Kapadokya doğal manzarası, geniş açık arazi, otantik doğa görünümü Season: doğal gün ışığı The scene must faithfully represent the authentic cultural identity of Cappadocia. The foreground should clearly emphasize the main cultural elements. The middle ground should naturally continue with the historical environment. The background should preserve the real geography of Cappadocia. Ön planda ana kültürel motifler açık şekilde görünmelidir. Orta planda Kapadokya'nın doğal ve tarihi çevresi yer almalıdır. Arka planda bölgenin gerçek topoğrafyası korunmalıdır. Kompozisyon doğal perspektife sahip olmalıdır. Fotoğraf gerçek bir insan tarafından çekilmiş hissi vermelidir. gerçek belgesel fotoğrafı, National Geographic tarzı, fotoğraf gerçekçiliği, yüksek dinamik aralık, gerçekçi ışık, gerçekçi gölgeler, 35mm DSLR, RAW fotoğraf, yüksek çözünürlük, keskin odak, yüksek ayrıntı, gerçek malzeme dokuları, doğal renkler belgesel fotoğrafçılığı, National Geographic kalitesi, ultra gerçekçi, profesyonel DSLR fotoğrafı, 35mm lens, RAW fotoğraf, yüksek dinamik aralık, doğal renkler, gerçekçi ışıklandırma, keskin odak, yüksek ayrıntı, gerçekçi malzeme dokuları, doğal gölgeler, fotoğraf gerçekçiliği, yüksek çözünürlük No fantasy elements. No futuristic buildings. No modern architecture. No artificial looking objects. The final image should resemble a professional National Geographic documentary photograph.;200;214;200;214
CHRD_REAL_0144;CHRD_REAL_0144.jpeg;Daily Life;Unknown;Street;Stone House;Unknown;No;;Low;;Kapadokya'da geçen son derece gerçekçi bir belgesel fotoğrafı oluştur. Tema: Kapadokya'da yaşayan insanların doğal günlük yaşamı, yerel Anadolu kültürü, geleneksel yaşam biçimi, otantik sosyal ortam, gerçek yaşam sahnesi, yaşayan kültürel miras Konum: Kapadokya Ana kültürel motifler: tarihi taş sokak, otantik Kapadokya yolu, geleneksel mahalle yolu geleneksel taş evler, Anadolu taş mimarisi, tarihi taş yapılar Mevsim: doğal gün ışığı Sahne tamamen Kapadokya'nın gerçek kültürel kimliğini yansıtmalıdır. Ön planda ana kültürel motifler açık şekilde görünmelidir. Orta planda tarihi çevre doğal şekilde devam etmelidir. Arka planda Kapadokya'nın gerçek topoğrafyası yer almalıdır. Ön planda ana kültürel motifler açık şekilde görünmelidir. Orta planda Kapadokya'nın doğal ve tarihi çevresi yer almalıdır. Arka planda bölgenin gerçek topoğrafyası korunmalıdır. Kompozisyon doğal perspektife sahip olmalıdır. Fotoğraf gerçek bir insan tarafından çekilmiş hissi vermelidir. gerçek belgesel fotoğrafı, National Geographic tarzı, fotoğraf gerçekçiliği, yüksek dinamik aralık, gerçekçi ışık, gerçekçi gölgeler, 35mm DSLR, RAW fotoğraf, yüksek çözünürlük, keskin odak, yüksek ayrıntı, gerçek malzeme dokuları, doğal renkler belgesel fotoğrafçılığı, National Geographic kalitesi, ultra gerçekçi, profesyonel DSLR fotoğrafı, 35mm lens, RAW fotoğraf, yüksek dinamik aralık, doğal renkler, gerçekçi ışıklandırma, keskin odak, yüksek ayrıntı, gerçekçi malzeme dokuları, doğal gölgeler, fotoğraf gerçekçiliği, yüksek çözünürlük Kesinlikle fantastik öğe bulunmamalıdır. Modern mimari kullanılmamalıdır. Yapay görünen nesneler bulunmamalıdır. Fotoğraf gerçek bir belgesel fotoğrafçısı tarafından çekilmiş hissi vermelidir.;Create an ultra realistic documentary style photograph captured in Cappadocia. Theme: Kapadokya'da yaşayan insanların doğal günlük yaşamı, yerel Anadolu kültürü, geleneksel yaşam biçimi, otantik sosyal ortam, gerçek yaşam sahnesi, yaşayan kültürel miras Location: Kapadokya Main cultural elements: tarihi taş sokak, otantik Kapadokya yolu, geleneksel mahalle yolu geleneksel taş evler, Anadolu taş mimarisi, tarihi taş yapılar Season: doğal gün ışığı The scene must faithfully represent the authentic cultural identity of Cappadocia. The foreground should clearly emphasize the main cultural elements. The middle ground should naturally continue with the historical environment. The background should preserve the real geography of Cappadocia. Ön planda ana kültürel motifler açık şekilde görünmelidir. Orta planda Kapadokya'nın doğal ve tarihi çevresi yer almalıdır. Arka planda bölgenin gerçek topoğrafyası korunmalıdır. Kompozisyon doğal perspektife sahip olmalıdır. Fotoğraf gerçek bir insan tarafından çekilmiş hissi vermelidir. gerçek belgesel fotoğrafı, National Geographic tarzı, fotoğraf gerçekçiliği, yüksek dinamik aralık, gerçekçi ışık, gerçekçi gölgeler, 35mm DSLR, RAW fotoğraf, yüksek çözünürlük, keskin odak, yüksek ayrıntı, gerçek malzeme dokuları, doğal renkler belgesel fotoğrafçılığı, National Geographic kalitesi, ultra gerçekçi, profesyonel DSLR fotoğrafı, 35mm lens, RAW fotoğraf, yüksek dinamik aralık, doğal renkler, gerçekçi ışıklandırma, keskin odak, yüksek ayrıntı, gerçekçi malzeme dokuları, doğal gölgeler, fotoğraf gerçekçiliği, yüksek çözünürlük No fantasy elements. No futuristic buildings. No modern architecture. No artificial looking objects. The final image should resemble a professional National Geographic documentary photograph.;208;222;208;222
CHRD_REAL_0145;CHRD_REAL_0145.jpeg;Local Architecture;Unknown;Museum;carpet;Unknown;No;;Medium;mermer zemin?;Kapadokya'da geçen son derece gerçekçi bir belgesel fotoğrafı oluştur. Tema: Kapadokya taş mimarisi, geleneksel kaya evleri, taş yapılar, Anadolu mimarisi, korunmuş tarihi yapılar, otantik kültürel mimari Konum: Kapadokya Ana kültürel motifler: yerel kültür müzesi, tarihi eser koleksiyonu, kültürel miras müzesi carpet Mevsim: doğal gün ışığı Sahne tamamen Kapadokya'nın gerçek kültürel kimliğini yansıtmalıdır. Ön planda ana kültürel motifler açık şekilde görünmelidir. Orta planda tarihi çevre doğal şekilde devam etmelidir. Arka planda Kapadokya'nın gerçek topoğrafyası yer almalıdır. Ön planda ana kültürel motifler açık şekilde görünmelidir. Orta planda Kapadokya'nın doğal ve tarihi çevresi yer almalıdır. Arka planda bölgenin gerçek topoğrafyası korunmalıdır. Kompozisyon doğal perspektife sahip olmalıdır. Fotoğraf gerçek bir insan tarafından çekilmiş hissi vermelidir. gerçek belgesel fotoğrafı, National Geographic tarzı, fotoğraf gerçekçiliği, yüksek dinamik aralık, gerçekçi ışık, gerçekçi gölgeler, 35mm DSLR, RAW fotoğraf, yüksek çözünürlük, keskin odak, yüksek ayrıntı, gerçek malzeme dokuları, doğal renkler belgesel fotoğrafçılığı, National Geographic kalitesi, ultra gerçekçi, profesyonel DSLR fotoğrafı, 35mm lens, RAW fotoğraf, yüksek dinamik aralık, doğal renkler, gerçekçi ışıklandırma, keskin odak, yüksek ayrıntı, gerçekçi malzeme dokuları, doğal gölgeler, fotoğraf gerçekçiliği, yüksek çözünürlük Kesinlikle fantastik öğe bulunmamalıdır. Modern mimari kullanılmamalıdır. Yapay görünen nesneler bulunmamalıdır. Fotoğraf gerçek bir belgesel fotoğrafçısı tarafından çekilmiş hissi vermelidir.;Create an ultra realistic documentary style photograph captured in Cappadocia. Theme: Kapadokya taş mimarisi, geleneksel kaya evleri, taş yapılar, Anadolu mimarisi, korunmuş tarihi yapılar, otantik kültürel mimari Location: Kapadokya Main cultural elements: yerel kültür müzesi, tarihi eser koleksiyonu, kültürel miras müzesi carpet Season: doğal gün ışığı The scene must faithfully represent the authentic cultural identity of Cappadocia. The foreground should clearly emphasize the main cultural elements. The middle ground should naturally continue with the historical environment. The background should preserve the real geography of Cappadocia. Ön planda ana kültürel motifler açık şekilde görünmelidir. Orta planda Kapadokya'nın doğal ve tarihi çevresi yer almalıdır. Arka planda bölgenin gerçek topoğrafyası korunmalıdır. Kompozisyon doğal perspektife sahip olmalıdır. Fotoğraf gerçek bir insan tarafından çekilmiş hissi vermelidir. gerçek belgesel fotoğrafı, National Geographic tarzı, fotoğraf gerçekçiliği, yüksek dinamik aralık, gerçekçi ışık, gerçekçi gölgeler, 35mm DSLR, RAW fotoğraf, yüksek çözünürlük, keskin odak, yüksek ayrıntı, gerçek malzeme dokuları, doğal renkler belgesel fotoğrafçılığı, National Geographic kalitesi, ultra gerçekçi, profesyonel DSLR fotoğrafı, 35mm lens, RAW fotoğraf, yüksek dinamik aralık, doğal renkler, gerçekçi ışıklandırma, keskin odak, yüksek ayrıntı, gerçekçi malzeme dokuları, doğal gölgeler, fotoğraf gerçekçiliği, yüksek çözünürlük No fantasy elements. No futuristic buildings. No modern architecture. No artificial looking objects. The final image should resemble a professional National Geographic documentary photograph.;195;209;195;209
CHRD_REAL_0146;CHRD_REAL_0146.jpeg;Local Architecture;Unknown;landscape;Unknown;Unknown;No;;Low;emin olamdım matiften;Kapadokya'da geçen son derece gerçekçi bir belgesel fotoğrafı oluştur. Tema: Kapadokya taş mimarisi, geleneksel kaya evleri, taş yapılar, Anadolu mimarisi, korunmuş tarihi yapılar, otantik kültürel mimari Konum: Kapadokya Ana kültürel motifler: landscape Unknown Mevsim: doğal gün ışığı Sahne tamamen Kapadokya'nın gerçek kültürel kimliğini yansıtmalıdır. Ön planda ana kültürel motifler açık şekilde görünmelidir. Orta planda tarihi çevre doğal şekilde devam etmelidir. Arka planda Kapadokya'nın gerçek topoğrafyası yer almalıdır. Ön planda ana kültürel motifler açık şekilde görünmelidir. Orta planda Kapadokya'nın doğal ve tarihi çevresi yer almalıdır. Arka planda bölgenin gerçek topoğrafyası korunmalıdır. Kompozisyon doğal perspektife sahip olmalıdır. Fotoğraf gerçek bir insan tarafından çekilmiş hissi vermelidir. gerçek belgesel fotoğrafı, National Geographic tarzı, fotoğraf gerçekçiliği, yüksek dinamik aralık, gerçekçi ışık, gerçekçi gölgeler, 35mm DSLR, RAW fotoğraf, yüksek çözünürlük, keskin odak, yüksek ayrıntı, gerçek malzeme dokuları, doğal renkler belgesel fotoğrafçılığı, National Geographic kalitesi, ultra gerçekçi, profesyonel DSLR fotoğrafı, 35mm lens, RAW fotoğraf, yüksek dinamik aralık, doğal renkler, gerçekçi ışıklandırma, keskin odak, yüksek ayrıntı, gerçekçi malzeme dokuları, doğal gölgeler, fotoğraf gerçekçiliği, yüksek çözünürlük Kesinlikle fantastik öğe bulunmamalıdır. Modern mimari kullanılmamalıdır. Yapay görünen nesneler bulunmamalıdır. Fotoğraf gerçek bir belgesel fotoğrafçısı tarafından çekilmiş hissi vermelidir.;Create an ultra realistic documentary style photograph captured in Cappadocia. Theme: Kapadokya taş mimarisi, geleneksel kaya evleri, taş yapılar, Anadolu mimarisi, korunmuş tarihi yapılar, otantik kültürel mimari Location: Kapadokya Main cultural elements: landscape Unknown Season: doğal gün ışığı The scene must faithfully represent the authentic cultural identity of Cappadocia. The foreground should clearly emphasize the main cultural elements. The middle ground should naturally continue with the historical environment. The background should preserve the real geography of Cappadocia. Ön planda ana kültürel motifler açık şekilde görünmelidir. Orta planda Kapadokya'nın doğal ve tarihi çevresi yer almalıdır. Arka planda bölgenin gerçek topoğrafyası korunmalıdır. Kompozisyon doğal perspektife sahip olmalıdır. Fotoğraf gerçek bir insan tarafından çekilmiş hissi vermelidir. gerçek belgesel fotoğrafı, National Geographic tarzı, fotoğraf gerçekçiliği, yüksek dinamik aralık, gerçekçi ışık, gerçekçi gölgeler, 35mm DSLR, RAW fotoğraf, yüksek çözünürlük, keskin odak, yüksek ayrıntı, gerçek malzeme dokuları, doğal renkler belgesel fotoğrafçılığı, National Geographic kalitesi, ultra gerçekçi, profesyonel DSLR fotoğrafı, 35mm lens, RAW fotoğraf, yüksek dinamik aralık, doğal renkler, gerçekçi ışıklandırma, keskin odak, yüksek ayrıntı, gerçekçi malzeme dokuları, doğal gölgeler, fotoğraf gerçekçiliği, yüksek çözünürlük No fantasy elements. No futuristic buildings. No modern architecture. No artificial looking objects. The final image should resemble a professional National Geographic documentary photograph.;187;201;187;201
CHRD_REAL_0147;CHRD_REAL_0147.jpeg;Local Architecture;Unknown;Museum;Unknown;Unknown;No;;Low;;Kapadokya'da geçen son derece gerçekçi bir belgesel fotoğrafı oluştur. Tema: Kapadokya taş mimarisi, geleneksel kaya evleri, taş yapılar, Anadolu mimarisi, korunmuş tarihi yapılar, otantik kültürel mimari Konum: Kapadokya Ana kültürel motifler: yerel kültür müzesi, tarihi eser koleksiyonu, kültürel miras müzesi Unknown Mevsim: doğal gün ışığı Sahne tamamen Kapadokya'nın gerçek kültürel kimliğini yansıtmalıdır. Ön planda ana kültürel motifler açık şekilde görünmelidir. Orta planda tarihi çevre doğal şekilde devam etmelidir. Arka planda Kapadokya'nın gerçek topoğrafyası yer almalıdır. Ön planda ana kültürel motifler açık şekilde görünmelidir. Orta planda Kapadokya'nın doğal ve tarihi çevresi yer almalıdır. Arka planda bölgenin gerçek topoğrafyası korunmalıdır. Kompozisyon doğal perspektife sahip olmalıdır. Fotoğraf gerçek bir insan tarafından çekilmiş hissi vermelidir. gerçek belgesel fotoğrafı, National Geographic tarzı, fotoğraf gerçekçiliği, yüksek dinamik aralık, gerçekçi ışık, gerçekçi gölgeler, 35mm DSLR, RAW fotoğraf, yüksek çözünürlük, keskin odak, yüksek ayrıntı, gerçek malzeme dokuları, doğal renkler belgesel fotoğrafçılığı, National Geographic kalitesi, ultra gerçekçi, profesyonel DSLR fotoğrafı, 35mm lens, RAW fotoğraf, yüksek dinamik aralık, doğal renkler, gerçekçi ışıklandırma, keskin odak, yüksek ayrıntı, gerçekçi malzeme dokuları, doğal gölgeler, fotoğraf gerçekçiliği, yüksek çözünürlük Kesinlikle fantastik öğe bulunmamalıdır. Modern mimari kullanılmamalıdır. Yapay görünen nesneler bulunmamalıdır. Fotoğraf gerçek bir belgesel fotoğrafçısı tarafından çekilmiş hissi vermelidir.;Create an ultra realistic documentary style photograph captured in Cappadocia. Theme: Kapadokya taş mimarisi, geleneksel kaya evleri, taş yapılar, Anadolu mimarisi, korunmuş tarihi yapılar, otantik kültürel mimari Location: Kapadokya Main cultural elements: yerel kültür müzesi, tarihi eser koleksiyonu, kültürel miras müzesi Unknown Season: doğal gün ışığı The scene must faithfully represent the authentic cultural identity of Cappadocia. The foreground should clearly emphasize the main cultural elements. The middle ground should naturally continue with the historical environment. The background should preserve the real geography of Cappadocia. Ön planda ana kültürel motifler açık şekilde görünmelidir. Orta planda Kapadokya'nın doğal ve tarihi çevresi yer almalıdır. Arka planda bölgenin gerçek topoğrafyası korunmalıdır. Kompozisyon doğal perspektife sahip olmalıdır. Fotoğraf gerçek bir insan tarafından çekilmiş hissi vermelidir. gerçek belgesel fotoğrafı, National Geographic tarzı, fotoğraf gerçekçiliği, yüksek dinamik aralık, gerçekçi ışık, gerçekçi gölgeler, 35mm DSLR, RAW fotoğraf, yüksek çözünürlük, keskin odak, yüksek ayrıntı, gerçek malzeme dokuları, doğal renkler belgesel fotoğrafçılığı, National Geographic kalitesi, ultra gerçekçi, profesyonel DSLR fotoğrafı, 35mm lens, RAW fotoğraf, yüksek dinamik aralık, doğal renkler, gerçekçi ışıklandırma, keskin odak, yüksek ayrıntı, gerçekçi malzeme dokuları, doğal gölgeler, fotoğraf gerçekçiliği, yüksek çözünürlük No fantasy elements. No futuristic buildings. No modern architecture. No artificial looking objects. The final image should resemble a professional National Geographic documentary photograph.;195;209;195;209
CHRD_REAL_0148;CHRD_REAL_0148.jpeg;Rock-cut Heritage;Unknown;Rock Formation;cave house;Summer;No;;High;;Kapadokya'da geçen son derece gerçekçi bir belgesel fotoğrafı oluştur. Tema: Kapadokya'nın tarihi kaya oyma mirası, UNESCO Dünya Mirası, volkanik tüf kayalara oyulmuş tarihi yapılar, antik kaya yerleşimleri, geleneksel Anadolu mimarisi, otantik tarihi doku, korunmuş kültürel miras Konum: Kapadokya Ana kültürel motifler: volkanik kaya oluşumları, doğal kaya yapıları, Kapadokya jeolojisi cave house Mevsim: parlak yaz sabahı Sahne tamamen Kapadokya'nın gerçek kültürel kimliğini yansıtmalıdır. Ön planda ana kültürel motifler açık şekilde görünmelidir. Orta planda tarihi çevre doğal şekilde devam etmelidir. Arka planda Kapadokya'nın gerçek topoğrafyası yer almalıdır. Ön planda ana kültürel motifler açık şekilde görünmelidir. Orta planda Kapadokya'nın doğal ve tarihi çevresi yer almalıdır. Arka planda bölgenin gerçek topoğrafyası korunmalıdır. Kompozisyon doğal perspektife sahip olmalıdır. Fotoğraf gerçek bir insan tarafından çekilmiş hissi vermelidir. gerçek belgesel fotoğrafı, National Geographic tarzı, fotoğraf gerçekçiliği, yüksek dinamik aralık, gerçekçi ışık, gerçekçi gölgeler, 35mm DSLR, RAW fotoğraf, yüksek çözünürlük, keskin odak, yüksek ayrıntı, gerçek malzeme dokuları, doğal renkler belgesel fotoğrafçılığı, National Geographic kalitesi, ultra gerçekçi, profesyonel DSLR fotoğrafı, 35mm lens, RAW fotoğraf, yüksek dinamik aralık, doğal renkler, gerçekçi ışıklandırma, keskin odak, yüksek ayrıntı, gerçekçi malzeme dokuları, doğal gölgeler, fotoğraf gerçekçiliği, yüksek çözünürlük Kesinlikle fantastik öğe bulunmamalıdır. Modern mimari kullanılmamalıdır. Yapay görünen nesneler bulunmamalıdır. Fotoğraf gerçek bir belgesel fotoğrafçısı tarafından çekilmiş hissi vermelidir.;Create an ultra realistic documentary style photograph captured in Cappadocia. Theme: Kapadokya'nın tarihi kaya oyma mirası, UNESCO Dünya Mirası, volkanik tüf kayalara oyulmuş tarihi yapılar, antik kaya yerleşimleri, geleneksel Anadolu mimarisi, otantik tarihi doku, korunmuş kültürel miras Location: Kapadokya Main cultural elements: volkanik kaya oluşumları, doğal kaya yapıları, Kapadokya jeolojisi cave house Season: parlak yaz sabahı The scene must faithfully represent the authentic cultural identity of Cappadocia. The foreground should clearly emphasize the main cultural elements. The middle ground should naturally continue with the historical environment. The background should preserve the real geography of Cappadocia. Ön planda ana kültürel motifler açık şekilde görünmelidir. Orta planda Kapadokya'nın doğal ve tarihi çevresi yer almalıdır. Arka planda bölgenin gerçek topoğrafyası korunmalıdır. Kompozisyon doğal perspektife sahip olmalıdır. Fotoğraf gerçek bir insan tarafından çekilmiş hissi vermelidir. gerçek belgesel fotoğrafı, National Geographic tarzı, fotoğraf gerçekçiliği, yüksek dinamik aralık, gerçekçi ışık, gerçekçi gölgeler, 35mm DSLR, RAW fotoğraf, yüksek çözünürlük, keskin odak, yüksek ayrıntı, gerçek malzeme dokuları, doğal renkler belgesel fotoğrafçılığı, National Geographic kalitesi, ultra gerçekçi, profesyonel DSLR fotoğrafı, 35mm lens, RAW fotoğraf, yüksek dinamik aralık, doğal renkler, gerçekçi ışıklandırma, keskin odak, yüksek ayrıntı, gerçekçi malzeme dokuları, doğal gölgeler, fotoğraf gerçekçiliği, yüksek çözünürlük No fantasy elements. No futuristic buildings. No modern architecture. No artificial looking objects. The final image should resemble a professional National Geographic documentary photograph.;205;219;205;219
CHRD_REAL_0149;CHRD_REAL_0149.jpeg;Natural Landscape;Unknown;Rock Formation;trees;Unknown;No;;Medium;;Kapadokya'da geçen son derece gerçekçi bir belgesel fotoğrafı oluştur. Tema: Kapadokya'nın doğal manzarası, vadiler, volkanik kaya oluşumları, peri bacaları, geniş gökyüzü, otantik doğal çevre Konum: Kapadokya Ana kültürel motifler: volkanik kaya oluşumları, doğal kaya yapıları, Kapadokya jeolojisi trees Mevsim: doğal gün ışığı Sahne tamamen Kapadokya'nın gerçek kültürel kimliğini yansıtmalıdır. Ön planda ana kültürel motifler açık şekilde görünmelidir. Orta planda tarihi çevre doğal şekilde devam etmelidir. Arka planda Kapadokya'nın gerçek topoğrafyası yer almalıdır. Ön planda ana kültürel motifler açık şekilde görünmelidir. Orta planda Kapadokya'nın doğal ve tarihi çevresi yer almalıdır. Arka planda bölgenin gerçek topoğrafyası korunmalıdır. Kompozisyon doğal perspektife sahip olmalıdır. Fotoğraf gerçek bir insan tarafından çekilmiş hissi vermelidir. gerçek belgesel fotoğrafı, National Geographic tarzı, fotoğraf gerçekçiliği, yüksek dinamik aralık, gerçekçi ışık, gerçekçi gölgeler, 35mm DSLR, RAW fotoğraf, yüksek çözünürlük, keskin odak, yüksek ayrıntı, gerçek malzeme dokuları, doğal renkler belgesel fotoğrafçılığı, National Geographic kalitesi, ultra gerçekçi, profesyonel DSLR fotoğrafı, 35mm lens, RAW fotoğraf, yüksek dinamik aralık, doğal renkler, gerçekçi ışıklandırma, keskin odak, yüksek ayrıntı, gerçekçi malzeme dokuları, doğal gölgeler, fotoğraf gerçekçiliği, yüksek çözünürlük Kesinlikle fantastik öğe bulunmamalıdır. Modern mimari kullanılmamalıdır. Yapay görünen nesneler bulunmamalıdır. Fotoğraf gerçek bir belgesel fotoğrafçısı tarafından çekilmiş hissi vermelidir.;Create an ultra realistic documentary style photograph captured in Cappadocia. Theme: Kapadokya'nın doğal manzarası, vadiler, volkanik kaya oluşumları, peri bacaları, geniş gökyüzü, otantik doğal çevre Location: Kapadokya Main cultural elements: volkanik kaya oluşumları, doğal kaya yapıları, Kapadokya jeolojisi trees Season: doğal gün ışığı The scene must faithfully represent the authentic cultural identity of Cappadocia. The foreground should clearly emphasize the main cultural elements. The middle ground should naturally continue with the historical environment. The background should preserve the real geography of Cappadocia. Ön planda ana kültürel motifler açık şekilde görünmelidir. Orta planda Kapadokya'nın doğal ve tarihi çevresi yer almalıdır. Arka planda bölgenin gerçek topoğrafyası korunmalıdır. Kompozisyon doğal perspektife sahip olmalıdır. Fotoğraf gerçek bir insan tarafından çekilmiş hissi vermelidir. gerçek belgesel fotoğrafı, National Geographic tarzı, fotoğraf gerçekçiliği, yüksek dinamik aralık, gerçekçi ışık, gerçekçi gölgeler, 35mm DSLR, RAW fotoğraf, yüksek çözünürlük, keskin odak, yüksek ayrıntı, gerçek malzeme dokuları, doğal renkler belgesel fotoğrafçılığı, National Geographic kalitesi, ultra gerçekçi, profesyonel DSLR fotoğrafı, 35mm lens, RAW fotoğraf, yüksek dinamik aralık, doğal renkler, gerçekçi ışıklandırma, keskin odak, yüksek ayrıntı, gerçekçi malzeme dokuları, doğal gölgeler, fotoğraf gerçekçiliği, yüksek çözünürlük No fantasy elements. No futuristic buildings. No modern architecture. No artificial looking objects. The final image should resemble a professional National Geographic documentary photograph.;192;206;192;206
CHRD_REAL_0150;CHRD_REAL_0150.jpeg;Daily Life;Unknown;Stone House;Unknown;Unknown;No;;Medium;;Kapadokya'da geçen son derece gerçekçi bir belgesel fotoğrafı oluştur. Tema: Kapadokya'da yaşayan insanların doğal günlük yaşamı, yerel Anadolu kültürü, geleneksel yaşam biçimi, otantik sosyal ortam, gerçek yaşam sahnesi, yaşayan kültürel miras Konum: Kapadokya Ana kültürel motifler: geleneksel taş evler, Anadolu taş mimarisi, tarihi taş yapılar Unknown Mevsim: doğal gün ışığı Sahne tamamen Kapadokya'nın gerçek kültürel kimliğini yansıtmalıdır. Ön planda ana kültürel motifler açık şekilde görünmelidir. Orta planda tarihi çevre doğal şekilde devam etmelidir. Arka planda Kapadokya'nın gerçek topoğrafyası yer almalıdır. Ön planda ana kültürel motifler açık şekilde görünmelidir. Orta planda Kapadokya'nın doğal ve tarihi çevresi yer almalıdır. Arka planda bölgenin gerçek topoğrafyası korunmalıdır. Kompozisyon doğal perspektife sahip olmalıdır. Fotoğraf gerçek bir insan tarafından çekilmiş hissi vermelidir. gerçek belgesel fotoğrafı, National Geographic tarzı, fotoğraf gerçekçiliği, yüksek dinamik aralık, gerçekçi ışık, gerçekçi gölgeler, 35mm DSLR, RAW fotoğraf, yüksek çözünürlük, keskin odak, yüksek ayrıntı, gerçek malzeme dokuları, doğal renkler belgesel fotoğrafçılığı, National Geographic kalitesi, ultra gerçekçi, profesyonel DSLR fotoğrafı, 35mm lens, RAW fotoğraf, yüksek dinamik aralık, doğal renkler, gerçekçi ışıklandırma, keskin odak, yüksek ayrıntı, gerçekçi malzeme dokuları, doğal gölgeler, fotoğraf gerçekçiliği, yüksek çözünürlük Kesinlikle fantastik öğe bulunmamalıdır. Modern mimari kullanılmamalıdır. Yapay görünen nesneler bulunmamalıdır. Fotoğraf gerçek bir belgesel fotoğrafçısı tarafından çekilmiş hissi vermelidir.;Create an ultra realistic documentary style photograph captured in Cappadocia. Theme: Kapadokya'da yaşayan insanların doğal günlük yaşamı, yerel Anadolu kültürü, geleneksel yaşam biçimi, otantik sosyal ortam, gerçek yaşam sahnesi, yaşayan kültürel miras Location: Kapadokya Main cultural elements: geleneksel taş evler, Anadolu taş mimarisi, tarihi taş yapılar Unknown Season: doğal gün ışığı The scene must faithfully represent the authentic cultural identity of Cappadocia. The foreground should clearly emphasize the main cultural elements. The middle ground should naturally continue with the historical environment. The background should preserve the real geography of Cappadocia. Ön planda ana kültürel motifler açık şekilde görünmelidir. Orta planda Kapadokya'nın doğal ve tarihi çevresi yer almalıdır. Arka planda bölgenin gerçek topoğrafyası korunmalıdır. Kompozisyon doğal perspektife sahip olmalıdır. Fotoğraf gerçek bir insan tarafından çekilmiş hissi vermelidir. gerçek belgesel fotoğrafı, National Geographic tarzı, fotoğraf gerçekçiliği, yüksek dinamik aralık, gerçekçi ışık, gerçekçi gölgeler, 35mm DSLR, RAW fotoğraf, yüksek çözünürlük, keskin odak, yüksek ayrıntı, gerçek malzeme dokuları, doğal renkler belgesel fotoğrafçılığı, National Geographic kalitesi, ultra gerçekçi, profesyonel DSLR fotoğrafı, 35mm lens, RAW fotoğraf, yüksek dinamik aralık, doğal renkler, gerçekçi ışıklandırma, keskin odak, yüksek ayrıntı, gerçekçi malzeme dokuları, doğal gölgeler, fotoğraf gerçekçiliği, yüksek çözünürlük No fantasy elements. No futuristic buildings. No modern architecture. No artificial looking objects. The final image should resemble a professional National Geographic documentary photograph.;200;214;200;214
CHRD_REAL_0151;CHRD_REAL_0151.jpeg;Natural Landscape;Unknown;landscape;Rock Formation;Unknown;No;;Medium;;Kapadokya'da geçen son derece gerçekçi bir belgesel fotoğrafı oluştur. Tema: Kapadokya'nın doğal manzarası, vadiler, volkanik kaya oluşumları, peri bacaları, geniş gökyüzü, otantik doğal çevre Konum: Kapadokya Ana kültürel motifler: landscape volkanik kaya oluşumları, doğal kaya yapıları, Kapadokya jeolojisi Mevsim: doğal gün ışığı Sahne tamamen Kapadokya'nın gerçek kültürel kimliğini yansıtmalıdır. Ön planda ana kültürel motifler açık şekilde görünmelidir. Orta planda tarihi çevre doğal şekilde devam etmelidir. Arka planda Kapadokya'nın gerçek topoğrafyası yer almalıdır. Ön planda ana kültürel motifler açık şekilde görünmelidir. Orta planda Kapadokya'nın doğal ve tarihi çevresi yer almalıdır. Arka planda bölgenin gerçek topoğrafyası korunmalıdır. Kompozisyon doğal perspektife sahip olmalıdır. Fotoğraf gerçek bir insan tarafından çekilmiş hissi vermelidir. gerçek belgesel fotoğrafı, National Geographic tarzı, fotoğraf gerçekçiliği, yüksek dinamik aralık, gerçekçi ışık, gerçekçi gölgeler, 35mm DSLR, RAW fotoğraf, yüksek çözünürlük, keskin odak, yüksek ayrıntı, gerçek malzeme dokuları, doğal renkler belgesel fotoğrafçılığı, National Geographic kalitesi, ultra gerçekçi, profesyonel DSLR fotoğrafı, 35mm lens, RAW fotoğraf, yüksek dinamik aralık, doğal renkler, gerçekçi ışıklandırma, keskin odak, yüksek ayrıntı, gerçekçi malzeme dokuları, doğal gölgeler, fotoğraf gerçekçiliği, yüksek çözünürlük Kesinlikle fantastik öğe bulunmamalıdır. Modern mimari kullanılmamalıdır. Yapay görünen nesneler bulunmamalıdır. Fotoğraf gerçek bir belgesel fotoğrafçısı tarafından çekilmiş hissi vermelidir.;Create an ultra realistic documentary style photograph captured in Cappadocia. Theme: Kapadokya'nın doğal manzarası, vadiler, volkanik kaya oluşumları, peri bacaları, geniş gökyüzü, otantik doğal çevre Location: Kapadokya Main cultural elements: landscape volkanik kaya oluşumları, doğal kaya yapıları, Kapadokya jeolojisi Season: doğal gün ışığı The scene must faithfully represent the authentic cultural identity of Cappadocia. The foreground should clearly emphasize the main cultural elements. The middle ground should naturally continue with the historical environment. The background should preserve the real geography of Cappadocia. Ön planda ana kültürel motifler açık şekilde görünmelidir. Orta planda Kapadokya'nın doğal ve tarihi çevresi yer almalıdır. Arka planda bölgenin gerçek topoğrafyası korunmalıdır. Kompozisyon doğal perspektife sahip olmalıdır. Fotoğraf gerçek bir insan tarafından çekilmiş hissi vermelidir. gerçek belgesel fotoğrafı, National Geographic tarzı, fotoğraf gerçekçiliği, yüksek dinamik aralık, gerçekçi ışık, gerçekçi gölgeler, 35mm DSLR, RAW fotoğraf, yüksek çözünürlük, keskin odak, yüksek ayrıntı, gerçek malzeme dokuları, doğal renkler belgesel fotoğrafçılığı, National Geographic kalitesi, ultra gerçekçi, profesyonel DSLR fotoğrafı, 35mm lens, RAW fotoğraf, yüksek dinamik aralık, doğal renkler, gerçekçi ışıklandırma, keskin odak, yüksek ayrıntı, gerçekçi malzeme dokuları, doğal gölgeler, fotoğraf gerçekçiliği, yüksek çözünürlük No fantasy elements. No futuristic buildings. No modern architecture. No artificial looking objects. The final image should resemble a professional National Geographic documentary photograph.;192;206;192;206
CHRD_REAL_0152;CHRD_REAL_0152.jpeg;Natural Landscape;Unknown;landscape;Rock Formation;Unknown;No;;High;;Kapadokya'da geçen son derece gerçekçi bir belgesel fotoğrafı oluştur. Tema: Kapadokya'nın doğal manzarası, vadiler, volkanik kaya oluşumları, peri bacaları, geniş gökyüzü, otantik doğal çevre Konum: Kapadokya Ana kültürel motifler: landscape volkanik kaya oluşumları, doğal kaya yapıları, Kapadokya jeolojisi Mevsim: doğal gün ışığı Sahne tamamen Kapadokya'nın gerçek kültürel kimliğini yansıtmalıdır. Ön planda ana kültürel motifler açık şekilde görünmelidir. Orta planda tarihi çevre doğal şekilde devam etmelidir. Arka planda Kapadokya'nın gerçek topoğrafyası yer almalıdır. Ön planda ana kültürel motifler açık şekilde görünmelidir. Orta planda Kapadokya'nın doğal ve tarihi çevresi yer almalıdır. Arka planda bölgenin gerçek topoğrafyası korunmalıdır. Kompozisyon doğal perspektife sahip olmalıdır. Fotoğraf gerçek bir insan tarafından çekilmiş hissi vermelidir. gerçek belgesel fotoğrafı, National Geographic tarzı, fotoğraf gerçekçiliği, yüksek dinamik aralık, gerçekçi ışık, gerçekçi gölgeler, 35mm DSLR, RAW fotoğraf, yüksek çözünürlük, keskin odak, yüksek ayrıntı, gerçek malzeme dokuları, doğal renkler belgesel fotoğrafçılığı, National Geographic kalitesi, ultra gerçekçi, profesyonel DSLR fotoğrafı, 35mm lens, RAW fotoğraf, yüksek dinamik aralık, doğal renkler, gerçekçi ışıklandırma, keskin odak, yüksek ayrıntı, gerçekçi malzeme dokuları, doğal gölgeler, fotoğraf gerçekçiliği, yüksek çözünürlük Kesinlikle fantastik öğe bulunmamalıdır. Modern mimari kullanılmamalıdır. Yapay görünen nesneler bulunmamalıdır. Fotoğraf gerçek bir belgesel fotoğrafçısı tarafından çekilmiş hissi vermelidir.;Create an ultra realistic documentary style photograph captured in Cappadocia. Theme: Kapadokya'nın doğal manzarası, vadiler, volkanik kaya oluşumları, peri bacaları, geniş gökyüzü, otantik doğal çevre Location: Kapadokya Main cultural elements: landscape volkanik kaya oluşumları, doğal kaya yapıları, Kapadokya jeolojisi Season: doğal gün ışığı The scene must faithfully represent the authentic cultural identity of Cappadocia. The foreground should clearly emphasize the main cultural elements. The middle ground should naturally continue with the historical environment. The background should preserve the real geography of Cappadocia. Ön planda ana kültürel motifler açık şekilde görünmelidir. Orta planda Kapadokya'nın doğal ve tarihi çevresi yer almalıdır. Arka planda bölgenin gerçek topoğrafyası korunmalıdır. Kompozisyon doğal perspektife sahip olmalıdır. Fotoğraf gerçek bir insan tarafından çekilmiş hissi vermelidir. gerçek belgesel fotoğrafı, National Geographic tarzı, fotoğraf gerçekçiliği, yüksek dinamik aralık, gerçekçi ışık, gerçekçi gölgeler, 35mm DSLR, RAW fotoğraf, yüksek çözünürlük, keskin odak, yüksek ayrıntı, gerçek malzeme dokuları, doğal renkler belgesel fotoğrafçılığı, National Geographic kalitesi, ultra gerçekçi, profesyonel DSLR fotoğrafı, 35mm lens, RAW fotoğraf, yüksek dinamik aralık, doğal renkler, gerçekçi ışıklandırma, keskin odak, yüksek ayrıntı, gerçekçi malzeme dokuları, doğal gölgeler, fotoğraf gerçekçiliği, yüksek çözünürlük No fantasy elements. No futuristic buildings. No modern architecture. No artificial looking objects. The final image should resemble a professional National Geographic documentary photograph.;192;206;192;206
CHRD_REAL_0153;CHRD_REAL_0153.jpeg;Natural Landscape;Unknown;Rock Formation;Unknown;Unknown;No;;Medium;;Kapadokya'da geçen son derece gerçekçi bir belgesel fotoğrafı oluştur. Tema: Kapadokya'nın doğal manzarası, vadiler, volkanik kaya oluşumları, peri bacaları, geniş gökyüzü, otantik doğal çevre Konum: Kapadokya Ana kültürel motifler: volkanik kaya oluşumları, doğal kaya yapıları, Kapadokya jeolojisi Unknown Mevsim: doğal gün ışığı Sahne tamamen Kapadokya'nın gerçek kültürel kimliğini yansıtmalıdır. Ön planda ana kültürel motifler açık şekilde görünmelidir. Orta planda tarihi çevre doğal şekilde devam etmelidir. Arka planda Kapadokya'nın gerçek topoğrafyası yer almalıdır. Ön planda ana kültürel motifler açık şekilde görünmelidir. Orta planda Kapadokya'nın doğal ve tarihi çevresi yer almalıdır. Arka planda bölgenin gerçek topoğrafyası korunmalıdır. Kompozisyon doğal perspektife sahip olmalıdır. Fotoğraf gerçek bir insan tarafından çekilmiş hissi vermelidir. gerçek belgesel fotoğrafı, National Geographic tarzı, fotoğraf gerçekçiliği, yüksek dinamik aralık, gerçekçi ışık, gerçekçi gölgeler, 35mm DSLR, RAW fotoğraf, yüksek çözünürlük, keskin odak, yüksek ayrıntı, gerçek malzeme dokuları, doğal renkler belgesel fotoğrafçılığı, National Geographic kalitesi, ultra gerçekçi, profesyonel DSLR fotoğrafı, 35mm lens, RAW fotoğraf, yüksek dinamik aralık, doğal renkler, gerçekçi ışıklandırma, keskin odak, yüksek ayrıntı, gerçekçi malzeme dokuları, doğal gölgeler, fotoğraf gerçekçiliği, yüksek çözünürlük Kesinlikle fantastik öğe bulunmamalıdır. Modern mimari kullanılmamalıdır. Yapay görünen nesneler bulunmamalıdır. Fotoğraf gerçek bir belgesel fotoğrafçısı tarafından çekilmiş hissi vermelidir.;Create an ultra realistic documentary style photograph captured in Cappadocia. Theme: Kapadokya'nın doğal manzarası, vadiler, volkanik kaya oluşumları, peri bacaları, geniş gökyüzü, otantik doğal çevre Location: Kapadokya Main cultural elements: volkanik kaya oluşumları, doğal kaya yapıları, Kapadokya jeolojisi Unknown Season: doğal gün ışığı The scene must faithfully represent the authentic cultural identity of Cappadocia. The foreground should clearly emphasize the main cultural elements. The middle ground should naturally continue with the historical environment. The background should preserve the real geography of Cappadocia. Ön planda ana kültürel motifler açık şekilde görünmelidir. Orta planda Kapadokya'nın doğal ve tarihi çevresi yer almalıdır. Arka planda bölgenin gerçek topoğrafyası korunmalıdır. Kompozisyon doğal perspektife sahip olmalıdır. Fotoğraf gerçek bir insan tarafından çekilmiş hissi vermelidir. gerçek belgesel fotoğrafı, National Geographic tarzı, fotoğraf gerçekçiliği, yüksek dinamik aralık, gerçekçi ışık, gerçekçi gölgeler, 35mm DSLR, RAW fotoğraf, yüksek çözünürlük, keskin odak, yüksek ayrıntı, gerçek malzeme dokuları, doğal renkler belgesel fotoğrafçılığı, National Geographic kalitesi, ultra gerçekçi, profesyonel DSLR fotoğrafı, 35mm lens, RAW fotoğraf, yüksek dinamik aralık, doğal renkler, gerçekçi ışıklandırma, keskin odak, yüksek ayrıntı, gerçekçi malzeme dokuları, doğal gölgeler, fotoğraf gerçekçiliği, yüksek çözünürlük No fantasy elements. No futuristic buildings. No modern architecture. No artificial looking objects. The final image should resemble a professional National Geographic documentary photograph.;192;206;192;206
CHRD_REAL_0154;CHRD_REAL_0154.jpeg;Local Architecture;Unknown;Museum;Unknown;Unknown;No;;high;;Kapadokya'da geçen son derece gerçekçi bir belgesel fotoğrafı oluştur. Tema: Kapadokya taş mimarisi, geleneksel kaya evleri, taş yapılar, Anadolu mimarisi, korunmuş tarihi yapılar, otantik kültürel mimari Konum: Kapadokya Ana kültürel motifler: yerel kültür müzesi, tarihi eser koleksiyonu, kültürel miras müzesi Unknown Mevsim: doğal gün ışığı Sahne tamamen Kapadokya'nın gerçek kültürel kimliğini yansıtmalıdır. Ön planda ana kültürel motifler açık şekilde görünmelidir. Orta planda tarihi çevre doğal şekilde devam etmelidir. Arka planda Kapadokya'nın gerçek topoğrafyası yer almalıdır. Ön planda ana kültürel motifler açık şekilde görünmelidir. Orta planda Kapadokya'nın doğal ve tarihi çevresi yer almalıdır. Arka planda bölgenin gerçek topoğrafyası korunmalıdır. Kompozisyon doğal perspektife sahip olmalıdır. Fotoğraf gerçek bir insan tarafından çekilmiş hissi vermelidir. gerçek belgesel fotoğrafı, National Geographic tarzı, fotoğraf gerçekçiliği, yüksek dinamik aralık, gerçekçi ışık, gerçekçi gölgeler, 35mm DSLR, RAW fotoğraf, yüksek çözünürlük, keskin odak, yüksek ayrıntı, gerçek malzeme dokuları, doğal renkler belgesel fotoğrafçılığı, National Geographic kalitesi, ultra gerçekçi, profesyonel DSLR fotoğrafı, 35mm lens, RAW fotoğraf, yüksek dinamik aralık, doğal renkler, gerçekçi ışıklandırma, keskin odak, yüksek ayrıntı, gerçekçi malzeme dokuları, doğal gölgeler, fotoğraf gerçekçiliği, yüksek çözünürlük Kesinlikle fantastik öğe bulunmamalıdır. Modern mimari kullanılmamalıdır. Yapay görünen nesneler bulunmamalıdır. Fotoğraf gerçek bir belgesel fotoğrafçısı tarafından çekilmiş hissi vermelidir.;Create an ultra realistic documentary style photograph captured in Cappadocia. Theme: Kapadokya taş mimarisi, geleneksel kaya evleri, taş yapılar, Anadolu mimarisi, korunmuş tarihi yapılar, otantik kültürel mimari Location: Kapadokya Main cultural elements: yerel kültür müzesi, tarihi eser koleksiyonu, kültürel miras müzesi Unknown Season: doğal gün ışığı The scene must faithfully represent the authentic cultural identity of Cappadocia. The foreground should clearly emphasize the main cultural elements. The middle ground should naturally continue with the historical environment. The background should preserve the real geography of Cappadocia. Ön planda ana kültürel motifler açık şekilde görünmelidir. Orta planda Kapadokya'nın doğal ve tarihi çevresi yer almalıdır. Arka planda bölgenin gerçek topoğrafyası korunmalıdır. Kompozisyon doğal perspektife sahip olmalıdır. Fotoğraf gerçek bir insan tarafından çekilmiş hissi vermelidir. gerçek belgesel fotoğrafı, National Geographic tarzı, fotoğraf gerçekçiliği, yüksek dinamik aralık, gerçekçi ışık, gerçekçi gölgeler, 35mm DSLR, RAW fotoğraf, yüksek çözünürlük, keskin odak, yüksek ayrıntı, gerçek malzeme dokuları, doğal renkler belgesel fotoğrafçılığı, National Geographic kalitesi, ultra gerçekçi, profesyonel DSLR fotoğrafı, 35mm lens, RAW fotoğraf, yüksek dinamik aralık, doğal renkler, gerçekçi ışıklandırma, keskin odak, yüksek ayrıntı, gerçekçi malzeme dokuları, doğal gölgeler, fotoğraf gerçekçiliği, yüksek çözünürlük No fantasy elements. No futuristic buildings. No modern architecture. No artificial looking objects. The final image should resemble a professional National Geographic documentary photograph.;195;209;195;209
CHRD_REAL_0155;CHRD_REAL_0155.jpeg;Local Architecture;Unknown;cave house;Stone House;Unknown;No;;Medium;;Kapadokya'da geçen son derece gerçekçi bir belgesel fotoğrafı oluştur. Tema: Kapadokya taş mimarisi, geleneksel kaya evleri, taş yapılar, Anadolu mimarisi, korunmuş tarihi yapılar, otantik kültürel mimari Konum: Kapadokya Ana kültürel motifler: cave house geleneksel taş evler, Anadolu taş mimarisi, tarihi taş yapılar Mevsim: doğal gün ışığı Sahne tamamen Kapadokya'nın gerçek kültürel kimliğini yansıtmalıdır. Ön planda ana kültürel motifler açık şekilde görünmelidir. Orta planda tarihi çevre doğal şekilde devam etmelidir. Arka planda Kapadokya'nın gerçek topoğrafyası yer almalıdır. Ön planda ana kültürel motifler açık şekilde görünmelidir. Orta planda Kapadokya'nın doğal ve tarihi çevresi yer almalıdır. Arka planda bölgenin gerçek topoğrafyası korunmalıdır. Kompozisyon doğal perspektife sahip olmalıdır. Fotoğraf gerçek bir insan tarafından çekilmiş hissi vermelidir. gerçek belgesel fotoğrafı, National Geographic tarzı, fotoğraf gerçekçiliği, yüksek dinamik aralık, gerçekçi ışık, gerçekçi gölgeler, 35mm DSLR, RAW fotoğraf, yüksek çözünürlük, keskin odak, yüksek ayrıntı, gerçek malzeme dokuları, doğal renkler belgesel fotoğrafçılığı, National Geographic kalitesi, ultra gerçekçi, profesyonel DSLR fotoğrafı, 35mm lens, RAW fotoğraf, yüksek dinamik aralık, doğal renkler, gerçekçi ışıklandırma, keskin odak, yüksek ayrıntı, gerçekçi malzeme dokuları, doğal gölgeler, fotoğraf gerçekçiliği, yüksek çözünürlük Kesinlikle fantastik öğe bulunmamalıdır. Modern mimari kullanılmamalıdır. Yapay görünen nesneler bulunmamalıdır. Fotoğraf gerçek bir belgesel fotoğrafçısı tarafından çekilmiş hissi vermelidir.;Create an ultra realistic documentary style photograph captured in Cappadocia. Theme: Kapadokya taş mimarisi, geleneksel kaya evleri, taş yapılar, Anadolu mimarisi, korunmuş tarihi yapılar, otantik kültürel mimari Location: Kapadokya Main cultural elements: cave house geleneksel taş evler, Anadolu taş mimarisi, tarihi taş yapılar Season: doğal gün ışığı The scene must faithfully represent the authentic cultural identity of Cappadocia. The foreground should clearly emphasize the main cultural elements. The middle ground should naturally continue with the historical environment. The background should preserve the real geography of Cappadocia. Ön planda ana kültürel motifler açık şekilde görünmelidir. Orta planda Kapadokya'nın doğal ve tarihi çevresi yer almalıdır. Arka planda bölgenin gerçek topoğrafyası korunmalıdır. Kompozisyon doğal perspektife sahip olmalıdır. Fotoğraf gerçek bir insan tarafından çekilmiş hissi vermelidir. gerçek belgesel fotoğrafı, National Geographic tarzı, fotoğraf gerçekçiliği, yüksek dinamik aralık, gerçekçi ışık, gerçekçi gölgeler, 35mm DSLR, RAW fotoğraf, yüksek çözünürlük, keskin odak, yüksek ayrıntı, gerçek malzeme dokuları, doğal renkler belgesel fotoğrafçılığı, National Geographic kalitesi, ultra gerçekçi, profesyonel DSLR fotoğrafı, 35mm lens, RAW fotoğraf, yüksek dinamik aralık, doğal renkler, gerçekçi ışıklandırma, keskin odak, yüksek ayrıntı, gerçekçi malzeme dokuları, doğal gölgeler, fotoğraf gerçekçiliği, yüksek çözünürlük No fantasy elements. No futuristic buildings. No modern architecture. No artificial looking objects. The final image should resemble a professional National Geographic documentary photograph.;196;210;196;210
CHRD_REAL_0156;CHRD_REAL_0156.jpeg;Local Architecture;Unknown;cave house;Stone House;Unknown;No;;High;;Kapadokya'da geçen son derece gerçekçi bir belgesel fotoğrafı oluştur. Tema: Kapadokya taş mimarisi, geleneksel kaya evleri, taş yapılar, Anadolu mimarisi, korunmuş tarihi yapılar, otantik kültürel mimari Konum: Kapadokya Ana kültürel motifler: cave house geleneksel taş evler, Anadolu taş mimarisi, tarihi taş yapılar Mevsim: doğal gün ışığı Sahne tamamen Kapadokya'nın gerçek kültürel kimliğini yansıtmalıdır. Ön planda ana kültürel motifler açık şekilde görünmelidir. Orta planda tarihi çevre doğal şekilde devam etmelidir. Arka planda Kapadokya'nın gerçek topoğrafyası yer almalıdır. Ön planda ana kültürel motifler açık şekilde görünmelidir. Orta planda Kapadokya'nın doğal ve tarihi çevresi yer almalıdır. Arka planda bölgenin gerçek topoğrafyası korunmalıdır. Kompozisyon doğal perspektife sahip olmalıdır. Fotoğraf gerçek bir insan tarafından çekilmiş hissi vermelidir. gerçek belgesel fotoğrafı, National Geographic tarzı, fotoğraf gerçekçiliği, yüksek dinamik aralık, gerçekçi ışık, gerçekçi gölgeler, 35mm DSLR, RAW fotoğraf, yüksek çözünürlük, keskin odak, yüksek ayrıntı, gerçek malzeme dokuları, doğal renkler belgesel fotoğrafçılığı, National Geographic kalitesi, ultra gerçekçi, profesyonel DSLR fotoğrafı, 35mm lens, RAW fotoğraf, yüksek dinamik aralık, doğal renkler, gerçekçi ışıklandırma, keskin odak, yüksek ayrıntı, gerçekçi malzeme dokuları, doğal gölgeler, fotoğraf gerçekçiliği, yüksek çözünürlük Kesinlikle fantastik öğe bulunmamalıdır. Modern mimari kullanılmamalıdır. Yapay görünen nesneler bulunmamalıdır. Fotoğraf gerçek bir belgesel fotoğrafçısı tarafından çekilmiş hissi vermelidir.;Create an ultra realistic documentary style photograph captured in Cappadocia. Theme: Kapadokya taş mimarisi, geleneksel kaya evleri, taş yapılar, Anadolu mimarisi, korunmuş tarihi yapılar, otantik kültürel mimari Location: Kapadokya Main cultural elements: cave house geleneksel taş evler, Anadolu taş mimarisi, tarihi taş yapılar Season: doğal gün ışığı The scene must faithfully represent the authentic cultural identity of Cappadocia. The foreground should clearly emphasize the main cultural elements. The middle ground should naturally continue with the historical environment. The background should preserve the real geography of Cappadocia. Ön planda ana kültürel motifler açık şekilde görünmelidir. Orta planda Kapadokya'nın doğal ve tarihi çevresi yer almalıdır. Arka planda bölgenin gerçek topoğrafyası korunmalıdır. Kompozisyon doğal perspektife sahip olmalıdır. Fotoğraf gerçek bir insan tarafından çekilmiş hissi vermelidir. gerçek belgesel fotoğrafı, National Geographic tarzı, fotoğraf gerçekçiliği, yüksek dinamik aralık, gerçekçi ışık, gerçekçi gölgeler, 35mm DSLR, RAW fotoğraf, yüksek çözünürlük, keskin odak, yüksek ayrıntı, gerçek malzeme dokuları, doğal renkler belgesel fotoğrafçılığı, National Geographic kalitesi, ultra gerçekçi, profesyonel DSLR fotoğrafı, 35mm lens, RAW fotoğraf, yüksek dinamik aralık, doğal renkler, gerçekçi ışıklandırma, keskin odak, yüksek ayrıntı, gerçekçi malzeme dokuları, doğal gölgeler, fotoğraf gerçekçiliği, yüksek çözünürlük No fantasy elements. No futuristic buildings. No modern architecture. No artificial looking objects. The final image should resemble a professional National Geographic documentary photograph.;196;210;196;210
CHRD_REAL_0157;CHRD_REAL_0157.jpeg;Local Architecture;Unknown;Museum;Unknown;Unknown;No;;Medium;;Kapadokya'da geçen son derece gerçekçi bir belgesel fotoğrafı oluştur. Tema: Kapadokya taş mimarisi, geleneksel kaya evleri, taş yapılar, Anadolu mimarisi, korunmuş tarihi yapılar, otantik kültürel mimari Konum: Kapadokya Ana kültürel motifler: yerel kültür müzesi, tarihi eser koleksiyonu, kültürel miras müzesi Unknown Mevsim: doğal gün ışığı Sahne tamamen Kapadokya'nın gerçek kültürel kimliğini yansıtmalıdır. Ön planda ana kültürel motifler açık şekilde görünmelidir. Orta planda tarihi çevre doğal şekilde devam etmelidir. Arka planda Kapadokya'nın gerçek topoğrafyası yer almalıdır. Ön planda ana kültürel motifler açık şekilde görünmelidir. Orta planda Kapadokya'nın doğal ve tarihi çevresi yer almalıdır. Arka planda bölgenin gerçek topoğrafyası korunmalıdır. Kompozisyon doğal perspektife sahip olmalıdır. Fotoğraf gerçek bir insan tarafından çekilmiş hissi vermelidir. gerçek belgesel fotoğrafı, National Geographic tarzı, fotoğraf gerçekçiliği, yüksek dinamik aralık, gerçekçi ışık, gerçekçi gölgeler, 35mm DSLR, RAW fotoğraf, yüksek çözünürlük, keskin odak, yüksek ayrıntı, gerçek malzeme dokuları, doğal renkler belgesel fotoğrafçılığı, National Geographic kalitesi, ultra gerçekçi, profesyonel DSLR fotoğrafı, 35mm lens, RAW fotoğraf, yüksek dinamik aralık, doğal renkler, gerçekçi ışıklandırma, keskin odak, yüksek ayrıntı, gerçekçi malzeme dokuları, doğal gölgeler, fotoğraf gerçekçiliği, yüksek çözünürlük Kesinlikle fantastik öğe bulunmamalıdır. Modern mimari kullanılmamalıdır. Yapay görünen nesneler bulunmamalıdır. Fotoğraf gerçek bir belgesel fotoğrafçısı tarafından çekilmiş hissi vermelidir.;Create an ultra realistic documentary style photograph captured in Cappadocia. Theme: Kapadokya taş mimarisi, geleneksel kaya evleri, taş yapılar, Anadolu mimarisi, korunmuş tarihi yapılar, otantik kültürel mimari Location: Kapadokya Main cultural elements: yerel kültür müzesi, tarihi eser koleksiyonu, kültürel miras müzesi Unknown Season: doğal gün ışığı The scene must faithfully represent the authentic cultural identity of Cappadocia. The foreground should clearly emphasize the main cultural elements. The middle ground should naturally continue with the historical environment. The background should preserve the real geography of Cappadocia. Ön planda ana kültürel motifler açık şekilde görünmelidir. Orta planda Kapadokya'nın doğal ve tarihi çevresi yer almalıdır. Arka planda bölgenin gerçek topoğrafyası korunmalıdır. Kompozisyon doğal perspektife sahip olmalıdır. Fotoğraf gerçek bir insan tarafından çekilmiş hissi vermelidir. gerçek belgesel fotoğrafı, National Geographic tarzı, fotoğraf gerçekçiliği, yüksek dinamik aralık, gerçekçi ışık, gerçekçi gölgeler, 35mm DSLR, RAW fotoğraf, yüksek çözünürlük, keskin odak, yüksek ayrıntı, gerçek malzeme dokuları, doğal renkler belgesel fotoğrafçılığı, National Geographic kalitesi, ultra gerçekçi, profesyonel DSLR fotoğrafı, 35mm lens, RAW fotoğraf, yüksek dinamik aralık, doğal renkler, gerçekçi ışıklandırma, keskin odak, yüksek ayrıntı, gerçekçi malzeme dokuları, doğal gölgeler, fotoğraf gerçekçiliği, yüksek çözünürlük No fantasy elements. No futuristic buildings. No modern architecture. No artificial looking objects. The final image should resemble a professional National Geographic documentary photograph.;195;209;195;209
CHRD_REAL_0158;CHRD_REAL_0158.jpeg;Local Architecture;Unknown;Museum;Pottery;Unknown;No;;High;;Kapadokya'da geçen son derece gerçekçi bir belgesel fotoğrafı oluştur. Tema: Kapadokya taş mimarisi, geleneksel kaya evleri, taş yapılar, Anadolu mimarisi, korunmuş tarihi yapılar, otantik kültürel mimari Konum: Kapadokya Ana kültürel motifler: yerel kültür müzesi, tarihi eser koleksiyonu, kültürel miras müzesi Avanos el yapımı çömlek sanatı, kırmızı kil seramikleri, geleneksel çömlek ustalığı Mevsim: doğal gün ışığı Sahne tamamen Kapadokya'nın gerçek kültürel kimliğini yansıtmalıdır. Ön planda ana kültürel motifler açık şekilde görünmelidir. Orta planda tarihi çevre doğal şekilde devam etmelidir. Arka planda Kapadokya'nın gerçek topoğrafyası yer almalıdır. Ön planda ana kültürel motifler açık şekilde görünmelidir. Orta planda Kapadokya'nın doğal ve tarihi çevresi yer almalıdır. Arka planda bölgenin gerçek topoğrafyası korunmalıdır. Kompozisyon doğal perspektife sahip olmalıdır. Fotoğraf gerçek bir insan tarafından çekilmiş hissi vermelidir. gerçek belgesel fotoğrafı, National Geographic tarzı, fotoğraf gerçekçiliği, yüksek dinamik aralık, gerçekçi ışık, gerçekçi gölgeler, 35mm DSLR, RAW fotoğraf, yüksek çözünürlük, keskin odak, yüksek ayrıntı, gerçek malzeme dokuları, doğal renkler belgesel fotoğrafçılığı, National Geographic kalitesi, ultra gerçekçi, profesyonel DSLR fotoğrafı, 35mm lens, RAW fotoğraf, yüksek dinamik aralık, doğal renkler, gerçekçi ışıklandırma, keskin odak, yüksek ayrıntı, gerçekçi malzeme dokuları, doğal gölgeler, fotoğraf gerçekçiliği, yüksek çözünürlük Kesinlikle fantastik öğe bulunmamalıdır. Modern mimari kullanılmamalıdır. Yapay görünen nesneler bulunmamalıdır. Fotoğraf gerçek bir belgesel fotoğrafçısı tarafından çekilmiş hissi vermelidir.;Create an ultra realistic documentary style photograph captured in Cappadocia. Theme: Kapadokya taş mimarisi, geleneksel kaya evleri, taş yapılar, Anadolu mimarisi, korunmuş tarihi yapılar, otantik kültürel mimari Location: Kapadokya Main cultural elements: yerel kültür müzesi, tarihi eser koleksiyonu, kültürel miras müzesi Avanos el yapımı çömlek sanatı, kırmızı kil seramikleri, geleneksel çömlek ustalığı Season: doğal gün ışığı The scene must faithfully represent the authentic cultural identity of Cappadocia. The foreground should clearly emphasize the main cultural elements. The middle ground should naturally continue with the historical environment. The background should preserve the real geography of Cappadocia. Ön planda ana kültürel motifler açık şekilde görünmelidir. Orta planda Kapadokya'nın doğal ve tarihi çevresi yer almalıdır. Arka planda bölgenin gerçek topoğrafyası korunmalıdır. Kompozisyon doğal perspektife sahip olmalıdır. Fotoğraf gerçek bir insan tarafından çekilmiş hissi vermelidir. gerçek belgesel fotoğrafı, National Geographic tarzı, fotoğraf gerçekçiliği, yüksek dinamik aralık, gerçekçi ışık, gerçekçi gölgeler, 35mm DSLR, RAW fotoğraf, yüksek çözünürlük, keskin odak, yüksek ayrıntı, gerçek malzeme dokuları, doğal renkler belgesel fotoğrafçılığı, National Geographic kalitesi, ultra gerçekçi, profesyonel DSLR fotoğrafı, 35mm lens, RAW fotoğraf, yüksek dinamik aralık, doğal renkler, gerçekçi ışıklandırma, keskin odak, yüksek ayrıntı, gerçekçi malzeme dokuları, doğal gölgeler, fotoğraf gerçekçiliği, yüksek çözünürlük No fantasy elements. No futuristic buildings. No modern architecture. No artificial looking objects. The final image should resemble a professional National Geographic documentary photograph.;205;219;205;219
CHRD_REAL_0159;CHRD_REAL_0159.jpeg;Local Architecture;Unknown;Museum;Unknown;Unknown;No;;Low;;Kapadokya'da geçen son derece gerçekçi bir belgesel fotoğrafı oluştur. Tema: Kapadokya taş mimarisi, geleneksel kaya evleri, taş yapılar, Anadolu mimarisi, korunmuş tarihi yapılar, otantik kültürel mimari Konum: Kapadokya Ana kültürel motifler: yerel kültür müzesi, tarihi eser koleksiyonu, kültürel miras müzesi Unknown Mevsim: doğal gün ışığı Sahne tamamen Kapadokya'nın gerçek kültürel kimliğini yansıtmalıdır. Ön planda ana kültürel motifler açık şekilde görünmelidir. Orta planda tarihi çevre doğal şekilde devam etmelidir. Arka planda Kapadokya'nın gerçek topoğrafyası yer almalıdır. Ön planda ana kültürel motifler açık şekilde görünmelidir. Orta planda Kapadokya'nın doğal ve tarihi çevresi yer almalıdır. Arka planda bölgenin gerçek topoğrafyası korunmalıdır. Kompozisyon doğal perspektife sahip olmalıdır. Fotoğraf gerçek bir insan tarafından çekilmiş hissi vermelidir. gerçek belgesel fotoğrafı, National Geographic tarzı, fotoğraf gerçekçiliği, yüksek dinamik aralık, gerçekçi ışık, gerçekçi gölgeler, 35mm DSLR, RAW fotoğraf, yüksek çözünürlük, keskin odak, yüksek ayrıntı, gerçek malzeme dokuları, doğal renkler belgesel fotoğrafçılığı, National Geographic kalitesi, ultra gerçekçi, profesyonel DSLR fotoğrafı, 35mm lens, RAW fotoğraf, yüksek dinamik aralık, doğal renkler, gerçekçi ışıklandırma, keskin odak, yüksek ayrıntı, gerçekçi malzeme dokuları, doğal gölgeler, fotoğraf gerçekçiliği, yüksek çözünürlük Kesinlikle fantastik öğe bulunmamalıdır. Modern mimari kullanılmamalıdır. Yapay görünen nesneler bulunmamalıdır. Fotoğraf gerçek bir belgesel fotoğrafçısı tarafından çekilmiş hissi vermelidir.;Create an ultra realistic documentary style photograph captured in Cappadocia. Theme: Kapadokya taş mimarisi, geleneksel kaya evleri, taş yapılar, Anadolu mimarisi, korunmuş tarihi yapılar, otantik kültürel mimari Location: Kapadokya Main cultural elements: yerel kültür müzesi, tarihi eser koleksiyonu, kültürel miras müzesi Unknown Season: doğal gün ışığı The scene must faithfully represent the authentic cultural identity of Cappadocia. The foreground should clearly emphasize the main cultural elements. The middle ground should naturally continue with the historical environment. The background should preserve the real geography of Cappadocia. Ön planda ana kültürel motifler açık şekilde görünmelidir. Orta planda Kapadokya'nın doğal ve tarihi çevresi yer almalıdır. Arka planda bölgenin gerçek topoğrafyası korunmalıdır. Kompozisyon doğal perspektife sahip olmalıdır. Fotoğraf gerçek bir insan tarafından çekilmiş hissi vermelidir. gerçek belgesel fotoğrafı, National Geographic tarzı, fotoğraf gerçekçiliği, yüksek dinamik aralık, gerçekçi ışık, gerçekçi gölgeler, 35mm DSLR, RAW fotoğraf, yüksek çözünürlük, keskin odak, yüksek ayrıntı, gerçek malzeme dokuları, doğal renkler belgesel fotoğrafçılığı, National Geographic kalitesi, ultra gerçekçi, profesyonel DSLR fotoğrafı, 35mm lens, RAW fotoğraf, yüksek dinamik aralık, doğal renkler, gerçekçi ışıklandırma, keskin odak, yüksek ayrıntı, gerçekçi malzeme dokuları, doğal gölgeler, fotoğraf gerçekçiliği, yüksek çözünürlük No fantasy elements. No futuristic buildings. No modern architecture. No artificial looking objects. The final image should resemble a professional National Geographic documentary photograph.;195;209;195;209
CHRD_REAL_0160;CHRD_REAL_0160.jpeg;Daily Life;Unknown;Museum;Unknown;Unknown;No;;medium;;Kapadokya'da geçen son derece gerçekçi bir belgesel fotoğrafı oluştur. Tema: Kapadokya'da yaşayan insanların doğal günlük yaşamı, yerel Anadolu kültürü, geleneksel yaşam biçimi, otantik sosyal ortam, gerçek yaşam sahnesi, yaşayan kültürel miras Konum: Kapadokya Ana kültürel motifler: yerel kültür müzesi, tarihi eser koleksiyonu, kültürel miras müzesi Unknown Mevsim: doğal gün ışığı Sahne tamamen Kapadokya'nın gerçek kültürel kimliğini yansıtmalıdır. Ön planda ana kültürel motifler açık şekilde görünmelidir. Orta planda tarihi çevre doğal şekilde devam etmelidir. Arka planda Kapadokya'nın gerçek topoğrafyası yer almalıdır. Ön planda ana kültürel motifler açık şekilde görünmelidir. Orta planda Kapadokya'nın doğal ve tarihi çevresi yer almalıdır. Arka planda bölgenin gerçek topoğrafyası korunmalıdır. Kompozisyon doğal perspektife sahip olmalıdır. Fotoğraf gerçek bir insan tarafından çekilmiş hissi vermelidir. gerçek belgesel fotoğrafı, National Geographic tarzı, fotoğraf gerçekçiliği, yüksek dinamik aralık, gerçekçi ışık, gerçekçi gölgeler, 35mm DSLR, RAW fotoğraf, yüksek çözünürlük, keskin odak, yüksek ayrıntı, gerçek malzeme dokuları, doğal renkler belgesel fotoğrafçılığı, National Geographic kalitesi, ultra gerçekçi, profesyonel DSLR fotoğrafı, 35mm lens, RAW fotoğraf, yüksek dinamik aralık, doğal renkler, gerçekçi ışıklandırma, keskin odak, yüksek ayrıntı, gerçekçi malzeme dokuları, doğal gölgeler, fotoğraf gerçekçiliği, yüksek çözünürlük Kesinlikle fantastik öğe bulunmamalıdır. Modern mimari kullanılmamalıdır. Yapay görünen nesneler bulunmamalıdır. Fotoğraf gerçek bir belgesel fotoğrafçısı tarafından çekilmiş hissi vermelidir.;Create an ultra realistic documentary style photograph captured in Cappadocia. Theme: Kapadokya'da yaşayan insanların doğal günlük yaşamı, yerel Anadolu kültürü, geleneksel yaşam biçimi, otantik sosyal ortam, gerçek yaşam sahnesi, yaşayan kültürel miras Location: Kapadokya Main cultural elements: yerel kültür müzesi, tarihi eser koleksiyonu, kültürel miras müzesi Unknown Season: doğal gün ışığı The scene must faithfully represent the authentic cultural identity of Cappadocia. The foreground should clearly emphasize the main cultural elements. The middle ground should naturally continue with the historical environment. The background should preserve the real geography of Cappadocia. Ön planda ana kültürel motifler açık şekilde görünmelidir. Orta planda Kapadokya'nın doğal ve tarihi çevresi yer almalıdır. Arka planda bölgenin gerçek topoğrafyası korunmalıdır. Kompozisyon doğal perspektife sahip olmalıdır. Fotoğraf gerçek bir insan tarafından çekilmiş hissi vermelidir. gerçek belgesel fotoğrafı, National Geographic tarzı, fotoğraf gerçekçiliği, yüksek dinamik aralık, gerçekçi ışık, gerçekçi gölgeler, 35mm DSLR, RAW fotoğraf, yüksek çözünürlük, keskin odak, yüksek ayrıntı, gerçek malzeme dokuları, doğal renkler belgesel fotoğrafçılığı, National Geographic kalitesi, ultra gerçekçi, profesyonel DSLR fotoğrafı, 35mm lens, RAW fotoğraf, yüksek dinamik aralık, doğal renkler, gerçekçi ışıklandırma, keskin odak, yüksek ayrıntı, gerçekçi malzeme dokuları, doğal gölgeler, fotoğraf gerçekçiliği, yüksek çözünürlük No fantasy elements. No futuristic buildings. No modern architecture. No artificial looking objects. The final image should resemble a professional National Geographic documentary photograph.;200;214;200;214
CHRD_REAL_0161;CHRD_REAL_0161.jpeg;Local Architecture;Unknown;Museum;Unknown;Unknown;No;;Medium;;Kapadokya'da geçen son derece gerçekçi bir belgesel fotoğrafı oluştur. Tema: Kapadokya taş mimarisi, geleneksel kaya evleri, taş yapılar, Anadolu mimarisi, korunmuş tarihi yapılar, otantik kültürel mimari Konum: Kapadokya Ana kültürel motifler: yerel kültür müzesi, tarihi eser koleksiyonu, kültürel miras müzesi Unknown Mevsim: doğal gün ışığı Sahne tamamen Kapadokya'nın gerçek kültürel kimliğini yansıtmalıdır. Ön planda ana kültürel motifler açık şekilde görünmelidir. Orta planda tarihi çevre doğal şekilde devam etmelidir. Arka planda Kapadokya'nın gerçek topoğrafyası yer almalıdır. Ön planda ana kültürel motifler açık şekilde görünmelidir. Orta planda Kapadokya'nın doğal ve tarihi çevresi yer almalıdır. Arka planda bölgenin gerçek topoğrafyası korunmalıdır. Kompozisyon doğal perspektife sahip olmalıdır. Fotoğraf gerçek bir insan tarafından çekilmiş hissi vermelidir. gerçek belgesel fotoğrafı, National Geographic tarzı, fotoğraf gerçekçiliği, yüksek dinamik aralık, gerçekçi ışık, gerçekçi gölgeler, 35mm DSLR, RAW fotoğraf, yüksek çözünürlük, keskin odak, yüksek ayrıntı, gerçek malzeme dokuları, doğal renkler belgesel fotoğrafçılığı, National Geographic kalitesi, ultra gerçekçi, profesyonel DSLR fotoğrafı, 35mm lens, RAW fotoğraf, yüksek dinamik aralık, doğal renkler, gerçekçi ışıklandırma, keskin odak, yüksek ayrıntı, gerçekçi malzeme dokuları, doğal gölgeler, fotoğraf gerçekçiliği, yüksek çözünürlük Kesinlikle fantastik öğe bulunmamalıdır. Modern mimari kullanılmamalıdır. Yapay görünen nesneler bulunmamalıdır. Fotoğraf gerçek bir belgesel fotoğrafçısı tarafından çekilmiş hissi vermelidir.;Create an ultra realistic documentary style photograph captured in Cappadocia. Theme: Kapadokya taş mimarisi, geleneksel kaya evleri, taş yapılar, Anadolu mimarisi, korunmuş tarihi yapılar, otantik kültürel mimari Location: Kapadokya Main cultural elements: yerel kültür müzesi, tarihi eser koleksiyonu, kültürel miras müzesi Unknown Season: doğal gün ışığı The scene must faithfully represent the authentic cultural identity of Cappadocia. The foreground should clearly emphasize the main cultural elements. The middle ground should naturally continue with the historical environment. The background should preserve the real geography of Cappadocia. Ön planda ana kültürel motifler açık şekilde görünmelidir. Orta planda Kapadokya'nın doğal ve tarihi çevresi yer almalıdır. Arka planda bölgenin gerçek topoğrafyası korunmalıdır. Kompozisyon doğal perspektife sahip olmalıdır. Fotoğraf gerçek bir insan tarafından çekilmiş hissi vermelidir. gerçek belgesel fotoğrafı, National Geographic tarzı, fotoğraf gerçekçiliği, yüksek dinamik aralık, gerçekçi ışık, gerçekçi gölgeler, 35mm DSLR, RAW fotoğraf, yüksek çözünürlük, keskin odak, yüksek ayrıntı, gerçek malzeme dokuları, doğal renkler belgesel fotoğrafçılığı, National Geographic kalitesi, ultra gerçekçi, profesyonel DSLR fotoğrafı, 35mm lens, RAW fotoğraf, yüksek dinamik aralık, doğal renkler, gerçekçi ışıklandırma, keskin odak, yüksek ayrıntı, gerçekçi malzeme dokuları, doğal gölgeler, fotoğraf gerçekçiliği, yüksek çözünürlük No fantasy elements. No futuristic buildings. No modern architecture. No artificial looking objects. The final image should resemble a professional National Geographic documentary photograph.;195;209;195;209
CHRD_REAL_0162;CHRD_REAL_0162.jpeg;Rock-cut Heritage;Unknown;Rock Formation;cave house;Unknown;No;;High;;Kapadokya'da geçen son derece gerçekçi bir belgesel fotoğrafı oluştur. Tema: Kapadokya'nın tarihi kaya oyma mirası, UNESCO Dünya Mirası, volkanik tüf kayalara oyulmuş tarihi yapılar, antik kaya yerleşimleri, geleneksel Anadolu mimarisi, otantik tarihi doku, korunmuş kültürel miras Konum: Kapadokya Ana kültürel motifler: volkanik kaya oluşumları, doğal kaya yapıları, Kapadokya jeolojisi cave house Mevsim: doğal gün ışığı Sahne tamamen Kapadokya'nın gerçek kültürel kimliğini yansıtmalıdır. Ön planda ana kültürel motifler açık şekilde görünmelidir. Orta planda tarihi çevre doğal şekilde devam etmelidir. Arka planda Kapadokya'nın gerçek topoğrafyası yer almalıdır. Ön planda ana kültürel motifler açık şekilde görünmelidir. Orta planda Kapadokya'nın doğal ve tarihi çevresi yer almalıdır. Arka planda bölgenin gerçek topoğrafyası korunmalıdır. Kompozisyon doğal perspektife sahip olmalıdır. Fotoğraf gerçek bir insan tarafından çekilmiş hissi vermelidir. gerçek belgesel fotoğrafı, National Geographic tarzı, fotoğraf gerçekçiliği, yüksek dinamik aralık, gerçekçi ışık, gerçekçi gölgeler, 35mm DSLR, RAW fotoğraf, yüksek çözünürlük, keskin odak, yüksek ayrıntı, gerçek malzeme dokuları, doğal renkler belgesel fotoğrafçılığı, National Geographic kalitesi, ultra gerçekçi, profesyonel DSLR fotoğrafı, 35mm lens, RAW fotoğraf, yüksek dinamik aralık, doğal renkler, gerçekçi ışıklandırma, keskin odak, yüksek ayrıntı, gerçekçi malzeme dokuları, doğal gölgeler, fotoğraf gerçekçiliği, yüksek çözünürlük Kesinlikle fantastik öğe bulunmamalıdır. Modern mimari kullanılmamalıdır. Yapay görünen nesneler bulunmamalıdır. Fotoğraf gerçek bir belgesel fotoğrafçısı tarafından çekilmiş hissi vermelidir.;Create an ultra realistic documentary style photograph captured in Cappadocia. Theme: Kapadokya'nın tarihi kaya oyma mirası, UNESCO Dünya Mirası, volkanik tüf kayalara oyulmuş tarihi yapılar, antik kaya yerleşimleri, geleneksel Anadolu mimarisi, otantik tarihi doku, korunmuş kültürel miras Location: Kapadokya Main cultural elements: volkanik kaya oluşumları, doğal kaya yapıları, Kapadokya jeolojisi cave house Season: doğal gün ışığı The scene must faithfully represent the authentic cultural identity of Cappadocia. The foreground should clearly emphasize the main cultural elements. The middle ground should naturally continue with the historical environment. The background should preserve the real geography of Cappadocia. Ön planda ana kültürel motifler açık şekilde görünmelidir. Orta planda Kapadokya'nın doğal ve tarihi çevresi yer almalıdır. Arka planda bölgenin gerçek topoğrafyası korunmalıdır. Kompozisyon doğal perspektife sahip olmalıdır. Fotoğraf gerçek bir insan tarafından çekilmiş hissi vermelidir. gerçek belgesel fotoğrafı, National Geographic tarzı, fotoğraf gerçekçiliği, yüksek dinamik aralık, gerçekçi ışık, gerçekçi gölgeler, 35mm DSLR, RAW fotoğraf, yüksek çözünürlük, keskin odak, yüksek ayrıntı, gerçek malzeme dokuları, doğal renkler belgesel fotoğrafçılığı, National Geographic kalitesi, ultra gerçekçi, profesyonel DSLR fotoğrafı, 35mm lens, RAW fotoğraf, yüksek dinamik aralık, doğal renkler, gerçekçi ışıklandırma, keskin odak, yüksek ayrıntı, gerçekçi malzeme dokuları, doğal gölgeler, fotoğraf gerçekçiliği, yüksek çözünürlük No fantasy elements. No futuristic buildings. No modern architecture. No artificial looking objects. The final image should resemble a professional National Geographic documentary photograph.;205;219;205;219
CHRD_REAL_0163;CHRD_REAL_0163.jpeg;Rock-cut Heritage;Unknown;Rock Formation;cave house;Unknown;No;;Medium;;Kapadokya'da geçen son derece gerçekçi bir belgesel fotoğrafı oluştur. Tema: Kapadokya'nın tarihi kaya oyma mirası, UNESCO Dünya Mirası, volkanik tüf kayalara oyulmuş tarihi yapılar, antik kaya yerleşimleri, geleneksel Anadolu mimarisi, otantik tarihi doku, korunmuş kültürel miras Konum: Kapadokya Ana kültürel motifler: volkanik kaya oluşumları, doğal kaya yapıları, Kapadokya jeolojisi cave house Mevsim: doğal gün ışığı Sahne tamamen Kapadokya'nın gerçek kültürel kimliğini yansıtmalıdır. Ön planda ana kültürel motifler açık şekilde görünmelidir. Orta planda tarihi çevre doğal şekilde devam etmelidir. Arka planda Kapadokya'nın gerçek topoğrafyası yer almalıdır. Ön planda ana kültürel motifler açık şekilde görünmelidir. Orta planda Kapadokya'nın doğal ve tarihi çevresi yer almalıdır. Arka planda bölgenin gerçek topoğrafyası korunmalıdır. Kompozisyon doğal perspektife sahip olmalıdır. Fotoğraf gerçek bir insan tarafından çekilmiş hissi vermelidir. gerçek belgesel fotoğrafı, National Geographic tarzı, fotoğraf gerçekçiliği, yüksek dinamik aralık, gerçekçi ışık, gerçekçi gölgeler, 35mm DSLR, RAW fotoğraf, yüksek çözünürlük, keskin odak, yüksek ayrıntı, gerçek malzeme dokuları, doğal renkler belgesel fotoğrafçılığı, National Geographic kalitesi, ultra gerçekçi, profesyonel DSLR fotoğrafı, 35mm lens, RAW fotoğraf, yüksek dinamik aralık, doğal renkler, gerçekçi ışıklandırma, keskin odak, yüksek ayrıntı, gerçekçi malzeme dokuları, doğal gölgeler, fotoğraf gerçekçiliği, yüksek çözünürlük Kesinlikle fantastik öğe bulunmamalıdır. Modern mimari kullanılmamalıdır. Yapay görünen nesneler bulunmamalıdır. Fotoğraf gerçek bir belgesel fotoğrafçısı tarafından çekilmiş hissi vermelidir.;Create an ultra realistic documentary style photograph captured in Cappadocia. Theme: Kapadokya'nın tarihi kaya oyma mirası, UNESCO Dünya Mirası, volkanik tüf kayalara oyulmuş tarihi yapılar, antik kaya yerleşimleri, geleneksel Anadolu mimarisi, otantik tarihi doku, korunmuş kültürel miras Location: Kapadokya Main cultural elements: volkanik kaya oluşumları, doğal kaya yapıları, Kapadokya jeolojisi cave house Season: doğal gün ışığı The scene must faithfully represent the authentic cultural identity of Cappadocia. The foreground should clearly emphasize the main cultural elements. The middle ground should naturally continue with the historical environment. The background should preserve the real geography of Cappadocia. Ön planda ana kültürel motifler açık şekilde görünmelidir. Orta planda Kapadokya'nın doğal ve tarihi çevresi yer almalıdır. Arka planda bölgenin gerçek topoğrafyası korunmalıdır. Kompozisyon doğal perspektife sahip olmalıdır. Fotoğraf gerçek bir insan tarafından çekilmiş hissi vermelidir. gerçek belgesel fotoğrafı, National Geographic tarzı, fotoğraf gerçekçiliği, yüksek dinamik aralık, gerçekçi ışık, gerçekçi gölgeler, 35mm DSLR, RAW fotoğraf, yüksek çözünürlük, keskin odak, yüksek ayrıntı, gerçek malzeme dokuları, doğal renkler belgesel fotoğrafçılığı, National Geographic kalitesi, ultra gerçekçi, profesyonel DSLR fotoğrafı, 35mm lens, RAW fotoğraf, yüksek dinamik aralık, doğal renkler, gerçekçi ışıklandırma, keskin odak, yüksek ayrıntı, gerçekçi malzeme dokuları, doğal gölgeler, fotoğraf gerçekçiliği, yüksek çözünürlük No fantasy elements. No futuristic buildings. No modern architecture. No artificial looking objects. The final image should resemble a professional National Geographic documentary photograph.;205;219;205;219
CHRD_REAL_0164;CHRD_REAL_0164.jpeg;Daily Life;Unknown;Fairy Chimney;Stone House;Unknown;No;;Medium;;Kapadokya'da geçen son derece gerçekçi bir belgesel fotoğrafı oluştur. Tema: Kapadokya'da yaşayan insanların doğal günlük yaşamı, yerel Anadolu kültürü, geleneksel yaşam biçimi, otantik sosyal ortam, gerçek yaşam sahnesi, yaşayan kültürel miras Konum: Kapadokya Ana kültürel motifler: Kapadokya'ya özgü peri bacaları, volkanik kaya oluşumları, doğal jeolojik yapı, ikonik Kapadokya manzarası geleneksel taş evler, Anadolu taş mimarisi, tarihi taş yapılar Mevsim: doğal gün ışığı Sahne tamamen Kapadokya'nın gerçek kültürel kimliğini yansıtmalıdır. Ön planda ana kültürel motifler açık şekilde görünmelidir. Orta planda tarihi çevre doğal şekilde devam etmelidir. Arka planda Kapadokya'nın gerçek topoğrafyası yer almalıdır. Ön planda ana kültürel motifler açık şekilde görünmelidir. Orta planda Kapadokya'nın doğal ve tarihi çevresi yer almalıdır. Arka planda bölgenin gerçek topoğrafyası korunmalıdır. Kompozisyon doğal perspektife sahip olmalıdır. Fotoğraf gerçek bir insan tarafından çekilmiş hissi vermelidir. gerçek belgesel fotoğrafı, National Geographic tarzı, fotoğraf gerçekçiliği, yüksek dinamik aralık, gerçekçi ışık, gerçekçi gölgeler, 35mm DSLR, RAW fotoğraf, yüksek çözünürlük, keskin odak, yüksek ayrıntı, gerçek malzeme dokuları, doğal renkler belgesel fotoğrafçılığı, National Geographic kalitesi, ultra gerçekçi, profesyonel DSLR fotoğrafı, 35mm lens, RAW fotoğraf, yüksek dinamik aralık, doğal renkler, gerçekçi ışıklandırma, keskin odak, yüksek ayrıntı, gerçekçi malzeme dokuları, doğal gölgeler, fotoğraf gerçekçiliği, yüksek çözünürlük Kesinlikle fantastik öğe bulunmamalıdır. Modern mimari kullanılmamalıdır. Yapay görünen nesneler bulunmamalıdır. Fotoğraf gerçek bir belgesel fotoğrafçısı tarafından çekilmiş hissi vermelidir.;Create an ultra realistic documentary style photograph captured in Cappadocia. Theme: Kapadokya'da yaşayan insanların doğal günlük yaşamı, yerel Anadolu kültürü, geleneksel yaşam biçimi, otantik sosyal ortam, gerçek yaşam sahnesi, yaşayan kültürel miras Location: Kapadokya Main cultural elements: Kapadokya'ya özgü peri bacaları, volkanik kaya oluşumları, doğal jeolojik yapı, ikonik Kapadokya manzarası geleneksel taş evler, Anadolu taş mimarisi, tarihi taş yapılar Season: doğal gün ışığı The scene must faithfully represent the authentic cultural identity of Cappadocia. The foreground should clearly emphasize the main cultural elements. The middle ground should naturally continue with the historical environment. The background should preserve the real geography of Cappadocia. Ön planda ana kültürel motifler açık şekilde görünmelidir. Orta planda Kapadokya'nın doğal ve tarihi çevresi yer almalıdır. Arka planda bölgenin gerçek topoğrafyası korunmalıdır. Kompozisyon doğal perspektife sahip olmalıdır. Fotoğraf gerçek bir insan tarafından çekilmiş hissi vermelidir. gerçek belgesel fotoğrafı, National Geographic tarzı, fotoğraf gerçekçiliği, yüksek dinamik aralık, gerçekçi ışık, gerçekçi gölgeler, 35mm DSLR, RAW fotoğraf, yüksek çözünürlük, keskin odak, yüksek ayrıntı, gerçek malzeme dokuları, doğal renkler belgesel fotoğrafçılığı, National Geographic kalitesi, ultra gerçekçi, profesyonel DSLR fotoğrafı, 35mm lens, RAW fotoğraf, yüksek dinamik aralık, doğal renkler, gerçekçi ışıklandırma, keskin odak, yüksek ayrıntı, gerçekçi malzeme dokuları, doğal gölgeler, fotoğraf gerçekçiliği, yüksek çözünürlük No fantasy elements. No futuristic buildings. No modern architecture. No artificial looking objects. The final image should resemble a professional National Geographic documentary photograph.;212;226;212;226
CHRD_REAL_0165;CHRD_REAL_0165.jpeg;Local Architecture;Unknown;Stone House;Unknown;Unknown;No;;low;;Kapadokya'da geçen son derece gerçekçi bir belgesel fotoğrafı oluştur. Tema: Kapadokya taş mimarisi, geleneksel kaya evleri, taş yapılar, Anadolu mimarisi, korunmuş tarihi yapılar, otantik kültürel mimari Konum: Kapadokya Ana kültürel motifler: geleneksel taş evler, Anadolu taş mimarisi, tarihi taş yapılar Unknown Mevsim: doğal gün ışığı Sahne tamamen Kapadokya'nın gerçek kültürel kimliğini yansıtmalıdır. Ön planda ana kültürel motifler açık şekilde görünmelidir. Orta planda tarihi çevre doğal şekilde devam etmelidir. Arka planda Kapadokya'nın gerçek topoğrafyası yer almalıdır. Ön planda ana kültürel motifler açık şekilde görünmelidir. Orta planda Kapadokya'nın doğal ve tarihi çevresi yer almalıdır. Arka planda bölgenin gerçek topoğrafyası korunmalıdır. Kompozisyon doğal perspektife sahip olmalıdır. Fotoğraf gerçek bir insan tarafından çekilmiş hissi vermelidir. gerçek belgesel fotoğrafı, National Geographic tarzı, fotoğraf gerçekçiliği, yüksek dinamik aralık, gerçekçi ışık, gerçekçi gölgeler, 35mm DSLR, RAW fotoğraf, yüksek çözünürlük, keskin odak, yüksek ayrıntı, gerçek malzeme dokuları, doğal renkler belgesel fotoğrafçılığı, National Geographic kalitesi, ultra gerçekçi, profesyonel DSLR fotoğrafı, 35mm lens, RAW fotoğraf, yüksek dinamik aralık, doğal renkler, gerçekçi ışıklandırma, keskin odak, yüksek ayrıntı, gerçekçi malzeme dokuları, doğal gölgeler, fotoğraf gerçekçiliği, yüksek çözünürlük Kesinlikle fantastik öğe bulunmamalıdır. Modern mimari kullanılmamalıdır. Yapay görünen nesneler bulunmamalıdır. Fotoğraf gerçek bir belgesel fotoğrafçısı tarafından çekilmiş hissi vermelidir.;Create an ultra realistic documentary style photograph captured in Cappadocia. Theme: Kapadokya taş mimarisi, geleneksel kaya evleri, taş yapılar, Anadolu mimarisi, korunmuş tarihi yapılar, otantik kültürel mimari Location: Kapadokya Main cultural elements: geleneksel taş evler, Anadolu taş mimarisi, tarihi taş yapılar Unknown Season: doğal gün ışığı The scene must faithfully represent the authentic cultural identity of Cappadocia. The foreground should clearly emphasize the main cultural elements. The middle ground should naturally continue with the historical environment. The background should preserve the real geography of Cappadocia. Ön planda ana kültürel motifler açık şekilde görünmelidir. Orta planda Kapadokya'nın doğal ve tarihi çevresi yer almalıdır. Arka planda bölgenin gerçek topoğrafyası korunmalıdır. Kompozisyon doğal perspektife sahip olmalıdır. Fotoğraf gerçek bir insan tarafından çekilmiş hissi vermelidir. gerçek belgesel fotoğrafı, National Geographic tarzı, fotoğraf gerçekçiliği, yüksek dinamik aralık, gerçekçi ışık, gerçekçi gölgeler, 35mm DSLR, RAW fotoğraf, yüksek çözünürlük, keskin odak, yüksek ayrıntı, gerçek malzeme dokuları, doğal renkler belgesel fotoğrafçılığı, National Geographic kalitesi, ultra gerçekçi, profesyonel DSLR fotoğrafı, 35mm lens, RAW fotoğraf, yüksek dinamik aralık, doğal renkler, gerçekçi ışıklandırma, keskin odak, yüksek ayrıntı, gerçekçi malzeme dokuları, doğal gölgeler, fotoğraf gerçekçiliği, yüksek çözünürlük No fantasy elements. No futuristic buildings. No modern architecture. No artificial looking objects. The final image should resemble a professional National Geographic documentary photograph.;195;209;195;209
CHRD_REAL_0166;CHRD_REAL_0166.jpeg;Local Architecture;Unknown;Rock Formation;cave house;Unknown;No;;Medium;;Kapadokya'da geçen son derece gerçekçi bir belgesel fotoğrafı oluştur. Tema: Kapadokya taş mimarisi, geleneksel kaya evleri, taş yapılar, Anadolu mimarisi, korunmuş tarihi yapılar, otantik kültürel mimari Konum: Kapadokya Ana kültürel motifler: volkanik kaya oluşumları, doğal kaya yapıları, Kapadokya jeolojisi cave house Mevsim: doğal gün ışığı Sahne tamamen Kapadokya'nın gerçek kültürel kimliğini yansıtmalıdır. Ön planda ana kültürel motifler açık şekilde görünmelidir. Orta planda tarihi çevre doğal şekilde devam etmelidir. Arka planda Kapadokya'nın gerçek topoğrafyası yer almalıdır. Ön planda ana kültürel motifler açık şekilde görünmelidir. Orta planda Kapadokya'nın doğal ve tarihi çevresi yer almalıdır. Arka planda bölgenin gerçek topoğrafyası korunmalıdır. Kompozisyon doğal perspektife sahip olmalıdır. Fotoğraf gerçek bir insan tarafından çekilmiş hissi vermelidir. gerçek belgesel fotoğrafı, National Geographic tarzı, fotoğraf gerçekçiliği, yüksek dinamik aralık, gerçekçi ışık, gerçekçi gölgeler, 35mm DSLR, RAW fotoğraf, yüksek çözünürlük, keskin odak, yüksek ayrıntı, gerçek malzeme dokuları, doğal renkler belgesel fotoğrafçılığı, National Geographic kalitesi, ultra gerçekçi, profesyonel DSLR fotoğrafı, 35mm lens, RAW fotoğraf, yüksek dinamik aralık, doğal renkler, gerçekçi ışıklandırma, keskin odak, yüksek ayrıntı, gerçekçi malzeme dokuları, doğal gölgeler, fotoğraf gerçekçiliği, yüksek çözünürlük Kesinlikle fantastik öğe bulunmamalıdır. Modern mimari kullanılmamalıdır. Yapay görünen nesneler bulunmamalıdır. Fotoğraf gerçek bir belgesel fotoğrafçısı tarafından çekilmiş hissi vermelidir.;Create an ultra realistic documentary style photograph captured in Cappadocia. Theme: Kapadokya taş mimarisi, geleneksel kaya evleri, taş yapılar, Anadolu mimarisi, korunmuş tarihi yapılar, otantik kültürel mimari Location: Kapadokya Main cultural elements: volkanik kaya oluşumları, doğal kaya yapıları, Kapadokya jeolojisi cave house Season: doğal gün ışığı The scene must faithfully represent the authentic cultural identity of Cappadocia. The foreground should clearly emphasize the main cultural elements. The middle ground should naturally continue with the historical environment. The background should preserve the real geography of Cappadocia. Ön planda ana kültürel motifler açık şekilde görünmelidir. Orta planda Kapadokya'nın doğal ve tarihi çevresi yer almalıdır. Arka planda bölgenin gerçek topoğrafyası korunmalıdır. Kompozisyon doğal perspektife sahip olmalıdır. Fotoğraf gerçek bir insan tarafından çekilmiş hissi vermelidir. gerçek belgesel fotoğrafı, National Geographic tarzı, fotoğraf gerçekçiliği, yüksek dinamik aralık, gerçekçi ışık, gerçekçi gölgeler, 35mm DSLR, RAW fotoğraf, yüksek çözünürlük, keskin odak, yüksek ayrıntı, gerçek malzeme dokuları, doğal renkler belgesel fotoğrafçılığı, National Geographic kalitesi, ultra gerçekçi, profesyonel DSLR fotoğrafı, 35mm lens, RAW fotoğraf, yüksek dinamik aralık, doğal renkler, gerçekçi ışıklandırma, keskin odak, yüksek ayrıntı, gerçekçi malzeme dokuları, doğal gölgeler, fotoğraf gerçekçiliği, yüksek çözünürlük No fantasy elements. No futuristic buildings. No modern architecture. No artificial looking objects. The final image should resemble a professional National Geographic documentary photograph.;195;209;195;209
CHRD_REAL_0168;CHRD_REAL_0168.jpeg;Natural Landscape;Unknown;Valley;Rock Formation;Unknown;No;;Low;;Kapadokya'da geçen son derece gerçekçi bir belgesel fotoğrafı oluştur. Tema: Kapadokya'nın doğal manzarası, vadiler, volkanik kaya oluşumları, peri bacaları, geniş gökyüzü, otantik doğal çevre Konum: Kapadokya Ana kültürel motifler: Kapadokya vadisi, geniş kaya vadisi, doğal arazi volkanik kaya oluşumları, doğal kaya yapıları, Kapadokya jeolojisi Mevsim: doğal gün ışığı Sahne tamamen Kapadokya'nın gerçek kültürel kimliğini yansıtmalıdır. Ön planda ana kültürel motifler açık şekilde görünmelidir. Orta planda tarihi çevre doğal şekilde devam etmelidir. Arka planda Kapadokya'nın gerçek topoğrafyası yer almalıdır. Ön planda ana kültürel motifler açık şekilde görünmelidir. Orta planda Kapadokya'nın doğal ve tarihi çevresi yer almalıdır. Arka planda bölgenin gerçek topoğrafyası korunmalıdır. Kompozisyon doğal perspektife sahip olmalıdır. Fotoğraf gerçek bir insan tarafından çekilmiş hissi vermelidir. gerçek belgesel fotoğrafı, National Geographic tarzı, fotoğraf gerçekçiliği, yüksek dinamik aralık, gerçekçi ışık, gerçekçi gölgeler, 35mm DSLR, RAW fotoğraf, yüksek çözünürlük, keskin odak, yüksek ayrıntı, gerçek malzeme dokuları, doğal renkler belgesel fotoğrafçılığı, National Geographic kalitesi, ultra gerçekçi, profesyonel DSLR fotoğrafı, 35mm lens, RAW fotoğraf, yüksek dinamik aralık, doğal renkler, gerçekçi ışıklandırma, keskin odak, yüksek ayrıntı, gerçekçi malzeme dokuları, doğal gölgeler, fotoğraf gerçekçiliği, yüksek çözünürlük Kesinlikle fantastik öğe bulunmamalıdır. Modern mimari kullanılmamalıdır. Yapay görünen nesneler bulunmamalıdır. Fotoğraf gerçek bir belgesel fotoğrafçısı tarafından çekilmiş hissi vermelidir.;Create an ultra realistic documentary style photograph captured in Cappadocia. Theme: Kapadokya'nın doğal manzarası, vadiler, volkanik kaya oluşumları, peri bacaları, geniş gökyüzü, otantik doğal çevre Location: Kapadokya Main cultural elements: Kapadokya vadisi, geniş kaya vadisi, doğal arazi volkanik kaya oluşumları, doğal kaya yapıları, Kapadokya jeolojisi Season: doğal gün ışığı The scene must faithfully represent the authentic cultural identity of Cappadocia. The foreground should clearly emphasize the main cultural elements. The middle ground should naturally continue with the historical environment. The background should preserve the real geography of Cappadocia. Ön planda ana kültürel motifler açık şekilde görünmelidir. Orta planda Kapadokya'nın doğal ve tarihi çevresi yer almalıdır. Arka planda bölgenin gerçek topoğrafyası korunmalıdır. Kompozisyon doğal perspektife sahip olmalıdır. Fotoğraf gerçek bir insan tarafından çekilmiş hissi vermelidir. gerçek belgesel fotoğrafı, National Geographic tarzı, fotoğraf gerçekçiliği, yüksek dinamik aralık, gerçekçi ışık, gerçekçi gölgeler, 35mm DSLR, RAW fotoğraf, yüksek çözünürlük, keskin odak, yüksek ayrıntı, gerçek malzeme dokuları, doğal renkler belgesel fotoğrafçılığı, National Geographic kalitesi, ultra gerçekçi, profesyonel DSLR fotoğrafı, 35mm lens, RAW fotoğraf, yüksek dinamik aralık, doğal renkler, gerçekçi ışıklandırma, keskin odak, yüksek ayrıntı, gerçekçi malzeme dokuları, doğal gölgeler, fotoğraf gerçekçiliği, yüksek çözünürlük No fantasy elements. No futuristic buildings. No modern architecture. No artificial looking objects. The final image should resemble a professional National Geographic documentary photograph.;198;212;198;212
CHRD_REAL_0170;CHRD_REAL_0170.jpeg;Fairy Chimney;Unknown;Rock Formation;cave house;Unknown;No;;High;;Kapadokya'da geçen son derece gerçekçi bir belgesel fotoğrafı oluştur. Tema: Fairy Chimney Konum: Kapadokya Ana kültürel motifler: volkanik kaya oluşumları, doğal kaya yapıları, Kapadokya jeolojisi cave house Mevsim: doğal gün ışığı Sahne tamamen Kapadokya'nın gerçek kültürel kimliğini yansıtmalıdır. Ön planda ana kültürel motifler açık şekilde görünmelidir. Orta planda tarihi çevre doğal şekilde devam etmelidir. Arka planda Kapadokya'nın gerçek topoğrafyası yer almalıdır. Ön planda ana kültürel motifler açık şekilde görünmelidir. Orta planda Kapadokya'nın doğal ve tarihi çevresi yer almalıdır. Arka planda bölgenin gerçek topoğrafyası korunmalıdır. Kompozisyon doğal perspektife sahip olmalıdır. Fotoğraf gerçek bir insan tarafından çekilmiş hissi vermelidir. gerçek belgesel fotoğrafı, National Geographic tarzı, fotoğraf gerçekçiliği, yüksek dinamik aralık, gerçekçi ışık, gerçekçi gölgeler, 35mm DSLR, RAW fotoğraf, yüksek çözünürlük, keskin odak, yüksek ayrıntı, gerçek malzeme dokuları, doğal renkler belgesel fotoğrafçılığı, National Geographic kalitesi, ultra gerçekçi, profesyonel DSLR fotoğrafı, 35mm lens, RAW fotoğraf, yüksek dinamik aralık, doğal renkler, gerçekçi ışıklandırma, keskin odak, yüksek ayrıntı, gerçekçi malzeme dokuları, doğal gölgeler, fotoğraf gerçekçiliği, yüksek çözünürlük Kesinlikle fantastik öğe bulunmamalıdır. Modern mimari kullanılmamalıdır. Yapay görünen nesneler bulunmamalıdır. Fotoğraf gerçek bir belgesel fotoğrafçısı tarafından çekilmiş hissi vermelidir.;Create an ultra realistic documentary style photograph captured in Cappadocia. Theme: Fairy Chimney Location: Kapadokya Main cultural elements: volkanik kaya oluşumları, doğal kaya yapıları, Kapadokya jeolojisi cave house Season: doğal gün ışığı The scene must faithfully represent the authentic cultural identity of Cappadocia. The foreground should clearly emphasize the main cultural elements. The middle ground should naturally continue with the historical environment. The background should preserve the real geography of Cappadocia. Ön planda ana kültürel motifler açık şekilde görünmelidir. Orta planda Kapadokya'nın doğal ve tarihi çevresi yer almalıdır. Arka planda bölgenin gerçek topoğrafyası korunmalıdır. Kompozisyon doğal perspektife sahip olmalıdır. Fotoğraf gerçek bir insan tarafından çekilmiş hissi vermelidir. gerçek belgesel fotoğrafı, National Geographic tarzı, fotoğraf gerçekçiliği, yüksek dinamik aralık, gerçekçi ışık, gerçekçi gölgeler, 35mm DSLR, RAW fotoğraf, yüksek çözünürlük, keskin odak, yüksek ayrıntı, gerçek malzeme dokuları, doğal renkler belgesel fotoğrafçılığı, National Geographic kalitesi, ultra gerçekçi, profesyonel DSLR fotoğrafı, 35mm lens, RAW fotoğraf, yüksek dinamik aralık, doğal renkler, gerçekçi ışıklandırma, keskin odak, yüksek ayrıntı, gerçekçi malzeme dokuları, doğal gölgeler, fotoğraf gerçekçiliği, yüksek çözünürlük No fantasy elements. No futuristic buildings. No modern architecture. No artificial looking objects. The final image should resemble a professional National Geographic documentary photograph.;181;195;181;195
CHRD_REAL_0171;CHRD_REAL_0171.jpeg;Rock-cut Heritage;Unknown;Rock Formation;Fairy Chimney;Unknown;No;;High;;Kapadokya'da geçen son derece gerçekçi bir belgesel fotoğrafı oluştur. Tema: Kapadokya'nın tarihi kaya oyma mirası, UNESCO Dünya Mirası, volkanik tüf kayalara oyulmuş tarihi yapılar, antik kaya yerleşimleri, geleneksel Anadolu mimarisi, otantik tarihi doku, korunmuş kültürel miras Konum: Kapadokya Ana kültürel motifler: volkanik kaya oluşumları, doğal kaya yapıları, Kapadokya jeolojisi Kapadokya'ya özgü peri bacaları, volkanik kaya oluşumları, doğal jeolojik yapı, ikonik Kapadokya manzarası Mevsim: doğal gün ışığı Sahne tamamen Kapadokya'nın gerçek kültürel kimliğini yansıtmalıdır. Ön planda ana kültürel motifler açık şekilde görünmelidir. Orta planda tarihi çevre doğal şekilde devam etmelidir. Arka planda Kapadokya'nın gerçek topoğrafyası yer almalıdır. Ön planda ana kültürel motifler açık şekilde görünmelidir. Orta planda Kapadokya'nın doğal ve tarihi çevresi yer almalıdır. Arka planda bölgenin gerçek topoğrafyası korunmalıdır. Kompozisyon doğal perspektife sahip olmalıdır. Fotoğraf gerçek bir insan tarafından çekilmiş hissi vermelidir. gerçek belgesel fotoğrafı, National Geographic tarzı, fotoğraf gerçekçiliği, yüksek dinamik aralık, gerçekçi ışık, gerçekçi gölgeler, 35mm DSLR, RAW fotoğraf, yüksek çözünürlük, keskin odak, yüksek ayrıntı, gerçek malzeme dokuları, doğal renkler belgesel fotoğrafçılığı, National Geographic kalitesi, ultra gerçekçi, profesyonel DSLR fotoğrafı, 35mm lens, RAW fotoğraf, yüksek dinamik aralık, doğal renkler, gerçekçi ışıklandırma, keskin odak, yüksek ayrıntı, gerçekçi malzeme dokuları, doğal gölgeler, fotoğraf gerçekçiliği, yüksek çözünürlük Kesinlikle fantastik öğe bulunmamalıdır. Modern mimari kullanılmamalıdır. Yapay görünen nesneler bulunmamalıdır. Fotoğraf gerçek bir belgesel fotoğrafçısı tarafından çekilmiş hissi vermelidir.;Create an ultra realistic documentary style photograph captured in Cappadocia. Theme: Kapadokya'nın tarihi kaya oyma mirası, UNESCO Dünya Mirası, volkanik tüf kayalara oyulmuş tarihi yapılar, antik kaya yerleşimleri, geleneksel Anadolu mimarisi, otantik tarihi doku, korunmuş kültürel miras Location: Kapadokya Main cultural elements: volkanik kaya oluşumları, doğal kaya yapıları, Kapadokya jeolojisi Kapadokya'ya özgü peri bacaları, volkanik kaya oluşumları, doğal jeolojik yapı, ikonik Kapadokya manzarası Season: doğal gün ışığı The scene must faithfully represent the authentic cultural identity of Cappadocia. The foreground should clearly emphasize the main cultural elements. The middle ground should naturally continue with the historical environment. The background should preserve the real geography of Cappadocia. Ön planda ana kültürel motifler açık şekilde görünmelidir. Orta planda Kapadokya'nın doğal ve tarihi çevresi yer almalıdır. Arka planda bölgenin gerçek topoğrafyası korunmalıdır. Kompozisyon doğal perspektife sahip olmalıdır. Fotoğraf gerçek bir insan tarafından çekilmiş hissi vermelidir. gerçek belgesel fotoğrafı, National Geographic tarzı, fotoğraf gerçekçiliği, yüksek dinamik aralık, gerçekçi ışık, gerçekçi gölgeler, 35mm DSLR, RAW fotoğraf, yüksek çözünürlük, keskin odak, yüksek ayrıntı, gerçek malzeme dokuları, doğal renkler belgesel fotoğrafçılığı, National Geographic kalitesi, ultra gerçekçi, profesyonel DSLR fotoğrafı, 35mm lens, RAW fotoğraf, yüksek dinamik aralık, doğal renkler, gerçekçi ışıklandırma, keskin odak, yüksek ayrıntı, gerçekçi malzeme dokuları, doğal gölgeler, fotoğraf gerçekçiliği, yüksek çözünürlük No fantasy elements. No futuristic buildings. No modern architecture. No artificial looking objects. The final image should resemble a professional National Geographic documentary photograph.;216;230;216;230
CHRD_REAL_0172;CHRD_REAL_0172.jpeg;Daily Life;Unknown;Street;Stone House;Unknown;No;;Medium;;Kapadokya'da geçen son derece gerçekçi bir belgesel fotoğrafı oluştur. Tema: Kapadokya'da yaşayan insanların doğal günlük yaşamı, yerel Anadolu kültürü, geleneksel yaşam biçimi, otantik sosyal ortam, gerçek yaşam sahnesi, yaşayan kültürel miras Konum: Kapadokya Ana kültürel motifler: tarihi taş sokak, otantik Kapadokya yolu, geleneksel mahalle yolu geleneksel taş evler, Anadolu taş mimarisi, tarihi taş yapılar Mevsim: doğal gün ışığı Sahne tamamen Kapadokya'nın gerçek kültürel kimliğini yansıtmalıdır. Ön planda ana kültürel motifler açık şekilde görünmelidir. Orta planda tarihi çevre doğal şekilde devam etmelidir. Arka planda Kapadokya'nın gerçek topoğrafyası yer almalıdır. Ön planda ana kültürel motifler açık şekilde görünmelidir. Orta planda Kapadokya'nın doğal ve tarihi çevresi yer almalıdır. Arka planda bölgenin gerçek topoğrafyası korunmalıdır. Kompozisyon doğal perspektife sahip olmalıdır. Fotoğraf gerçek bir insan tarafından çekilmiş hissi vermelidir. gerçek belgesel fotoğrafı, National Geographic tarzı, fotoğraf gerçekçiliği, yüksek dinamik aralık, gerçekçi ışık, gerçekçi gölgeler, 35mm DSLR, RAW fotoğraf, yüksek çözünürlük, keskin odak, yüksek ayrıntı, gerçek malzeme dokuları, doğal renkler belgesel fotoğrafçılığı, National Geographic kalitesi, ultra gerçekçi, profesyonel DSLR fotoğrafı, 35mm lens, RAW fotoğraf, yüksek dinamik aralık, doğal renkler, gerçekçi ışıklandırma, keskin odak, yüksek ayrıntı, gerçekçi malzeme dokuları, doğal gölgeler, fotoğraf gerçekçiliği, yüksek çözünürlük Kesinlikle fantastik öğe bulunmamalıdır. Modern mimari kullanılmamalıdır. Yapay görünen nesneler bulunmamalıdır. Fotoğraf gerçek bir belgesel fotoğrafçısı tarafından çekilmiş hissi vermelidir.;Create an ultra realistic documentary style photograph captured in Cappadocia. Theme: Kapadokya'da yaşayan insanların doğal günlük yaşamı, yerel Anadolu kültürü, geleneksel yaşam biçimi, otantik sosyal ortam, gerçek yaşam sahnesi, yaşayan kültürel miras Location: Kapadokya Main cultural elements: tarihi taş sokak, otantik Kapadokya yolu, geleneksel mahalle yolu geleneksel taş evler, Anadolu taş mimarisi, tarihi taş yapılar Season: doğal gün ışığı The scene must faithfully represent the authentic cultural identity of Cappadocia. The foreground should clearly emphasize the main cultural elements. The middle ground should naturally continue with the historical environment. The background should preserve the real geography of Cappadocia. Ön planda ana kültürel motifler açık şekilde görünmelidir. Orta planda Kapadokya'nın doğal ve tarihi çevresi yer almalıdır. Arka planda bölgenin gerçek topoğrafyası korunmalıdır. Kompozisyon doğal perspektife sahip olmalıdır. Fotoğraf gerçek bir insan tarafından çekilmiş hissi vermelidir. gerçek belgesel fotoğrafı, National Geographic tarzı, fotoğraf gerçekçiliği, yüksek dinamik aralık, gerçekçi ışık, gerçekçi gölgeler, 35mm DSLR, RAW fotoğraf, yüksek çözünürlük, keskin odak, yüksek ayrıntı, gerçek malzeme dokuları, doğal renkler belgesel fotoğrafçılığı, National Geographic kalitesi, ultra gerçekçi, profesyonel DSLR fotoğrafı, 35mm lens, RAW fotoğraf, yüksek dinamik aralık, doğal renkler, gerçekçi ışıklandırma, keskin odak, yüksek ayrıntı, gerçekçi malzeme dokuları, doğal gölgeler, fotoğraf gerçekçiliği, yüksek çözünürlük No fantasy elements. No futuristic buildings. No modern architecture. No artificial looking objects. The final image should resemble a professional National Geographic documentary photograph.;208;222;208;222
CHRD_REAL_0173;CHRD_REAL_0173.jpeg;Rock-cut Heritage;Unknown;Rock Formation;Unknown;Unknown;No;;Medium;;Kapadokya'da geçen son derece gerçekçi bir belgesel fotoğrafı oluştur. Tema: Kapadokya'nın tarihi kaya oyma mirası, UNESCO Dünya Mirası, volkanik tüf kayalara oyulmuş tarihi yapılar, antik kaya yerleşimleri, geleneksel Anadolu mimarisi, otantik tarihi doku, korunmuş kültürel miras Konum: Kapadokya Ana kültürel motifler: volkanik kaya oluşumları, doğal kaya yapıları, Kapadokya jeolojisi Unknown Mevsim: doğal gün ışığı Sahne tamamen Kapadokya'nın gerçek kültürel kimliğini yansıtmalıdır. Ön planda ana kültürel motifler açık şekilde görünmelidir. Orta planda tarihi çevre doğal şekilde devam etmelidir. Arka planda Kapadokya'nın gerçek topoğrafyası yer almalıdır. Ön planda ana kültürel motifler açık şekilde görünmelidir. Orta planda Kapadokya'nın doğal ve tarihi çevresi yer almalıdır. Arka planda bölgenin gerçek topoğrafyası korunmalıdır. Kompozisyon doğal perspektife sahip olmalıdır. Fotoğraf gerçek bir insan tarafından çekilmiş hissi vermelidir. gerçek belgesel fotoğrafı, National Geographic tarzı, fotoğraf gerçekçiliği, yüksek dinamik aralık, gerçekçi ışık, gerçekçi gölgeler, 35mm DSLR, RAW fotoğraf, yüksek çözünürlük, keskin odak, yüksek ayrıntı, gerçek malzeme dokuları, doğal renkler belgesel fotoğrafçılığı, National Geographic kalitesi, ultra gerçekçi, profesyonel DSLR fotoğrafı, 35mm lens, RAW fotoğraf, yüksek dinamik aralık, doğal renkler, gerçekçi ışıklandırma, keskin odak, yüksek ayrıntı, gerçekçi malzeme dokuları, doğal gölgeler, fotoğraf gerçekçiliği, yüksek çözünürlük Kesinlikle fantastik öğe bulunmamalıdır. Modern mimari kullanılmamalıdır. Yapay görünen nesneler bulunmamalıdır. Fotoğraf gerçek bir belgesel fotoğrafçısı tarafından çekilmiş hissi vermelidir.;Create an ultra realistic documentary style photograph captured in Cappadocia. Theme: Kapadokya'nın tarihi kaya oyma mirası, UNESCO Dünya Mirası, volkanik tüf kayalara oyulmuş tarihi yapılar, antik kaya yerleşimleri, geleneksel Anadolu mimarisi, otantik tarihi doku, korunmuş kültürel miras Location: Kapadokya Main cultural elements: volkanik kaya oluşumları, doğal kaya yapıları, Kapadokya jeolojisi Unknown Season: doğal gün ışığı The scene must faithfully represent the authentic cultural identity of Cappadocia. The foreground should clearly emphasize the main cultural elements. The middle ground should naturally continue with the historical environment. The background should preserve the real geography of Cappadocia. Ön planda ana kültürel motifler açık şekilde görünmelidir. Orta planda Kapadokya'nın doğal ve tarihi çevresi yer almalıdır. Arka planda bölgenin gerçek topoğrafyası korunmalıdır. Kompozisyon doğal perspektife sahip olmalıdır. Fotoğraf gerçek bir insan tarafından çekilmiş hissi vermelidir. gerçek belgesel fotoğrafı, National Geographic tarzı, fotoğraf gerçekçiliği, yüksek dinamik aralık, gerçekçi ışık, gerçekçi gölgeler, 35mm DSLR, RAW fotoğraf, yüksek çözünürlük, keskin odak, yüksek ayrıntı, gerçek malzeme dokuları, doğal renkler belgesel fotoğrafçılığı, National Geographic kalitesi, ultra gerçekçi, profesyonel DSLR fotoğrafı, 35mm lens, RAW fotoğraf, yüksek dinamik aralık, doğal renkler, gerçekçi ışıklandırma, keskin odak, yüksek ayrıntı, gerçekçi malzeme dokuları, doğal gölgeler, fotoğraf gerçekçiliği, yüksek çözünürlük No fantasy elements. No futuristic buildings. No modern architecture. No artificial looking objects. The final image should resemble a professional National Geographic documentary photograph.;204;218;204;218
CHRD_REAL_0174;CHRD_REAL_0174.jpeg;Rock-cut Heritage;Unknown;cave house;Stone House;Unknown;No;;High;;Kapadokya'da geçen son derece gerçekçi bir belgesel fotoğrafı oluştur. Tema: Kapadokya'nın tarihi kaya oyma mirası, UNESCO Dünya Mirası, volkanik tüf kayalara oyulmuş tarihi yapılar, antik kaya yerleşimleri, geleneksel Anadolu mimarisi, otantik tarihi doku, korunmuş kültürel miras Konum: Kapadokya Ana kültürel motifler: cave house geleneksel taş evler, Anadolu taş mimarisi, tarihi taş yapılar Mevsim: doğal gün ışığı Sahne tamamen Kapadokya'nın gerçek kültürel kimliğini yansıtmalıdır. Ön planda ana kültürel motifler açık şekilde görünmelidir. Orta planda tarihi çevre doğal şekilde devam etmelidir. Arka planda Kapadokya'nın gerçek topoğrafyası yer almalıdır. Ön planda ana kültürel motifler açık şekilde görünmelidir. Orta planda Kapadokya'nın doğal ve tarihi çevresi yer almalıdır. Arka planda bölgenin gerçek topoğrafyası korunmalıdır. Kompozisyon doğal perspektife sahip olmalıdır. Fotoğraf gerçek bir insan tarafından çekilmiş hissi vermelidir. gerçek belgesel fotoğrafı, National Geographic tarzı, fotoğraf gerçekçiliği, yüksek dinamik aralık, gerçekçi ışık, gerçekçi gölgeler, 35mm DSLR, RAW fotoğraf, yüksek çözünürlük, keskin odak, yüksek ayrıntı, gerçek malzeme dokuları, doğal renkler belgesel fotoğrafçılığı, National Geographic kalitesi, ultra gerçekçi, profesyonel DSLR fotoğrafı, 35mm lens, RAW fotoğraf, yüksek dinamik aralık, doğal renkler, gerçekçi ışıklandırma, keskin odak, yüksek ayrıntı, gerçekçi malzeme dokuları, doğal gölgeler, fotoğraf gerçekçiliği, yüksek çözünürlük Kesinlikle fantastik öğe bulunmamalıdır. Modern mimari kullanılmamalıdır. Yapay görünen nesneler bulunmamalıdır. Fotoğraf gerçek bir belgesel fotoğrafçısı tarafından çekilmiş hissi vermelidir.;Create an ultra realistic documentary style photograph captured in Cappadocia. Theme: Kapadokya'nın tarihi kaya oyma mirası, UNESCO Dünya Mirası, volkanik tüf kayalara oyulmuş tarihi yapılar, antik kaya yerleşimleri, geleneksel Anadolu mimarisi, otantik tarihi doku, korunmuş kültürel miras Location: Kapadokya Main cultural elements: cave house geleneksel taş evler, Anadolu taş mimarisi, tarihi taş yapılar Season: doğal gün ışığı The scene must faithfully represent the authentic cultural identity of Cappadocia. The foreground should clearly emphasize the main cultural elements. The middle ground should naturally continue with the historical environment. The background should preserve the real geography of Cappadocia. Ön planda ana kültürel motifler açık şekilde görünmelidir. Orta planda Kapadokya'nın doğal ve tarihi çevresi yer almalıdır. Arka planda bölgenin gerçek topoğrafyası korunmalıdır. Kompozisyon doğal perspektife sahip olmalıdır. Fotoğraf gerçek bir insan tarafından çekilmiş hissi vermelidir. gerçek belgesel fotoğrafı, National Geographic tarzı, fotoğraf gerçekçiliği, yüksek dinamik aralık, gerçekçi ışık, gerçekçi gölgeler, 35mm DSLR, RAW fotoğraf, yüksek çözünürlük, keskin odak, yüksek ayrıntı, gerçek malzeme dokuları, doğal renkler belgesel fotoğrafçılığı, National Geographic kalitesi, ultra gerçekçi, profesyonel DSLR fotoğrafı, 35mm lens, RAW fotoğraf, yüksek dinamik aralık, doğal renkler, gerçekçi ışıklandırma, keskin odak, yüksek ayrıntı, gerçekçi malzeme dokuları, doğal gölgeler, fotoğraf gerçekçiliği, yüksek çözünürlük No fantasy elements. No futuristic buildings. No modern architecture. No artificial looking objects. The final image should resemble a professional National Geographic documentary photograph.;206;220;206;220
CHRD_REAL_0175;CHRD_REAL_0175.jpeg;Natural Landscape;Unknown;Fairy Chimney;Rock Formation;Unknown;No;;High;;Kapadokya'da geçen son derece gerçekçi bir belgesel fotoğrafı oluştur. Tema: Kapadokya'nın doğal manzarası, vadiler, volkanik kaya oluşumları, peri bacaları, geniş gökyüzü, otantik doğal çevre Konum: Kapadokya Ana kültürel motifler: Kapadokya'ya özgü peri bacaları, volkanik kaya oluşumları, doğal jeolojik yapı, ikonik Kapadokya manzarası volkanik kaya oluşumları, doğal kaya yapıları, Kapadokya jeolojisi Mevsim: doğal gün ışığı Sahne tamamen Kapadokya'nın gerçek kültürel kimliğini yansıtmalıdır. Ön planda ana kültürel motifler açık şekilde görünmelidir. Orta planda tarihi çevre doğal şekilde devam etmelidir. Arka planda Kapadokya'nın gerçek topoğrafyası yer almalıdır. Ön planda ana kültürel motifler açık şekilde görünmelidir. Orta planda Kapadokya'nın doğal ve tarihi çevresi yer almalıdır. Arka planda bölgenin gerçek topoğrafyası korunmalıdır. Kompozisyon doğal perspektife sahip olmalıdır. Fotoğraf gerçek bir insan tarafından çekilmiş hissi vermelidir. gerçek belgesel fotoğrafı, National Geographic tarzı, fotoğraf gerçekçiliği, yüksek dinamik aralık, gerçekçi ışık, gerçekçi gölgeler, 35mm DSLR, RAW fotoğraf, yüksek çözünürlük, keskin odak, yüksek ayrıntı, gerçek malzeme dokuları, doğal renkler belgesel fotoğrafçılığı, National Geographic kalitesi, ultra gerçekçi, profesyonel DSLR fotoğrafı, 35mm lens, RAW fotoğraf, yüksek dinamik aralık, doğal renkler, gerçekçi ışıklandırma, keskin odak, yüksek ayrıntı, gerçekçi malzeme dokuları, doğal gölgeler, fotoğraf gerçekçiliği, yüksek çözünürlük Kesinlikle fantastik öğe bulunmamalıdır. Modern mimari kullanılmamalıdır. Yapay görünen nesneler bulunmamalıdır. Fotoğraf gerçek bir belgesel fotoğrafçısı tarafından çekilmiş hissi vermelidir.;Create an ultra realistic documentary style photograph captured in Cappadocia. Theme: Kapadokya'nın doğal manzarası, vadiler, volkanik kaya oluşumları, peri bacaları, geniş gökyüzü, otantik doğal çevre Location: Kapadokya Main cultural elements: Kapadokya'ya özgü peri bacaları, volkanik kaya oluşumları, doğal jeolojik yapı, ikonik Kapadokya manzarası volkanik kaya oluşumları, doğal kaya yapıları, Kapadokya jeolojisi Season: doğal gün ışığı The scene must faithfully represent the authentic cultural identity of Cappadocia. The foreground should clearly emphasize the main cultural elements. The middle ground should naturally continue with the historical environment. The background should preserve the real geography of Cappadocia. Ön planda ana kültürel motifler açık şekilde görünmelidir. Orta planda Kapadokya'nın doğal ve tarihi çevresi yer almalıdır. Arka planda bölgenin gerçek topoğrafyası korunmalıdır. Kompozisyon doğal perspektife sahip olmalıdır. Fotoğraf gerçek bir insan tarafından çekilmiş hissi vermelidir. gerçek belgesel fotoğrafı, National Geographic tarzı, fotoğraf gerçekçiliği, yüksek dinamik aralık, gerçekçi ışık, gerçekçi gölgeler, 35mm DSLR, RAW fotoğraf, yüksek çözünürlük, keskin odak, yüksek ayrıntı, gerçek malzeme dokuları, doğal renkler belgesel fotoğrafçılığı, National Geographic kalitesi, ultra gerçekçi, profesyonel DSLR fotoğrafı, 35mm lens, RAW fotoğraf, yüksek dinamik aralık, doğal renkler, gerçekçi ışıklandırma, keskin odak, yüksek ayrıntı, gerçekçi malzeme dokuları, doğal gölgeler, fotoğraf gerçekçiliği, yüksek çözünürlük No fantasy elements. No futuristic buildings. No modern architecture. No artificial looking objects. The final image should resemble a professional National Geographic documentary photograph.;204;218;204;218
CHRD_REAL_0176;CHRD_REAL_0176.jpeg;Rock-cut Heritage;Unknown;cave house;Landscape;Unknown;No;;Medium;;Kapadokya'da geçen son derece gerçekçi bir belgesel fotoğrafı oluştur. Tema: Kapadokya'nın tarihi kaya oyma mirası, UNESCO Dünya Mirası, volkanik tüf kayalara oyulmuş tarihi yapılar, antik kaya yerleşimleri, geleneksel Anadolu mimarisi, otantik tarihi doku, korunmuş kültürel miras Konum: Kapadokya Ana kültürel motifler: cave house Kapadokya doğal manzarası, geniş açık arazi, otantik doğa görünümü Mevsim: doğal gün ışığı Sahne tamamen Kapadokya'nın gerçek kültürel kimliğini yansıtmalıdır. Ön planda ana kültürel motifler açık şekilde görünmelidir. Orta planda tarihi çevre doğal şekilde devam etmelidir. Arka planda Kapadokya'nın gerçek topoğrafyası yer almalıdır. Ön planda ana kültürel motifler açık şekilde görünmelidir. Orta planda Kapadokya'nın doğal ve tarihi çevresi yer almalıdır. Arka planda bölgenin gerçek topoğrafyası korunmalıdır. Kompozisyon doğal perspektife sahip olmalıdır. Fotoğraf gerçek bir insan tarafından çekilmiş hissi vermelidir. gerçek belgesel fotoğrafı, National Geographic tarzı, fotoğraf gerçekçiliği, yüksek dinamik aralık, gerçekçi ışık, gerçekçi gölgeler, 35mm DSLR, RAW fotoğraf, yüksek çözünürlük, keskin odak, yüksek ayrıntı, gerçek malzeme dokuları, doğal renkler belgesel fotoğrafçılığı, National Geographic kalitesi, ultra gerçekçi, profesyonel DSLR fotoğrafı, 35mm lens, RAW fotoğraf, yüksek dinamik aralık, doğal renkler, gerçekçi ışıklandırma, keskin odak, yüksek ayrıntı, gerçekçi malzeme dokuları, doğal gölgeler, fotoğraf gerçekçiliği, yüksek çözünürlük Kesinlikle fantastik öğe bulunmamalıdır. Modern mimari kullanılmamalıdır. Yapay görünen nesneler bulunmamalıdır. Fotoğraf gerçek bir belgesel fotoğrafçısı tarafından çekilmiş hissi vermelidir.;Create an ultra realistic documentary style photograph captured in Cappadocia. Theme: Kapadokya'nın tarihi kaya oyma mirası, UNESCO Dünya Mirası, volkanik tüf kayalara oyulmuş tarihi yapılar, antik kaya yerleşimleri, geleneksel Anadolu mimarisi, otantik tarihi doku, korunmuş kültürel miras Location: Kapadokya Main cultural elements: cave house Kapadokya doğal manzarası, geniş açık arazi, otantik doğa görünümü Season: doğal gün ışığı The scene must faithfully represent the authentic cultural identity of Cappadocia. The foreground should clearly emphasize the main cultural elements. The middle ground should naturally continue with the historical environment. The background should preserve the real geography of Cappadocia. Ön planda ana kültürel motifler açık şekilde görünmelidir. Orta planda Kapadokya'nın doğal ve tarihi çevresi yer almalıdır. Arka planda bölgenin gerçek topoğrafyası korunmalıdır. Kompozisyon doğal perspektife sahip olmalıdır. Fotoğraf gerçek bir insan tarafından çekilmiş hissi vermelidir. gerçek belgesel fotoğrafı, National Geographic tarzı, fotoğraf gerçekçiliği, yüksek dinamik aralık, gerçekçi ışık, gerçekçi gölgeler, 35mm DSLR, RAW fotoğraf, yüksek çözünürlük, keskin odak, yüksek ayrıntı, gerçek malzeme dokuları, doğal renkler belgesel fotoğrafçılığı, National Geographic kalitesi, ultra gerçekçi, profesyonel DSLR fotoğrafı, 35mm lens, RAW fotoğraf, yüksek dinamik aralık, doğal renkler, gerçekçi ışıklandırma, keskin odak, yüksek ayrıntı, gerçekçi malzeme dokuları, doğal gölgeler, fotoğraf gerçekçiliği, yüksek çözünürlük No fantasy elements. No futuristic buildings. No modern architecture. No artificial looking objects. The final image should resemble a professional National Geographic documentary photograph.;206;220;206;220
CHRD_REAL_0177;CHRD_REAL_0177.jpeg;Village Square;Unknown;Stone House;Landscape;Unknown;No;;Medium;;Kapadokya'da geçen son derece gerçekçi bir belgesel fotoğrafı oluştur. Tema: Kapadokya köy meydanı, tarihi taş sokaklar, yerel mahalle yaşamı, geleneksel Anadolu yerleşimi, otantik köy atmosferi, kültürel yaşam alanı Konum: Kapadokya Ana kültürel motifler: geleneksel taş evler, Anadolu taş mimarisi, tarihi taş yapılar Kapadokya doğal manzarası, geniş açık arazi, otantik doğa görünümü Mevsim: doğal gün ışığı Sahne tamamen Kapadokya'nın gerçek kültürel kimliğini yansıtmalıdır. Ön planda ana kültürel motifler açık şekilde görünmelidir. Orta planda tarihi çevre doğal şekilde devam etmelidir. Arka planda Kapadokya'nın gerçek topoğrafyası yer almalıdır. Ön planda ana kültürel motifler açık şekilde görünmelidir. Orta planda Kapadokya'nın doğal ve tarihi çevresi yer almalıdır. Arka planda bölgenin gerçek topoğrafyası korunmalıdır. Kompozisyon doğal perspektife sahip olmalıdır. Fotoğraf gerçek bir insan tarafından çekilmiş hissi vermelidir. gerçek belgesel fotoğrafı, National Geographic tarzı, fotoğraf gerçekçiliği, yüksek dinamik aralık, gerçekçi ışık, gerçekçi gölgeler, 35mm DSLR, RAW fotoğraf, yüksek çözünürlük, keskin odak, yüksek ayrıntı, gerçek malzeme dokuları, doğal renkler belgesel fotoğrafçılığı, National Geographic kalitesi, ultra gerçekçi, profesyonel DSLR fotoğrafı, 35mm lens, RAW fotoğraf, yüksek dinamik aralık, doğal renkler, gerçekçi ışıklandırma, keskin odak, yüksek ayrıntı, gerçekçi malzeme dokuları, doğal gölgeler, fotoğraf gerçekçiliği, yüksek çözünürlük Kesinlikle fantastik öğe bulunmamalıdır. Modern mimari kullanılmamalıdır. Yapay görünen nesneler bulunmamalıdır. Fotoğraf gerçek bir belgesel fotoğrafçısı tarafından çekilmiş hissi vermelidir.;Create an ultra realistic documentary style photograph captured in Cappadocia. Theme: Kapadokya köy meydanı, tarihi taş sokaklar, yerel mahalle yaşamı, geleneksel Anadolu yerleşimi, otantik köy atmosferi, kültürel yaşam alanı Location: Kapadokya Main cultural elements: geleneksel taş evler, Anadolu taş mimarisi, tarihi taş yapılar Kapadokya doğal manzarası, geniş açık arazi, otantik doğa görünümü Season: doğal gün ışığı The scene must faithfully represent the authentic cultural identity of Cappadocia. The foreground should clearly emphasize the main cultural elements. The middle ground should naturally continue with the historical environment. The background should preserve the real geography of Cappadocia. Ön planda ana kültürel motifler açık şekilde görünmelidir. Orta planda Kapadokya'nın doğal ve tarihi çevresi yer almalıdır. Arka planda bölgenin gerçek topoğrafyası korunmalıdır. Kompozisyon doğal perspektife sahip olmalıdır. Fotoğraf gerçek bir insan tarafından çekilmiş hissi vermelidir. gerçek belgesel fotoğrafı, National Geographic tarzı, fotoğraf gerçekçiliği, yüksek dinamik aralık, gerçekçi ışık, gerçekçi gölgeler, 35mm DSLR, RAW fotoğraf, yüksek çözünürlük, keskin odak, yüksek ayrıntı, gerçek malzeme dokuları, doğal renkler belgesel fotoğrafçılığı, National Geographic kalitesi, ultra gerçekçi, profesyonel DSLR fotoğrafı, 35mm lens, RAW fotoğraf, yüksek dinamik aralık, doğal renkler, gerçekçi ışıklandırma, keskin odak, yüksek ayrıntı, gerçekçi malzeme dokuları, doğal gölgeler, fotoğraf gerçekçiliği, yüksek çözünürlük No fantasy elements. No futuristic buildings. No modern architecture. No artificial looking objects. The final image should resemble a professional National Geographic documentary photograph.;205;219;205;219
CHRD_REAL_0178;CHRD_REAL_0178.jpeg;Local Architecture;Unknown;Rock Formation;Landscape;Unknown;No;;Medium;;Kapadokya'da geçen son derece gerçekçi bir belgesel fotoğrafı oluştur. Tema: Kapadokya taş mimarisi, geleneksel kaya evleri, taş yapılar, Anadolu mimarisi, korunmuş tarihi yapılar, otantik kültürel mimari Konum: Kapadokya Ana kültürel motifler: volkanik kaya oluşumları, doğal kaya yapıları, Kapadokya jeolojisi Kapadokya doğal manzarası, geniş açık arazi, otantik doğa görünümü Mevsim: doğal gün ışığı Sahne tamamen Kapadokya'nın gerçek kültürel kimliğini yansıtmalıdır. Ön planda ana kültürel motifler açık şekilde görünmelidir. Orta planda tarihi çevre doğal şekilde devam etmelidir. Arka planda Kapadokya'nın gerçek topoğrafyası yer almalıdır. Ön planda ana kültürel motifler açık şekilde görünmelidir. Orta planda Kapadokya'nın doğal ve tarihi çevresi yer almalıdır. Arka planda bölgenin gerçek topoğrafyası korunmalıdır. Kompozisyon doğal perspektife sahip olmalıdır. Fotoğraf gerçek bir insan tarafından çekilmiş hissi vermelidir. gerçek belgesel fotoğrafı, National Geographic tarzı, fotoğraf gerçekçiliği, yüksek dinamik aralık, gerçekçi ışık, gerçekçi gölgeler, 35mm DSLR, RAW fotoğraf, yüksek çözünürlük, keskin odak, yüksek ayrıntı, gerçek malzeme dokuları, doğal renkler belgesel fotoğrafçılığı, National Geographic kalitesi, ultra gerçekçi, profesyonel DSLR fotoğrafı, 35mm lens, RAW fotoğraf, yüksek dinamik aralık, doğal renkler, gerçekçi ışıklandırma, keskin odak, yüksek ayrıntı, gerçekçi malzeme dokuları, doğal gölgeler, fotoğraf gerçekçiliği, yüksek çözünürlük Kesinlikle fantastik öğe bulunmamalıdır. Modern mimari kullanılmamalıdır. Yapay görünen nesneler bulunmamalıdır. Fotoğraf gerçek bir belgesel fotoğrafçısı tarafından çekilmiş hissi vermelidir.;Create an ultra realistic documentary style photograph captured in Cappadocia. Theme: Kapadokya taş mimarisi, geleneksel kaya evleri, taş yapılar, Anadolu mimarisi, korunmuş tarihi yapılar, otantik kültürel mimari Location: Kapadokya Main cultural elements: volkanik kaya oluşumları, doğal kaya yapıları, Kapadokya jeolojisi Kapadokya doğal manzarası, geniş açık arazi, otantik doğa görünümü Season: doğal gün ışığı The scene must faithfully represent the authentic cultural identity of Cappadocia. The foreground should clearly emphasize the main cultural elements. The middle ground should naturally continue with the historical environment. The background should preserve the real geography of Cappadocia. Ön planda ana kültürel motifler açık şekilde görünmelidir. Orta planda Kapadokya'nın doğal ve tarihi çevresi yer almalıdır. Arka planda bölgenin gerçek topoğrafyası korunmalıdır. Kompozisyon doğal perspektife sahip olmalıdır. Fotoğraf gerçek bir insan tarafından çekilmiş hissi vermelidir. gerçek belgesel fotoğrafı, National Geographic tarzı, fotoğraf gerçekçiliği, yüksek dinamik aralık, gerçekçi ışık, gerçekçi gölgeler, 35mm DSLR, RAW fotoğraf, yüksek çözünürlük, keskin odak, yüksek ayrıntı, gerçek malzeme dokuları, doğal renkler belgesel fotoğrafçılığı, National Geographic kalitesi, ultra gerçekçi, profesyonel DSLR fotoğrafı, 35mm lens, RAW fotoğraf, yüksek dinamik aralık, doğal renkler, gerçekçi ışıklandırma, keskin odak, yüksek ayrıntı, gerçekçi malzeme dokuları, doğal gölgeler, fotoğraf gerçekçiliği, yüksek çözünürlük No fantasy elements. No futuristic buildings. No modern architecture. No artificial looking objects. The final image should resemble a professional National Geographic documentary photograph.;202;216;202;216
CHRD_REAL_0179;CHRD_REAL_0179.jpeg;Natural Landscape;Unknown;rock Formation;Valley;Unknown;No;;Medium;;Kapadokya'da geçen son derece gerçekçi bir belgesel fotoğrafı oluştur. Tema: Kapadokya'nın doğal manzarası, vadiler, volkanik kaya oluşumları, peri bacaları, geniş gökyüzü, otantik doğal çevre Konum: Kapadokya Ana kültürel motifler: rock Formation Kapadokya vadisi, geniş kaya vadisi, doğal arazi Mevsim: doğal gün ışığı Sahne tamamen Kapadokya'nın gerçek kültürel kimliğini yansıtmalıdır. Ön planda ana kültürel motifler açık şekilde görünmelidir. Orta planda tarihi çevre doğal şekilde devam etmelidir. Arka planda Kapadokya'nın gerçek topoğrafyası yer almalıdır. Ön planda ana kültürel motifler açık şekilde görünmelidir. Orta planda Kapadokya'nın doğal ve tarihi çevresi yer almalıdır. Arka planda bölgenin gerçek topoğrafyası korunmalıdır. Kompozisyon doğal perspektife sahip olmalıdır. Fotoğraf gerçek bir insan tarafından çekilmiş hissi vermelidir. gerçek belgesel fotoğrafı, National Geographic tarzı, fotoğraf gerçekçiliği, yüksek dinamik aralık, gerçekçi ışık, gerçekçi gölgeler, 35mm DSLR, RAW fotoğraf, yüksek çözünürlük, keskin odak, yüksek ayrıntı, gerçek malzeme dokuları, doğal renkler belgesel fotoğrafçılığı, National Geographic kalitesi, ultra gerçekçi, profesyonel DSLR fotoğrafı, 35mm lens, RAW fotoğraf, yüksek dinamik aralık, doğal renkler, gerçekçi ışıklandırma, keskin odak, yüksek ayrıntı, gerçekçi malzeme dokuları, doğal gölgeler, fotoğraf gerçekçiliği, yüksek çözünürlük Kesinlikle fantastik öğe bulunmamalıdır. Modern mimari kullanılmamalıdır. Yapay görünen nesneler bulunmamalıdır. Fotoğraf gerçek bir belgesel fotoğrafçısı tarafından çekilmiş hissi vermelidir.;Create an ultra realistic documentary style photograph captured in Cappadocia. Theme: Kapadokya'nın doğal manzarası, vadiler, volkanik kaya oluşumları, peri bacaları, geniş gökyüzü, otantik doğal çevre Location: Kapadokya Main cultural elements: rock Formation Kapadokya vadisi, geniş kaya vadisi, doğal arazi Season: doğal gün ışığı The scene must faithfully represent the authentic cultural identity of Cappadocia. The foreground should clearly emphasize the main cultural elements. The middle ground should naturally continue with the historical environment. The background should preserve the real geography of Cappadocia. Ön planda ana kültürel motifler açık şekilde görünmelidir. Orta planda Kapadokya'nın doğal ve tarihi çevresi yer almalıdır. Arka planda bölgenin gerçek topoğrafyası korunmalıdır. Kompozisyon doğal perspektife sahip olmalıdır. Fotoğraf gerçek bir insan tarafından çekilmiş hissi vermelidir. gerçek belgesel fotoğrafı, National Geographic tarzı, fotoğraf gerçekçiliği, yüksek dinamik aralık, gerçekçi ışık, gerçekçi gölgeler, 35mm DSLR, RAW fotoğraf, yüksek çözünürlük, keskin odak, yüksek ayrıntı, gerçek malzeme dokuları, doğal renkler belgesel fotoğrafçılığı, National Geographic kalitesi, ultra gerçekçi, profesyonel DSLR fotoğrafı, 35mm lens, RAW fotoğraf, yüksek dinamik aralık, doğal renkler, gerçekçi ışıklandırma, keskin odak, yüksek ayrıntı, gerçekçi malzeme dokuları, doğal gölgeler, fotoğraf gerçekçiliği, yüksek çözünürlük No fantasy elements. No futuristic buildings. No modern architecture. No artificial looking objects. The final image should resemble a professional National Geographic documentary photograph.;192;206;192;206
CHRD_REAL_0180;CHRD_REAL_0180.jpeg;Daily Life;Unknown;Rock Formation;Stone House;Unknown;No;;low;;Kapadokya'da geçen son derece gerçekçi bir belgesel fotoğrafı oluştur. Tema: Kapadokya'da yaşayan insanların doğal günlük yaşamı, yerel Anadolu kültürü, geleneksel yaşam biçimi, otantik sosyal ortam, gerçek yaşam sahnesi, yaşayan kültürel miras Konum: Kapadokya Ana kültürel motifler: volkanik kaya oluşumları, doğal kaya yapıları, Kapadokya jeolojisi geleneksel taş evler, Anadolu taş mimarisi, tarihi taş yapılar Mevsim: doğal gün ışığı Sahne tamamen Kapadokya'nın gerçek kültürel kimliğini yansıtmalıdır. Ön planda ana kültürel motifler açık şekilde görünmelidir. Orta planda tarihi çevre doğal şekilde devam etmelidir. Arka planda Kapadokya'nın gerçek topoğrafyası yer almalıdır. Ön planda ana kültürel motifler açık şekilde görünmelidir. Orta planda Kapadokya'nın doğal ve tarihi çevresi yer almalıdır. Arka planda bölgenin gerçek topoğrafyası korunmalıdır. Kompozisyon doğal perspektife sahip olmalıdır. Fotoğraf gerçek bir insan tarafından çekilmiş hissi vermelidir. gerçek belgesel fotoğrafı, National Geographic tarzı, fotoğraf gerçekçiliği, yüksek dinamik aralık, gerçekçi ışık, gerçekçi gölgeler, 35mm DSLR, RAW fotoğraf, yüksek çözünürlük, keskin odak, yüksek ayrıntı, gerçek malzeme dokuları, doğal renkler belgesel fotoğrafçılığı, National Geographic kalitesi, ultra gerçekçi, profesyonel DSLR fotoğrafı, 35mm lens, RAW fotoğraf, yüksek dinamik aralık, doğal renkler, gerçekçi ışıklandırma, keskin odak, yüksek ayrıntı, gerçekçi malzeme dokuları, doğal gölgeler, fotoğraf gerçekçiliği, yüksek çözünürlük Kesinlikle fantastik öğe bulunmamalıdır. Modern mimari kullanılmamalıdır. Yapay görünen nesneler bulunmamalıdır. Fotoğraf gerçek bir belgesel fotoğrafçısı tarafından çekilmiş hissi vermelidir.;Create an ultra realistic documentary style photograph captured in Cappadocia. Theme: Kapadokya'da yaşayan insanların doğal günlük yaşamı, yerel Anadolu kültürü, geleneksel yaşam biçimi, otantik sosyal ortam, gerçek yaşam sahnesi, yaşayan kültürel miras Location: Kapadokya Main cultural elements: volkanik kaya oluşumları, doğal kaya yapıları, Kapadokya jeolojisi geleneksel taş evler, Anadolu taş mimarisi, tarihi taş yapılar Season: doğal gün ışığı The scene must faithfully represent the authentic cultural identity of Cappadocia. The foreground should clearly emphasize the main cultural elements. The middle ground should naturally continue with the historical environment. The background should preserve the real geography of Cappadocia. Ön planda ana kültürel motifler açık şekilde görünmelidir. Orta planda Kapadokya'nın doğal ve tarihi çevresi yer almalıdır. Arka planda bölgenin gerçek topoğrafyası korunmalıdır. Kompozisyon doğal perspektife sahip olmalıdır. Fotoğraf gerçek bir insan tarafından çekilmiş hissi vermelidir. gerçek belgesel fotoğrafı, National Geographic tarzı, fotoğraf gerçekçiliği, yüksek dinamik aralık, gerçekçi ışık, gerçekçi gölgeler, 35mm DSLR, RAW fotoğraf, yüksek çözünürlük, keskin odak, yüksek ayrıntı, gerçek malzeme dokuları, doğal renkler belgesel fotoğrafçılığı, National Geographic kalitesi, ultra gerçekçi, profesyonel DSLR fotoğrafı, 35mm lens, RAW fotoğraf, yüksek dinamik aralık, doğal renkler, gerçekçi ışıklandırma, keskin odak, yüksek ayrıntı, gerçekçi malzeme dokuları, doğal gölgeler, fotoğraf gerçekçiliği, yüksek çözünürlük No fantasy elements. No futuristic buildings. No modern architecture. No artificial looking objects. The final image should resemble a professional National Geographic documentary photograph.;207;221;207;221
CHRD_REAL_0181;CHRD_REAL_0181.jpeg;Rock-cut Heritage;Unknown;Rock Formation;cave house;Unknown;No;;High;;Kapadokya'da geçen son derece gerçekçi bir belgesel fotoğrafı oluştur. Tema: Kapadokya'nın tarihi kaya oyma mirası, UNESCO Dünya Mirası, volkanik tüf kayalara oyulmuş tarihi yapılar, antik kaya yerleşimleri, geleneksel Anadolu mimarisi, otantik tarihi doku, korunmuş kültürel miras Konum: Kapadokya Ana kültürel motifler: volkanik kaya oluşumları, doğal kaya yapıları, Kapadokya jeolojisi cave house Mevsim: doğal gün ışığı Sahne tamamen Kapadokya'nın gerçek kültürel kimliğini yansıtmalıdır. Ön planda ana kültürel motifler açık şekilde görünmelidir. Orta planda tarihi çevre doğal şekilde devam etmelidir. Arka planda Kapadokya'nın gerçek topoğrafyası yer almalıdır. Ön planda ana kültürel motifler açık şekilde görünmelidir. Orta planda Kapadokya'nın doğal ve tarihi çevresi yer almalıdır. Arka planda bölgenin gerçek topoğrafyası korunmalıdır. Kompozisyon doğal perspektife sahip olmalıdır. Fotoğraf gerçek bir insan tarafından çekilmiş hissi vermelidir. gerçek belgesel fotoğrafı, National Geographic tarzı, fotoğraf gerçekçiliği, yüksek dinamik aralık, gerçekçi ışık, gerçekçi gölgeler, 35mm DSLR, RAW fotoğraf, yüksek çözünürlük, keskin odak, yüksek ayrıntı, gerçek malzeme dokuları, doğal renkler belgesel fotoğrafçılığı, National Geographic kalitesi, ultra gerçekçi, profesyonel DSLR fotoğrafı, 35mm lens, RAW fotoğraf, yüksek dinamik aralık, doğal renkler, gerçekçi ışıklandırma, keskin odak, yüksek ayrıntı, gerçekçi malzeme dokuları, doğal gölgeler, fotoğraf gerçekçiliği, yüksek çözünürlük Kesinlikle fantastik öğe bulunmamalıdır. Modern mimari kullanılmamalıdır. Yapay görünen nesneler bulunmamalıdır. Fotoğraf gerçek bir belgesel fotoğrafçısı tarafından çekilmiş hissi vermelidir.;Create an ultra realistic documentary style photograph captured in Cappadocia. Theme: Kapadokya'nın tarihi kaya oyma mirası, UNESCO Dünya Mirası, volkanik tüf kayalara oyulmuş tarihi yapılar, antik kaya yerleşimleri, geleneksel Anadolu mimarisi, otantik tarihi doku, korunmuş kültürel miras Location: Kapadokya Main cultural elements: volkanik kaya oluşumları, doğal kaya yapıları, Kapadokya jeolojisi cave house Season: doğal gün ışığı The scene must faithfully represent the authentic cultural identity of Cappadocia. The foreground should clearly emphasize the main cultural elements. The middle ground should naturally continue with the historical environment. The background should preserve the real geography of Cappadocia. Ön planda ana kültürel motifler açık şekilde görünmelidir. Orta planda Kapadokya'nın doğal ve tarihi çevresi yer almalıdır. Arka planda bölgenin gerçek topoğrafyası korunmalıdır. Kompozisyon doğal perspektife sahip olmalıdır. Fotoğraf gerçek bir insan tarafından çekilmiş hissi vermelidir. gerçek belgesel fotoğrafı, National Geographic tarzı, fotoğraf gerçekçiliği, yüksek dinamik aralık, gerçekçi ışık, gerçekçi gölgeler, 35mm DSLR, RAW fotoğraf, yüksek çözünürlük, keskin odak, yüksek ayrıntı, gerçek malzeme dokuları, doğal renkler belgesel fotoğrafçılığı, National Geographic kalitesi, ultra gerçekçi, profesyonel DSLR fotoğrafı, 35mm lens, RAW fotoğraf, yüksek dinamik aralık, doğal renkler, gerçekçi ışıklandırma, keskin odak, yüksek ayrıntı, gerçekçi malzeme dokuları, doğal gölgeler, fotoğraf gerçekçiliği, yüksek çözünürlük No fantasy elements. No futuristic buildings. No modern architecture. No artificial looking objects. The final image should resemble a professional National Geographic documentary photograph.;205;219;205;219
CHRD_REAL_0182;CHRD_REAL_0182.jpeg;Rock-cut Heritage;Unknown;Rock Formation;Fairy Chimney;Unknown;No;;High;;Kapadokya'da geçen son derece gerçekçi bir belgesel fotoğrafı oluştur. Tema: Kapadokya'nın tarihi kaya oyma mirası, UNESCO Dünya Mirası, volkanik tüf kayalara oyulmuş tarihi yapılar, antik kaya yerleşimleri, geleneksel Anadolu mimarisi, otantik tarihi doku, korunmuş kültürel miras Konum: Kapadokya Ana kültürel motifler: volkanik kaya oluşumları, doğal kaya yapıları, Kapadokya jeolojisi Kapadokya'ya özgü peri bacaları, volkanik kaya oluşumları, doğal jeolojik yapı, ikonik Kapadokya manzarası Mevsim: doğal gün ışığı Sahne tamamen Kapadokya'nın gerçek kültürel kimliğini yansıtmalıdır. Ön planda ana kültürel motifler açık şekilde görünmelidir. Orta planda tarihi çevre doğal şekilde devam etmelidir. Arka planda Kapadokya'nın gerçek topoğrafyası yer almalıdır. Ön planda ana kültürel motifler açık şekilde görünmelidir. Orta planda Kapadokya'nın doğal ve tarihi çevresi yer almalıdır. Arka planda bölgenin gerçek topoğrafyası korunmalıdır. Kompozisyon doğal perspektife sahip olmalıdır. Fotoğraf gerçek bir insan tarafından çekilmiş hissi vermelidir. gerçek belgesel fotoğrafı, National Geographic tarzı, fotoğraf gerçekçiliği, yüksek dinamik aralık, gerçekçi ışık, gerçekçi gölgeler, 35mm DSLR, RAW fotoğraf, yüksek çözünürlük, keskin odak, yüksek ayrıntı, gerçek malzeme dokuları, doğal renkler belgesel fotoğrafçılığı, National Geographic kalitesi, ultra gerçekçi, profesyonel DSLR fotoğrafı, 35mm lens, RAW fotoğraf, yüksek dinamik aralık, doğal renkler, gerçekçi ışıklandırma, keskin odak, yüksek ayrıntı, gerçekçi malzeme dokuları, doğal gölgeler, fotoğraf gerçekçiliği, yüksek çözünürlük Kesinlikle fantastik öğe bulunmamalıdır. Modern mimari kullanılmamalıdır. Yapay görünen nesneler bulunmamalıdır. Fotoğraf gerçek bir belgesel fotoğrafçısı tarafından çekilmiş hissi vermelidir.;Create an ultra realistic documentary style photograph captured in Cappadocia. Theme: Kapadokya'nın tarihi kaya oyma mirası, UNESCO Dünya Mirası, volkanik tüf kayalara oyulmuş tarihi yapılar, antik kaya yerleşimleri, geleneksel Anadolu mimarisi, otantik tarihi doku, korunmuş kültürel miras Location: Kapadokya Main cultural elements: volkanik kaya oluşumları, doğal kaya yapıları, Kapadokya jeolojisi Kapadokya'ya özgü peri bacaları, volkanik kaya oluşumları, doğal jeolojik yapı, ikonik Kapadokya manzarası Season: doğal gün ışığı The scene must faithfully represent the authentic cultural identity of Cappadocia. The foreground should clearly emphasize the main cultural elements. The middle ground should naturally continue with the historical environment. The background should preserve the real geography of Cappadocia. Ön planda ana kültürel motifler açık şekilde görünmelidir. Orta planda Kapadokya'nın doğal ve tarihi çevresi yer almalıdır. Arka planda bölgenin gerçek topoğrafyası korunmalıdır. Kompozisyon doğal perspektife sahip olmalıdır. Fotoğraf gerçek bir insan tarafından çekilmiş hissi vermelidir. gerçek belgesel fotoğrafı, National Geographic tarzı, fotoğraf gerçekçiliği, yüksek dinamik aralık, gerçekçi ışık, gerçekçi gölgeler, 35mm DSLR, RAW fotoğraf, yüksek çözünürlük, keskin odak, yüksek ayrıntı, gerçek malzeme dokuları, doğal renkler belgesel fotoğrafçılığı, National Geographic kalitesi, ultra gerçekçi, profesyonel DSLR fotoğrafı, 35mm lens, RAW fotoğraf, yüksek dinamik aralık, doğal renkler, gerçekçi ışıklandırma, keskin odak, yüksek ayrıntı, gerçekçi malzeme dokuları, doğal gölgeler, fotoğraf gerçekçiliği, yüksek çözünürlük No fantasy elements. No futuristic buildings. No modern architecture. No artificial looking objects. The final image should resemble a professional National Geographic documentary photograph.;216;230;216;230
CHRD_REAL_0183;CHRD_REAL_0183.jpeg;Local Architecture;Unknown;Stone House;Unknown;Unknown;No;;low;;Kapadokya'da geçen son derece gerçekçi bir belgesel fotoğrafı oluştur. Tema: Kapadokya taş mimarisi, geleneksel kaya evleri, taş yapılar, Anadolu mimarisi, korunmuş tarihi yapılar, otantik kültürel mimari Konum: Kapadokya Ana kültürel motifler: geleneksel taş evler, Anadolu taş mimarisi, tarihi taş yapılar Unknown Mevsim: doğal gün ışığı Sahne tamamen Kapadokya'nın gerçek kültürel kimliğini yansıtmalıdır. Ön planda ana kültürel motifler açık şekilde görünmelidir. Orta planda tarihi çevre doğal şekilde devam etmelidir. Arka planda Kapadokya'nın gerçek topoğrafyası yer almalıdır. Ön planda ana kültürel motifler açık şekilde görünmelidir. Orta planda Kapadokya'nın doğal ve tarihi çevresi yer almalıdır. Arka planda bölgenin gerçek topoğrafyası korunmalıdır. Kompozisyon doğal perspektife sahip olmalıdır. Fotoğraf gerçek bir insan tarafından çekilmiş hissi vermelidir. gerçek belgesel fotoğrafı, National Geographic tarzı, fotoğraf gerçekçiliği, yüksek dinamik aralık, gerçekçi ışık, gerçekçi gölgeler, 35mm DSLR, RAW fotoğraf, yüksek çözünürlük, keskin odak, yüksek ayrıntı, gerçek malzeme dokuları, doğal renkler belgesel fotoğrafçılığı, National Geographic kalitesi, ultra gerçekçi, profesyonel DSLR fotoğrafı, 35mm lens, RAW fotoğraf, yüksek dinamik aralık, doğal renkler, gerçekçi ışıklandırma, keskin odak, yüksek ayrıntı, gerçekçi malzeme dokuları, doğal gölgeler, fotoğraf gerçekçiliği, yüksek çözünürlük Kesinlikle fantastik öğe bulunmamalıdır. Modern mimari kullanılmamalıdır. Yapay görünen nesneler bulunmamalıdır. Fotoğraf gerçek bir belgesel fotoğrafçısı tarafından çekilmiş hissi vermelidir.;Create an ultra realistic documentary style photograph captured in Cappadocia. Theme: Kapadokya taş mimarisi, geleneksel kaya evleri, taş yapılar, Anadolu mimarisi, korunmuş tarihi yapılar, otantik kültürel mimari Location: Kapadokya Main cultural elements: geleneksel taş evler, Anadolu taş mimarisi, tarihi taş yapılar Unknown Season: doğal gün ışığı The scene must faithfully represent the authentic cultural identity of Cappadocia. The foreground should clearly emphasize the main cultural elements. The middle ground should naturally continue with the historical environment. The background should preserve the real geography of Cappadocia. Ön planda ana kültürel motifler açık şekilde görünmelidir. Orta planda Kapadokya'nın doğal ve tarihi çevresi yer almalıdır. Arka planda bölgenin gerçek topoğrafyası korunmalıdır. Kompozisyon doğal perspektife sahip olmalıdır. Fotoğraf gerçek bir insan tarafından çekilmiş hissi vermelidir. gerçek belgesel fotoğrafı, National Geographic tarzı, fotoğraf gerçekçiliği, yüksek dinamik aralık, gerçekçi ışık, gerçekçi gölgeler, 35mm DSLR, RAW fotoğraf, yüksek çözünürlük, keskin odak, yüksek ayrıntı, gerçek malzeme dokuları, doğal renkler belgesel fotoğrafçılığı, National Geographic kalitesi, ultra gerçekçi, profesyonel DSLR fotoğrafı, 35mm lens, RAW fotoğraf, yüksek dinamik aralık, doğal renkler, gerçekçi ışıklandırma, keskin odak, yüksek ayrıntı, gerçekçi malzeme dokuları, doğal gölgeler, fotoğraf gerçekçiliği, yüksek çözünürlük No fantasy elements. No futuristic buildings. No modern architecture. No artificial looking objects. The final image should resemble a professional National Geographic documentary photograph.;195;209;195;209
CHRD_REAL_0184;CHRD_REAL_0184.jpeg;Local Architecture;Unknown;Stone House;Unknown;Unknown;No;;low;;Kapadokya'da geçen son derece gerçekçi bir belgesel fotoğrafı oluştur. Tema: Kapadokya taş mimarisi, geleneksel kaya evleri, taş yapılar, Anadolu mimarisi, korunmuş tarihi yapılar, otantik kültürel mimari Konum: Kapadokya Ana kültürel motifler: geleneksel taş evler, Anadolu taş mimarisi, tarihi taş yapılar Unknown Mevsim: doğal gün ışığı Sahne tamamen Kapadokya'nın gerçek kültürel kimliğini yansıtmalıdır. Ön planda ana kültürel motifler açık şekilde görünmelidir. Orta planda tarihi çevre doğal şekilde devam etmelidir. Arka planda Kapadokya'nın gerçek topoğrafyası yer almalıdır. Ön planda ana kültürel motifler açık şekilde görünmelidir. Orta planda Kapadokya'nın doğal ve tarihi çevresi yer almalıdır. Arka planda bölgenin gerçek topoğrafyası korunmalıdır. Kompozisyon doğal perspektife sahip olmalıdır. Fotoğraf gerçek bir insan tarafından çekilmiş hissi vermelidir. gerçek belgesel fotoğrafı, National Geographic tarzı, fotoğraf gerçekçiliği, yüksek dinamik aralık, gerçekçi ışık, gerçekçi gölgeler, 35mm DSLR, RAW fotoğraf, yüksek çözünürlük, keskin odak, yüksek ayrıntı, gerçek malzeme dokuları, doğal renkler belgesel fotoğrafçılığı, National Geographic kalitesi, ultra gerçekçi, profesyonel DSLR fotoğrafı, 35mm lens, RAW fotoğraf, yüksek dinamik aralık, doğal renkler, gerçekçi ışıklandırma, keskin odak, yüksek ayrıntı, gerçekçi malzeme dokuları, doğal gölgeler, fotoğraf gerçekçiliği, yüksek çözünürlük Kesinlikle fantastik öğe bulunmamalıdır. Modern mimari kullanılmamalıdır. Yapay görünen nesneler bulunmamalıdır. Fotoğraf gerçek bir belgesel fotoğrafçısı tarafından çekilmiş hissi vermelidir.;Create an ultra realistic documentary style photograph captured in Cappadocia. Theme: Kapadokya taş mimarisi, geleneksel kaya evleri, taş yapılar, Anadolu mimarisi, korunmuş tarihi yapılar, otantik kültürel mimari Location: Kapadokya Main cultural elements: geleneksel taş evler, Anadolu taş mimarisi, tarihi taş yapılar Unknown Season: doğal gün ışığı The scene must faithfully represent the authentic cultural identity of Cappadocia. The foreground should clearly emphasize the main cultural elements. The middle ground should naturally continue with the historical environment. The background should preserve the real geography of Cappadocia. Ön planda ana kültürel motifler açık şekilde görünmelidir. Orta planda Kapadokya'nın doğal ve tarihi çevresi yer almalıdır. Arka planda bölgenin gerçek topoğrafyası korunmalıdır. Kompozisyon doğal perspektife sahip olmalıdır. Fotoğraf gerçek bir insan tarafından çekilmiş hissi vermelidir. gerçek belgesel fotoğrafı, National Geographic tarzı, fotoğraf gerçekçiliği, yüksek dinamik aralık, gerçekçi ışık, gerçekçi gölgeler, 35mm DSLR, RAW fotoğraf, yüksek çözünürlük, keskin odak, yüksek ayrıntı, gerçek malzeme dokuları, doğal renkler belgesel fotoğrafçılığı, National Geographic kalitesi, ultra gerçekçi, profesyonel DSLR fotoğrafı, 35mm lens, RAW fotoğraf, yüksek dinamik aralık, doğal renkler, gerçekçi ışıklandırma, keskin odak, yüksek ayrıntı, gerçekçi malzeme dokuları, doğal gölgeler, fotoğraf gerçekçiliği, yüksek çözünürlük No fantasy elements. No futuristic buildings. No modern architecture. No artificial looking objects. The final image should resemble a professional National Geographic documentary photograph.;195;209;195;209
CHRD_REAL_0185;CHRD_REAL_0185.jpeg;Natural Landscape;Unknown;Rock Formation;Unknown;Unknown;No;;Low;;Kapadokya'da geçen son derece gerçekçi bir belgesel fotoğrafı oluştur. Tema: Kapadokya'nın doğal manzarası, vadiler, volkanik kaya oluşumları, peri bacaları, geniş gökyüzü, otantik doğal çevre Konum: Kapadokya Ana kültürel motifler: volkanik kaya oluşumları, doğal kaya yapıları, Kapadokya jeolojisi Unknown Mevsim: doğal gün ışığı Sahne tamamen Kapadokya'nın gerçek kültürel kimliğini yansıtmalıdır. Ön planda ana kültürel motifler açık şekilde görünmelidir. Orta planda tarihi çevre doğal şekilde devam etmelidir. Arka planda Kapadokya'nın gerçek topoğrafyası yer almalıdır. Ön planda ana kültürel motifler açık şekilde görünmelidir. Orta planda Kapadokya'nın doğal ve tarihi çevresi yer almalıdır. Arka planda bölgenin gerçek topoğrafyası korunmalıdır. Kompozisyon doğal perspektife sahip olmalıdır. Fotoğraf gerçek bir insan tarafından çekilmiş hissi vermelidir. gerçek belgesel fotoğrafı, National Geographic tarzı, fotoğraf gerçekçiliği, yüksek dinamik aralık, gerçekçi ışık, gerçekçi gölgeler, 35mm DSLR, RAW fotoğraf, yüksek çözünürlük, keskin odak, yüksek ayrıntı, gerçek malzeme dokuları, doğal renkler belgesel fotoğrafçılığı, National Geographic kalitesi, ultra gerçekçi, profesyonel DSLR fotoğrafı, 35mm lens, RAW fotoğraf, yüksek dinamik aralık, doğal renkler, gerçekçi ışıklandırma, keskin odak, yüksek ayrıntı, gerçekçi malzeme dokuları, doğal gölgeler, fotoğraf gerçekçiliği, yüksek çözünürlük Kesinlikle fantastik öğe bulunmamalıdır. Modern mimari kullanılmamalıdır. Yapay görünen nesneler bulunmamalıdır. Fotoğraf gerçek bir belgesel fotoğrafçısı tarafından çekilmiş hissi vermelidir.;Create an ultra realistic documentary style photograph captured in Cappadocia. Theme: Kapadokya'nın doğal manzarası, vadiler, volkanik kaya oluşumları, peri bacaları, geniş gökyüzü, otantik doğal çevre Location: Kapadokya Main cultural elements: volkanik kaya oluşumları, doğal kaya yapıları, Kapadokya jeolojisi Unknown Season: doğal gün ışığı The scene must faithfully represent the authentic cultural identity of Cappadocia. The foreground should clearly emphasize the main cultural elements. The middle ground should naturally continue with the historical environment. The background should preserve the real geography of Cappadocia. Ön planda ana kültürel motifler açık şekilde görünmelidir. Orta planda Kapadokya'nın doğal ve tarihi çevresi yer almalıdır. Arka planda bölgenin gerçek topoğrafyası korunmalıdır. Kompozisyon doğal perspektife sahip olmalıdır. Fotoğraf gerçek bir insan tarafından çekilmiş hissi vermelidir. gerçek belgesel fotoğrafı, National Geographic tarzı, fotoğraf gerçekçiliği, yüksek dinamik aralık, gerçekçi ışık, gerçekçi gölgeler, 35mm DSLR, RAW fotoğraf, yüksek çözünürlük, keskin odak, yüksek ayrıntı, gerçek malzeme dokuları, doğal renkler belgesel fotoğrafçılığı, National Geographic kalitesi, ultra gerçekçi, profesyonel DSLR fotoğrafı, 35mm lens, RAW fotoğraf, yüksek dinamik aralık, doğal renkler, gerçekçi ışıklandırma, keskin odak, yüksek ayrıntı, gerçekçi malzeme dokuları, doğal gölgeler, fotoğraf gerçekçiliği, yüksek çözünürlük No fantasy elements. No futuristic buildings. No modern architecture. No artificial looking objects. The final image should resemble a professional National Geographic documentary photograph.;192;206;192;206
CHRD_REAL_0186;CHRD_REAL_0186.jpeg;Local Architecture;Unknown;Stone House;Fairy Chimney;Unknown;No;;high;;Kapadokya'da geçen son derece gerçekçi bir belgesel fotoğrafı oluştur. Tema: Kapadokya taş mimarisi, geleneksel kaya evleri, taş yapılar, Anadolu mimarisi, korunmuş tarihi yapılar, otantik kültürel mimari Konum: Kapadokya Ana kültürel motifler: geleneksel taş evler, Anadolu taş mimarisi, tarihi taş yapılar Kapadokya'ya özgü peri bacaları, volkanik kaya oluşumları, doğal jeolojik yapı, ikonik Kapadokya manzarası Mevsim: doğal gün ışığı Sahne tamamen Kapadokya'nın gerçek kültürel kimliğini yansıtmalıdır. Ön planda ana kültürel motifler açık şekilde görünmelidir. Orta planda tarihi çevre doğal şekilde devam etmelidir. Arka planda Kapadokya'nın gerçek topoğrafyası yer almalıdır. Ön planda ana kültürel motifler açık şekilde görünmelidir. Orta planda Kapadokya'nın doğal ve tarihi çevresi yer almalıdır. Arka planda bölgenin gerçek topoğrafyası korunmalıdır. Kompozisyon doğal perspektife sahip olmalıdır. Fotoğraf gerçek bir insan tarafından çekilmiş hissi vermelidir. gerçek belgesel fotoğrafı, National Geographic tarzı, fotoğraf gerçekçiliği, yüksek dinamik aralık, gerçekçi ışık, gerçekçi gölgeler, 35mm DSLR, RAW fotoğraf, yüksek çözünürlük, keskin odak, yüksek ayrıntı, gerçek malzeme dokuları, doğal renkler belgesel fotoğrafçılığı, National Geographic kalitesi, ultra gerçekçi, profesyonel DSLR fotoğrafı, 35mm lens, RAW fotoğraf, yüksek dinamik aralık, doğal renkler, gerçekçi ışıklandırma, keskin odak, yüksek ayrıntı, gerçekçi malzeme dokuları, doğal gölgeler, fotoğraf gerçekçiliği, yüksek çözünürlük Kesinlikle fantastik öğe bulunmamalıdır. Modern mimari kullanılmamalıdır. Yapay görünen nesneler bulunmamalıdır. Fotoğraf gerçek bir belgesel fotoğrafçısı tarafından çekilmiş hissi vermelidir.;Create an ultra realistic documentary style photograph captured in Cappadocia. Theme: Kapadokya taş mimarisi, geleneksel kaya evleri, taş yapılar, Anadolu mimarisi, korunmuş tarihi yapılar, otantik kültürel mimari Location: Kapadokya Main cultural elements: geleneksel taş evler, Anadolu taş mimarisi, tarihi taş yapılar Kapadokya'ya özgü peri bacaları, volkanik kaya oluşumları, doğal jeolojik yapı, ikonik Kapadokya manzarası Season: doğal gün ışığı The scene must faithfully represent the authentic cultural identity of Cappadocia. The foreground should clearly emphasize the main cultural elements. The middle ground should naturally continue with the historical environment. The background should preserve the real geography of Cappadocia. Ön planda ana kültürel motifler açık şekilde görünmelidir. Orta planda Kapadokya'nın doğal ve tarihi çevresi yer almalıdır. Arka planda bölgenin gerçek topoğrafyası korunmalıdır. Kompozisyon doğal perspektife sahip olmalıdır. Fotoğraf gerçek bir insan tarafından çekilmiş hissi vermelidir. gerçek belgesel fotoğrafı, National Geographic tarzı, fotoğraf gerçekçiliği, yüksek dinamik aralık, gerçekçi ışık, gerçekçi gölgeler, 35mm DSLR, RAW fotoğraf, yüksek çözünürlük, keskin odak, yüksek ayrıntı, gerçek malzeme dokuları, doğal renkler belgesel fotoğrafçılığı, National Geographic kalitesi, ultra gerçekçi, profesyonel DSLR fotoğrafı, 35mm lens, RAW fotoğraf, yüksek dinamik aralık, doğal renkler, gerçekçi ışıklandırma, keskin odak, yüksek ayrıntı, gerçekçi malzeme dokuları, doğal gölgeler, fotoğraf gerçekçiliği, yüksek çözünürlük No fantasy elements. No futuristic buildings. No modern architecture. No artificial looking objects. The final image should resemble a professional National Geographic documentary photograph.;207;221;207;221
CHRD_REAL_0187;CHRD_REAL_0187.jpeg;Rock-cut Heritage;Unknown;Rock Formation;Fairy Chimney;Unknown;No;;High;;Kapadokya'da geçen son derece gerçekçi bir belgesel fotoğrafı oluştur. Tema: Kapadokya'nın tarihi kaya oyma mirası, UNESCO Dünya Mirası, volkanik tüf kayalara oyulmuş tarihi yapılar, antik kaya yerleşimleri, geleneksel Anadolu mimarisi, otantik tarihi doku, korunmuş kültürel miras Konum: Kapadokya Ana kültürel motifler: volkanik kaya oluşumları, doğal kaya yapıları, Kapadokya jeolojisi Kapadokya'ya özgü peri bacaları, volkanik kaya oluşumları, doğal jeolojik yapı, ikonik Kapadokya manzarası Mevsim: doğal gün ışığı Sahne tamamen Kapadokya'nın gerçek kültürel kimliğini yansıtmalıdır. Ön planda ana kültürel motifler açık şekilde görünmelidir. Orta planda tarihi çevre doğal şekilde devam etmelidir. Arka planda Kapadokya'nın gerçek topoğrafyası yer almalıdır. Ön planda ana kültürel motifler açık şekilde görünmelidir. Orta planda Kapadokya'nın doğal ve tarihi çevresi yer almalıdır. Arka planda bölgenin gerçek topoğrafyası korunmalıdır. Kompozisyon doğal perspektife sahip olmalıdır. Fotoğraf gerçek bir insan tarafından çekilmiş hissi vermelidir. gerçek belgesel fotoğrafı, National Geographic tarzı, fotoğraf gerçekçiliği, yüksek dinamik aralık, gerçekçi ışık, gerçekçi gölgeler, 35mm DSLR, RAW fotoğraf, yüksek çözünürlük, keskin odak, yüksek ayrıntı, gerçek malzeme dokuları, doğal renkler belgesel fotoğrafçılığı, National Geographic kalitesi, ultra gerçekçi, profesyonel DSLR fotoğrafı, 35mm lens, RAW fotoğraf, yüksek dinamik aralık, doğal renkler, gerçekçi ışıklandırma, keskin odak, yüksek ayrıntı, gerçekçi malzeme dokuları, doğal gölgeler, fotoğraf gerçekçiliği, yüksek çözünürlük Kesinlikle fantastik öğe bulunmamalıdır. Modern mimari kullanılmamalıdır. Yapay görünen nesneler bulunmamalıdır. Fotoğraf gerçek bir belgesel fotoğrafçısı tarafından çekilmiş hissi vermelidir.;Create an ultra realistic documentary style photograph captured in Cappadocia. Theme: Kapadokya'nın tarihi kaya oyma mirası, UNESCO Dünya Mirası, volkanik tüf kayalara oyulmuş tarihi yapılar, antik kaya yerleşimleri, geleneksel Anadolu mimarisi, otantik tarihi doku, korunmuş kültürel miras Location: Kapadokya Main cultural elements: volkanik kaya oluşumları, doğal kaya yapıları, Kapadokya jeolojisi Kapadokya'ya özgü peri bacaları, volkanik kaya oluşumları, doğal jeolojik yapı, ikonik Kapadokya manzarası Season: doğal gün ışığı The scene must faithfully represent the authentic cultural identity of Cappadocia. The foreground should clearly emphasize the main cultural elements. The middle ground should naturally continue with the historical environment. The background should preserve the real geography of Cappadocia. Ön planda ana kültürel motifler açık şekilde görünmelidir. Orta planda Kapadokya'nın doğal ve tarihi çevresi yer almalıdır. Arka planda bölgenin gerçek topoğrafyası korunmalıdır. Kompozisyon doğal perspektife sahip olmalıdır. Fotoğraf gerçek bir insan tarafından çekilmiş hissi vermelidir. gerçek belgesel fotoğrafı, National Geographic tarzı, fotoğraf gerçekçiliği, yüksek dinamik aralık, gerçekçi ışık, gerçekçi gölgeler, 35mm DSLR, RAW fotoğraf, yüksek çözünürlük, keskin odak, yüksek ayrıntı, gerçek malzeme dokuları, doğal renkler belgesel fotoğrafçılığı, National Geographic kalitesi, ultra gerçekçi, profesyonel DSLR fotoğrafı, 35mm lens, RAW fotoğraf, yüksek dinamik aralık, doğal renkler, gerçekçi ışıklandırma, keskin odak, yüksek ayrıntı, gerçekçi malzeme dokuları, doğal gölgeler, fotoğraf gerçekçiliği, yüksek çözünürlük No fantasy elements. No futuristic buildings. No modern architecture. No artificial looking objects. The final image should resemble a professional National Geographic documentary photograph.;216;230;216;230
CHRD_REAL_0188;CHRD_REAL_0188.jpeg;Rock-cut Heritage;Unknown;cave house;Museum;Unknown;No;;High;;Kapadokya'da geçen son derece gerçekçi bir belgesel fotoğrafı oluştur. Tema: Kapadokya'nın tarihi kaya oyma mirası, UNESCO Dünya Mirası, volkanik tüf kayalara oyulmuş tarihi yapılar, antik kaya yerleşimleri, geleneksel Anadolu mimarisi, otantik tarihi doku, korunmuş kültürel miras Konum: Kapadokya Ana kültürel motifler: cave house yerel kültür müzesi, tarihi eser koleksiyonu, kültürel miras müzesi Mevsim: doğal gün ışığı Sahne tamamen Kapadokya'nın gerçek kültürel kimliğini yansıtmalıdır. Ön planda ana kültürel motifler açık şekilde görünmelidir. Orta planda tarihi çevre doğal şekilde devam etmelidir. Arka planda Kapadokya'nın gerçek topoğrafyası yer almalıdır. Ön planda ana kültürel motifler açık şekilde görünmelidir. Orta planda Kapadokya'nın doğal ve tarihi çevresi yer almalıdır. Arka planda bölgenin gerçek topoğrafyası korunmalıdır. Kompozisyon doğal perspektife sahip olmalıdır. Fotoğraf gerçek bir insan tarafından çekilmiş hissi vermelidir. gerçek belgesel fotoğrafı, National Geographic tarzı, fotoğraf gerçekçiliği, yüksek dinamik aralık, gerçekçi ışık, gerçekçi gölgeler, 35mm DSLR, RAW fotoğraf, yüksek çözünürlük, keskin odak, yüksek ayrıntı, gerçek malzeme dokuları, doğal renkler belgesel fotoğrafçılığı, National Geographic kalitesi, ultra gerçekçi, profesyonel DSLR fotoğrafı, 35mm lens, RAW fotoğraf, yüksek dinamik aralık, doğal renkler, gerçekçi ışıklandırma, keskin odak, yüksek ayrıntı, gerçekçi malzeme dokuları, doğal gölgeler, fotoğraf gerçekçiliği, yüksek çözünürlük Kesinlikle fantastik öğe bulunmamalıdır. Modern mimari kullanılmamalıdır. Yapay görünen nesneler bulunmamalıdır. Fotoğraf gerçek bir belgesel fotoğrafçısı tarafından çekilmiş hissi vermelidir.;Create an ultra realistic documentary style photograph captured in Cappadocia. Theme: Kapadokya'nın tarihi kaya oyma mirası, UNESCO Dünya Mirası, volkanik tüf kayalara oyulmuş tarihi yapılar, antik kaya yerleşimleri, geleneksel Anadolu mimarisi, otantik tarihi doku, korunmuş kültürel miras Location: Kapadokya Main cultural elements: cave house yerel kültür müzesi, tarihi eser koleksiyonu, kültürel miras müzesi Season: doğal gün ışığı The scene must faithfully represent the authentic cultural identity of Cappadocia. The foreground should clearly emphasize the main cultural elements. The middle ground should naturally continue with the historical environment. The background should preserve the real geography of Cappadocia. Ön planda ana kültürel motifler açık şekilde görünmelidir. Orta planda Kapadokya'nın doğal ve tarihi çevresi yer almalıdır. Arka planda bölgenin gerçek topoğrafyası korunmalıdır. Kompozisyon doğal perspektife sahip olmalıdır. Fotoğraf gerçek bir insan tarafından çekilmiş hissi vermelidir. gerçek belgesel fotoğrafı, National Geographic tarzı, fotoğraf gerçekçiliği, yüksek dinamik aralık, gerçekçi ışık, gerçekçi gölgeler, 35mm DSLR, RAW fotoğraf, yüksek çözünürlük, keskin odak, yüksek ayrıntı, gerçek malzeme dokuları, doğal renkler belgesel fotoğrafçılığı, National Geographic kalitesi, ultra gerçekçi, profesyonel DSLR fotoğrafı, 35mm lens, RAW fotoğraf, yüksek dinamik aralık, doğal renkler, gerçekçi ışıklandırma, keskin odak, yüksek ayrıntı, gerçekçi malzeme dokuları, doğal gölgeler, fotoğraf gerçekçiliği, yüksek çözünürlük No fantasy elements. No futuristic buildings. No modern architecture. No artificial looking objects. The final image should resemble a professional National Geographic documentary photograph.;206;220;206;220
